pdf_page,department,degree,sr_no,roll_no,registration_no,name,result_status,sgpa,cgpa,failing_subjects
1,Management Sciences,Associate Degree in Business Administration,1,25012420-002,2503421142431,MUTTAHAR ALI S/o ABDUL REHMAN,Promoted,2.43,2.64,
1,Management Sciences,Associate Degree in Business Administration,2,25012420-003,2503421142432,ALI HASSAN S/o ABDUL MAJEED,Promoted,2.47,2.64,
1,Management Sciences,Associate Degree in Business Administration,3,25012420-004,2503421142433,TAHA SHIRAZ S/o SHIRAZ MEHMOOD,Promoted,2.79,2.67,
1,Management Sciences,Associate Degree in Business Administration,4,25012420-005,2503421142434,AHMED ALI S/o MUHAMMAD ARIF,Promoted,2.82,2.79,
1,Management Sciences,Associate Degree in Business Administration,5,25012420-006,2503421142435,AZHAR ALI S/o LIAQAT ALI,Promoted,2.49,2.2,
1,Management Sciences,Associate Degree in Business Administration,6,25012420-007,2503421142436,ABDULLAH S/o MUHAMMAD NAEEM,Promoted,1.7,1.65,MGT-327
1,Management Sciences,Associate Degree in Business Administration,7,25012420-008,2503421142437,TALHA KASHIF S/o KASHIF KARAMAT,Promoted,2.31,2.12,
1,Management Sciences,Associate Degree in Business Administration,8,25012420-009,2503421142438,TEHRIS S/o AKHTAR ABBAS,Promoted,2.19,2.08,
1,Management Sciences,Associate Degree in Business Administration,9,25012420-010,2503421142439,ALI HASSAN S/o ALTAF HUSSAIN,Promoted,3.38,3.18,
1,Management Sciences,Associate Degree in Business Administration,10,25012420-012,2503421142441,NOMAN HAIDER S/o TARIQ MEHMOOD,Promoted,3.11,3.03,
1,Management Sciences,Associate Degree in Business Administration,11,25012420-013,2503421142442,ABDULLAH SHARIF S/o AMJAD ALI,Promoted,2.51,2.43,MGT-328
2,Management Sciences,Bachelor of Business Administration,1,20030920-037,20034220062,Hashim Naseer S/o Muhammad Ahsan,Promoted,1.5,2.34,
2,Management Sciences,Bachelor of Business Administration,2,20030920-043,20034220068,Salman Saeed S/o Malik Muhammad Saeed,Promoted,2.5,2.18,
3,Management Sciences,Bachelor of Business Administration,1,20032120-034,20034220122,USMAN MUSHTAQ S/o MUHAMMAD MUSHTAQ,Promoted,3.01,,
4,Management Sciences,Bachelor of Business Administration,1,21030920-055,21034220295,MOMINA SHAKEEL D/o SHAKEEL LATIF,Promoted,3.7,2.51,
5,Management Sciences,Bachelor of Business Administration,1,21830920-018,21034220291,SULTAN AHMAD S/o SAJJAD AHMED,Promoted,3.0,2.75,
6,Management Sciences,Bachelor of Business Administration,1,22030920-002,22034220161,Muhammad Asad S/o MUHAMMAD ASHRAF,Promoted,3.14,2.85,
6,Management Sciences,Bachelor of Business Administration,2,22030920-003,22034220162,ZAIN ABBAS S/o GHULAM ABBAS,Promoted,3.14,2.96,
6,Management Sciences,Bachelor of Business Administration,3,22030920-007,22034220166,Abdul Rehman S/o Muhammad Aslam,Promoted,3.7,3.17,
6,Management Sciences,Bachelor of Business Administration,4,22030920-011,22034220170,Syed Ebad ur Rehman S/o Sohail Iqbal,Promoted,3.18,3.06,
6,Management Sciences,Bachelor of Business Administration,5,22030920-012,22034220171,Touseef Ahmad S/o Naseer Ahmad,Promoted,2.34,2.56,
6,Management Sciences,Bachelor of Business Administration,6,22030920-014,22034220173,Muhammad Omair S/o Muhammad Fayyaz,Promoted,3.08,2.62,
6,Management Sciences,Bachelor of Business Administration,7,22030920-017,22034220176,Farhan Ali S/o Ghulam Mustafa,Promoted,3.27,2.73,
6,Management Sciences,Bachelor of Business Administration,8,22030920-018,22002220178,Laiba D/o Sajjad Mustafa,Promoted,3.94,3.72,
6,Management Sciences,Bachelor of Business Administration,9,22030920-019,22034220179,Hadia Shabir D/o Muhammad Shabir,Promoted,3.36,3.15,
6,Management Sciences,Bachelor of Business Administration,10,22030920-020,22034220180,Zainab D/o Abdul Ghafoor,Promoted,3.56,3.07,
6,Management Sciences,Bachelor of Business Administration,11,22030920-021,22034220181,Sidra D/o Muhammad Azam,Promoted,3.56,3.1,
6,Management Sciences,Bachelor of Business Administration,12,22030920-022,22034220182,Ayesha Shahzad D/o Shahzad Younas,Promoted,3.36,3.3,
6,Management Sciences,Bachelor of Business Administration,13,22030920-023,22034220183,Tayyaba Rani D/o Muhammad Sarwar,Promoted,3.48,3.16,
6,Management Sciences,Bachelor of Business Administration,14,22030920-024,22034220184,Tasnim Riaz D/o Muhammad Riaz,Promoted,3.64,3.36,
6,Management Sciences,Bachelor of Business Administration,15,22030920-025,22034220185,Ayesha Rani D/o Arif Hussain,Promoted,3.94,3.56,
6,Management Sciences,Bachelor of Business Administration,16,22030920-026,22034220186,Anam D/o Muhammad Younas,Promoted,2.9,3.1,
6,Management Sciences,Bachelor of Business Administration,17,22030920-027,22034220187,Nisha Shahzadi D/o Tanveer Abas,Promoted,3.48,2.78,
6,Management Sciences,Bachelor of Business Administration,18,22030920-028,22034220191,Sarisa D/o Salman Butt,Promoted,3.48,3.32,
6,Management Sciences,Bachelor of Business Administration,19,22030920-029,22034220192,Fatima Amjad D/o Amjad Aziz,Promoted,3.46,2.88,
6,Management Sciences,Bachelor of Business Administration,20,22030920-030,22034220193,Sadaf Ashfaq D/o Muhammad Ashfaq,Promoted,3.08,2.99,
6,Management Sciences,Bachelor of Business Administration,21,22030920-031,22034220194,Maham D/o Usman Butt,Promoted,3.44,2.79,
6,Management Sciences,Bachelor of Business Administration,22,22030920-032,22024220195,Andleeb D/o Saghir ul Haq,Promoted,2.98,2.69,
6,Management Sciences,Bachelor of Business Administration,23,22030920-034,22034220197,Soha Hanif D/o Muhammad Hanif,Promoted,3.23,2.36,
6,Management Sciences,Bachelor of Business Administration,24,22030920-036,22034220199,Abdullah Ali S/o Ali Imran,Promoted,3.54,3.27,
6,Management Sciences,Bachelor of Business Administration,25,22030920-038,22034220201,Rajab Ali S/o Saleem Akhtar,Promoted,3.08,2.9,
6,Management Sciences,Bachelor of Business Administration,26,22030920-041,22034220204,Daniya Sohail D/o Rashid Sohail,Promoted,3.94,3.7,
6,Management Sciences,Bachelor of Business Administration,27,22030920-042,22034220205,Saher D/o Muhammad Khalil,Promoted,3.94,3.66,
6,Management Sciences,Bachelor of Business Administration,28,22030920-044,22034220211,Faizan Butt S/o Atiq ur Rehman Butt,Promoted,2.77,2.36,
6,Management Sciences,Bachelor of Business Administration,29,22030920-047,22034220214,Muhammad Ramzan S/o Muhammad Boota,Promoted,2.94,2.76,
6,Management Sciences,Bachelor of Business Administration,30,22030920-049,22034220216,Meerab Fatima D/o Muhammad Hanif,Promoted,3.3,2.58,
6,Management Sciences,Bachelor of Business Administration,31,22030920-053,22034220220,Areeba Hafeez D/o Hafeez Ahmad,Promoted,3.52,3.04,
6,Management Sciences,Bachelor of Business Administration,32,22030920-054,22034220221,Danish Naseer S/o Naseer Ahmad,Promoted,3.08,2.67,
6,Management Sciences,Bachelor of Business Administration,33,22030920-055,22017220222,Komal Fazal D/o Muhammad Fazal,Promoted,3.68,3.11,
7,Management Sciences,Bachelor of Business Administration,1,22850920-003,22034220165,Umair Hussain S/o Arshad Ali,Promoted,3.2,2.55,
7,Management Sciences,Bachelor of Business Administration,2,22850920-016,22034220167,Muhammad Ali S/o Amjad Farooq,Promoted,2.29,2.38,MGT-420
8,Management Sciences,Bachelor of Business Administration,1,23040920-002,23034220263,MUNEEBA QASIM D/o QASIM ALI,Promoted,3.7,3.14,
8,Management Sciences,Bachelor of Business Administration,2,23040920-003,23034220264,ARHAMA AKHTAR D/o MUHAMMAD AKHTAR,Promoted,3.78,3.62,
8,Management Sciences,Bachelor of Business Administration,3,23040920-004,23034220265,FAIZAN ABBAS S/o ABBAS ALI,Promoted,3.55,3.02,
8,Management Sciences,Bachelor of Business Administration,4,23040920-006,23034220267,EMAN FATIMA D/o ZULFIQAR ALI QAMAR,Promoted,3.7,3.4,
8,Management Sciences,Bachelor of Business Administration,5,23040920-007,23034220268,ZULQARNAIN ALI S/o NAZAKAT ALI JAFRI,Promoted,3.33,2.74,
8,Management Sciences,Bachelor of Business Administration,6,23040920-008,23034220269,MUHAMMAD ABDULLAH S/o CH FAIZ AHMED,Promoted,3.18,2.7,
8,Management Sciences,Bachelor of Business Administration,7,23040920-010,23034220271,ALI HASSAN S/o ABDUL RASHEED,Promoted,3.7,3.38,
8,Management Sciences,Bachelor of Business Administration,8,23040920-013,23034220274,MINAHAL BATOOL D/o TASADAQ HUSSAIN HAMAYUN,Promoted,3.85,3.38,
8,Management Sciences,Bachelor of Business Administration,9,23040920-014,23034220275,ASIF MASIH S/o MEHMOOD MASIH,Promoted,3.28,2.65,
8,Management Sciences,Bachelor of Business Administration,10,23040920-016,23034220277,MUHAMMAD ALI S/o FOUZI MUHAMMAD,Promoted,3.7,3.23,
8,Management Sciences,Bachelor of Business Administration,11,23040920-019,23034220280,AFNAN AHMED S/o JAMSHAID AHMED,Promoted,3.18,2.61,
8,Management Sciences,Bachelor of Business Administration,12,23040920-020,23034220281,SANA D/o LIAQUAT MASIH,Promoted,3.33,2.87,
8,Management Sciences,Bachelor of Business Administration,13,23040920-021,23034220282,KHAWAJA FARAS NAEEM S/o KHAWAJA NAEEM IHSAN,Promoted,3.7,3.43,
8,Management Sciences,Bachelor of Business Administration,14,23040920-022,23034220283,MUHAMMAD HASSAN RIZWAN S/o MUHAMMAD RIZWAN LATIF,Promoted,3.78,3.31,
8,Management Sciences,Bachelor of Business Administration,15,23040920-024,23034220285,SANAHA D/o GULZAR MASIH,Promoted,3.7,3.11,
8,Management Sciences,Bachelor of Business Administration,16,23040920-025,23034220286,AIMAN SAJID D/o SAJID HUSSAIN,Promoted,3.7,3.32,
8,Management Sciences,Bachelor of Business Administration,17,23040920-027,23034220288,HANNAN AFZAL S/o MOHAMMAD AFZAL,Promoted,3.63,3.02,
8,Management Sciences,Bachelor of Business Administration,18,23040920-028,23034220289,MOMINA ASLAM D/o MUHAMMAD ASLAM,Promoted,3.45,3.07,
8,Management Sciences,Bachelor of Business Administration,19,23040920-029,23034220290,MARYUM WARIS D/o MUHAMMAD WARIS,Promoted,3.35,2.48,
8,Management Sciences,Bachelor of Business Administration,20,23040920-030,23034220291,ABDULLAH SHAHID S/o SHAHID NADEEM,Promoted,3.63,2.74,
8,Management Sciences,Bachelor of Business Administration,21,23040920-031,23034220292,MUHAMMAD BIN SHAHZAD S/o MUHAMMAD SHAHZAD,Promoted,3.7,3.02,
8,Management Sciences,Bachelor of Business Administration,22,23040920-032,23034220293,FATIMA NADEEM D/o NADEEM,Promoted,3.38,2.76,
8,Management Sciences,Bachelor of Business Administration,23,23040920-033,23034220294,AREEJ FATIMA D/o NAVEED TALIB,Promoted,3.45,2.85,
8,Management Sciences,Bachelor of Business Administration,24,23040920-034,23034220295,SAWAN BUTT S/o MUHAMMAD ASLAM BUTT,Promoted,3.38,2.97,
8,Management Sciences,Bachelor of Business Administration,25,23040920-035,23034220296,HAMZA ASHRAF S/o MUHAMMAD ASHRAF,Promoted,3.63,3.02,
8,Management Sciences,Bachelor of Business Administration,26,23040920-036,23034220297,MOAZMA NOOR D/o MUHAMMAD ASIF,Promoted,2.88,2.64,
8,Management Sciences,Bachelor of Business Administration,27,23040920-039,23034220300,HAMMAD IJAZ S/o IJAZ AHMED,Promoted,3.38,2.63,
8,Management Sciences,Bachelor of Business Administration,28,23040920-040,23034220301,LAIBA D/o MUHAMMAD ANWAR,Promoted,3.7,2.75,
8,Management Sciences,Bachelor of Business Administration,29,23040920-041,23034220302,ABU BAKAR S/o MUHAMMAD AKHTAR,Promoted,2.78,2.29,
8,Management Sciences,Bachelor of Business Administration,30,23040920-044,23034220305,IMAN WASEEM D/o MUHAMMAD WASEEM,Promoted,3.6,2.83,
8,Management Sciences,Bachelor of Business Administration,31,23040920-045,23034220306,ASAD ALI S/o LIAQAT ALI,Promoted,3.53,2.82,
8,Management Sciences,Bachelor of Business Administration,32,23040920-046,23034220307,HATIM AHMAD S/o SHAHZAD AHMAD,Promoted,3.33,2.54,
8,Management Sciences,Bachelor of Business Administration,33,23040920-049,23034220310,SHEKINAH ARIF D/o ARIF MASIH,Promoted,3.62,2.7,
9,Management Sciences,Bachelor of Business Administration,1,23870920-013,23034220309,ABDULLAH RAZA S/o RAZA IFTIKHAR,Promoted,2.88,2.27,
9,Management Sciences,Bachelor of Business Administration,2,23870920-014,23034220311,MUHAMMAD AHMAD S/o ABDUL HAMEED,Dropped,0.0,1.27,"GE-102, MGT-426, MGT-434, MGT-521, MGT-522, MKT-521, MKT-522"
10,Management Sciences,Bachelor of Business Administration,1,24040920-002,24034220189,MUHAMMAD AMEEN GHAZI S/o SHEIKH ILYAS AHMAD,Promoted,3.88,3.63,
10,Management Sciences,Bachelor of Business Administration,2,24040920-003,24034220190,UMME HABIBA D/o IMRAN AZAM,Promoted,3.51,3.16,
10,Management Sciences,Bachelor of Business Administration,3,24040920-005,24118220192,MUHAMMAD AHMED S/o SADHEER HUSSAIN,Promoted,3.24,2.98,
10,Management Sciences,Bachelor of Business Administration,4,24040920-006,24034220193,SAHIL HAMEED S/o ABDUL HAMEED,Promoted,3.18,2.45,
10,Management Sciences,Bachelor of Business Administration,5,24040920-007,24034220194,ALEENA IMRAN D/o MUHAMMAD IMRAN,Promoted,3.89,3.68,
10,Management Sciences,Bachelor of Business Administration,6,24040920-008,24034220195,HAFSA ASIM D/o MUHAMMAD ASIM,Promoted,3.52,2.91,
10,Management Sciences,Bachelor of Business Administration,7,24040920-009,24034220196,KHADIJA ASIM D/o MUHAMM ASIM,Promoted,3.58,3.02,
10,Management Sciences,Bachelor of Business Administration,8,24040920-010,24034220197,MUHAMMAD AYAN AMJAD S/o MUHAMMAD AMJAD NAYYER,Promoted,3.79,3.41,
10,Management Sciences,Bachelor of Business Administration,9,24040920-013,24034220200,MUHAMMAD AHMED S/o MAQBOOL HUSSAIN,Promoted,3.39,2.72,
10,Management Sciences,Bachelor of Business Administration,10,24040920-014,24034220201,AQSA KANWAL D/o MUHAMMAD WARIS,Promoted,3.54,3.41,
10,Management Sciences,Bachelor of Business Administration,11,24040920-015,24034220202,FAIZAN FAISAL S/o FAISAL JAMIL,Promoted,3.49,2.95,
10,Management Sciences,Bachelor of Business Administration,12,24040920-017,24034220204,FIZA D/o MUHAMMAD PERVAIZ,Promoted,3.49,3.25,
10,Management Sciences,Bachelor of Business Administration,13,24040920-018,24034220205,MARYAM D/o MUBARIK ALI,Promoted,3.62,3.61,
10,Management Sciences,Bachelor of Business Administration,14,24040920-019,24034220206,MIRZA DANISH MUSHTAQ S/o MUHAMMAD MUSHTAQ,Promoted,2.79,2.84,
10,Management Sciences,Bachelor of Business Administration,15,24040920-021,24034220208,ZAINAB D/o MUHAMMAD SAEED,Promoted,3.79,3.25,
10,Management Sciences,Bachelor of Business Administration,16,24040920-023,24034220210,MUHAMMAD AWAIS S/o MUHAMMAD ASHRAF,Promoted,3.45,3.12,
10,Management Sciences,Bachelor of Business Administration,17,24040920-024,24034220211,HANZLA ADNAN S/o ADNAN IQBAL CHEEMA,Promoted,2.89,2.61,
10,Management Sciences,Bachelor of Business Administration,18,24040920-025,24034220212,MAHRUKH D/o AZHAR CHISHTI,Promoted,3.37,2.92,
10,Management Sciences,Bachelor of Business Administration,19,24040920-026,24034220213,SWEEBA FATIMA D/o SHAHZAD MUHAMMAD ARSHAD,Promoted,3.61,2.97,
10,Management Sciences,Bachelor of Business Administration,20,24040920-027,24034220214,RAZIA YOUNAS D/o MUHAMMADN YOUNAS,Promoted,3.63,3.36,
10,Management Sciences,Bachelor of Business Administration,21,24040920-028,24034220215,MUHAMMAD HASAN S/o AHMED SOHAIL,Promoted,3.56,3.25,
10,Management Sciences,Bachelor of Business Administration,22,24040920-029,24034220216,SHIFA IMRAN D/o IMRAN AHMED,Promoted,3.68,3.38,
10,Management Sciences,Bachelor of Business Administration,23,24040920-030,24034220217,MAHNOOR D/o MUHAMMAD AMIR,Promoted,3.59,3.16,
10,Management Sciences,Bachelor of Business Administration,24,24040920-032,24034220219,AYEZA ANWAR D/o MUHAMMAD ANWAR,Promoted,3.56,3.12,
10,Management Sciences,Bachelor of Business Administration,25,24040920-033,24034220220,LAIBA AFZAL D/o MUHAMMAD AFZAL,Promoted,3.54,3.02,
10,Management Sciences,Bachelor of Business Administration,26,24040920-035,24034220222,MAHAR MANZER D/o MANZER IQBAL,Promoted,3.31,2.8,
10,Management Sciences,Bachelor of Business Administration,27,24040920-036,24034220223,MOHSIN ABDULLAH S/o JAMSHAID MEHMOOD,Promoted,3.06,2.47,
10,Management Sciences,Bachelor of Business Administration,28,24040920-037,24034220224,QASIM ALI S/o SADAQAT ALI,Promoted,3.46,2.91,
10,Management Sciences,Bachelor of Business Administration,29,24040920-038,24034220225,SHAIZAR NAEEM D/o MUHAMMAD NAEEM,Promoted,3.52,3.06,
10,Management Sciences,Bachelor of Business Administration,30,24040920-039,24034220226,MUHAMMAD HASEEB TAHIR S/o MUHAMMAD TAHIR,Promoted,3.27,2.79,
10,Management Sciences,Bachelor of Business Administration,31,24040920-040,24034220227,MAHAM D/o ADEEL AHMAD,Promoted,3.54,3.05,
10,Management Sciences,Bachelor of Business Administration,32,24040920-041,24034220229,MUHAMMAD SAAD KAMRAN S/o MUHAMMAD KAMRAN AFZAL,Promoted,3.54,2.79,
10,Management Sciences,Bachelor of Business Administration,33,24040920-042,24034220230,UMRA FALAK D/o ABDUL MAJEED,Promoted,3.38,2.9,
10,Management Sciences,Bachelor of Business Administration,34,24040920-043,24034220231,ABU SUFYAN S/o MUHAMMAD AMJAD,Promoted,3.26,2.5,
10,Management Sciences,Bachelor of Business Administration,35,24040920-045,24034220233,MUNEEB HAMEED S/o ABDUL HAMEED,Promoted,3.27,2.55,
10,Management Sciences,Bachelor of Business Administration,36,24040920-046,24034220234,LUBNA JAMEEL D/o MUHAMMAD JAMEEL BHATTI,Promoted,3.19,2.61,
10,Management Sciences,Bachelor of Business Administration,37,24040920-047,24034220235,HIRA SIDDIQUE D/o MUHAMMAD SIDDIQUE,Promoted,3.38,3.04,
10,Management Sciences,Bachelor of Business Administration,38,24040920-048,24034220236,AMNA KHALIL D/o KHALIL ANWAR,Promoted,3.66,2.96,
10,Management Sciences,Bachelor of Business Administration,39,24040920-049,24034220237,KINZA BATOOL D/o SYED ALI ZAHID RIZI,Promoted,3.38,2.73,
10,Management Sciences,Bachelor of Business Administration,40,24040920-050,24034220271,HUZAIFA NASEER S/o MUHAMMAD NASEER,Promoted,3.49,2.98,
10,Management Sciences,Bachelor of Business Administration,41,24040920-052,24034220273,TALHA JAVED S/o MUHAMMAD JAVED,Promoted,3.49,2.67,
10,Management Sciences,Bachelor of Business Administration,42,24040920-053,24034220274,SAJID ALEEM KHAN S/o ASIF MASIH,Promoted,3.54,2.72,
10,Management Sciences,Bachelor of Business Administration,43,24040920-054,24034220290,AYESHA ASLAM D/o MUHAMMAD ASLAM AWAN,Promoted,3.79,3.23,
10,Management Sciences,Bachelor of Business Administration,44,24040920-055,24034220291,MUHAMMAD FARAZ NAZAKAT S/o NAZAKAT ALI SULEHRI,Promoted,3.44,2.85,
12,Management Sciences,Bachelor of Business Administration,1,25140920-001,25034220482,MEHAK HAMEED D/o ABDUL HAMEED,Promoted,3.88,3.87,
12,Management Sciences,Bachelor of Business Administration,2,25140920-002,25034220483,UMME AMARA D/o MUHAMMAD ARSHAD,Promoted,3.78,3.78,
12,Management Sciences,Bachelor of Business Administration,3,25140920-003,25034220484,TALHA S/o SAFDAR ALI,Promoted,1.98,2.41,MGT-324
12,Management Sciences,Bachelor of Business Administration,4,25140920-004,25034220485,HIBA MUBASHER D/o MUBASHER ALI,Promoted,3.57,3.73,
12,Management Sciences,Bachelor of Business Administration,5,25140920-005,25034220486,EISHA ZAINAB D/o MUHAMMAD ASHIQ,Promoted,3.68,3.66,
12,Management Sciences,Bachelor of Business Administration,6,25140920-007,25034220488,LAIBA D/o SHAHID SALEEM,Promoted,3.42,3.51,
12,Management Sciences,Bachelor of Business Administration,7,25140920-008,25034220489,MUHEEB YASEEN S/o MUHAMMAD YASEEN,Promoted,2.96,3.13,
12,Management Sciences,Bachelor of Business Administration,8,25140920-009,25034220490,NOOR EMAN D/o MUHAMMAD AKRAM,Promoted,3.56,3.45,
12,Management Sciences,Bachelor of Business Administration,9,25140920-010,25034220491,SAHAR ZAINAB D/o SHAHZAD RIAZ,Promoted,3.21,3.16,
12,Management Sciences,Bachelor of Business Administration,10,25140920-011,25034220492,SAHER JAMIL D/o JAMIL AHMED,Promoted,2.88,2.84,
12,Management Sciences,Bachelor of Business Administration,11,25140920-012,25034220493,AMMAR MEHMOOD S/o QAISER MEHMOOD,Promoted,3.69,3.74,
12,Management Sciences,Bachelor of Business Administration,12,25140920-013,25034220494,ZAIN UL ABAIDEEN S/o ISHFAQ KHAN,Promoted,2.81,2.5,GE-202
12,Management Sciences,Bachelor of Business Administration,13,25140920-015,25034220496,RANA JUNAID AKHTAR S/o AKHTAR HUSSAIN,Promoted,3.11,3.32,
12,Management Sciences,Bachelor of Business Administration,14,25140920-016,25034220497,ZOHRA SHAHBAZ D/o SHAHBAZ QASIM,Promoted,3.84,3.91,
12,Management Sciences,Bachelor of Business Administration,15,25140920-017,25034220498,SUBHAN AHMED S/o IFTIKHAR AHMED,Promoted,3.54,3.71,
12,Management Sciences,Bachelor of Business Administration,16,25140920-019,25034220500,NOUMAN RIZWAN S/o RIZWAN SALEEM,Promoted,3.43,3.56,
12,Management Sciences,Bachelor of Business Administration,17,25140920-020,25034220501,ZAINAB D/o SHAHID IMRAN,Promoted,3.43,3.66,
12,Management Sciences,Bachelor of Business Administration,18,25140920-021,25034220502,MEERAB SAJJAD D/o SAJJAD MASIH,Promoted,2.91,3.26,
12,Management Sciences,Bachelor of Business Administration,19,25140920-022,25034220503,HUNIA FATIMA D/o MUHAMMAD IQBAL,Promoted,2.51,2.94,GE-205
12,Management Sciences,Bachelor of Business Administration,20,25140920-023,25034220504,MUHAMMAD ZAIN UL ABADEEN S/o MALIK TALIB HUSSAIN AWAN,Promoted,3.38,3.42,
12,Management Sciences,Bachelor of Business Administration,21,25140920-024,25034220505,MASOOMA KANEEZ D/o GHULAM SHABIR,Promoted,3.72,3.79,
12,Management Sciences,Bachelor of Business Administration,22,25140920-025,25034220506,MARYEM ADNAN D/o ADNAN HAMEED,Promoted,3.81,3.88,
12,Management Sciences,Bachelor of Business Administration,23,25140920-026,25034220507,ZAIN ALI S/o MUHAMMAD RIAZ,Promoted,3.74,3.87,
12,Management Sciences,Bachelor of Business Administration,24,25140920-027,25034220508,MUHAMMAD QASIM SHAHZAD S/o AMANAT ALI,Promoted,3.07,3.33,
12,Management Sciences,Bachelor of Business Administration,25,25140920-028,25034220509,EISHA RIAZ D/o MUHAMMAD RIAZ BAJWA,Promoted,2.92,2.97,
12,Management Sciences,Bachelor of Business Administration,26,25140920-029,25034220510,MUHAMMAD SHABAN ALI S/o SHEHBAZ ALI,Promoted,3.51,3.68,
12,Management Sciences,Bachelor of Business Administration,27,25140920-030,25034220511,LAIBA YASMEEN D/o MUHAMMAD PERVAIZ,Promoted,3.64,3.79,
12,Management Sciences,Bachelor of Business Administration,28,25140920-031,25034220512,BISMA SHABBIR D/o MUHAMMAD SHABBIR,Promoted,3.15,3.25,
12,Management Sciences,Bachelor of Business Administration,29,25140920-032,25034220513,MUHAMMAD NOFAL KHAN S/o NAVEED SHAHZAD KHAN,Promoted,3.62,3.69,
12,Management Sciences,Bachelor of Business Administration,30,25140920-033,25034220514,HIRA NADEEM D/o NADEEM IQBAL,Promoted,3.77,3.72,
12,Management Sciences,Bachelor of Business Administration,31,25140920-034,25034220515,RIMSHA ZAKI D/o MUHAMMAD RIAZ,Promoted,3.36,3.34,
12,Management Sciences,Bachelor of Business Administration,32,25140920-035,25034220516,HASSAN RIZVI S/o HUSSNAIN RIZVI,Promoted,3.67,3.74,
12,Management Sciences,Bachelor of Business Administration,33,25140920-036,25034220517,MUSKAN SHAHBAZ D/o MUHAMMAD SHAHBAZ,Promoted,3.11,3.39,
12,Management Sciences,Bachelor of Business Administration,34,25140920-037,25034220518,MUHAMMAD UZAIR S/o SHAHID MEHMOOD,Promoted,3.29,3.19,
12,Management Sciences,Bachelor of Business Administration,35,25140920-039,25034220520,HASEEB SHAFI S/o MUHAMMAD FIAZ,Promoted,2.76,2.91,MGT-328
12,Management Sciences,Bachelor of Business Administration,36,25140920-041,25034220522,SHAMEER KHOKHAR S/o SHAMOON MASIH,Promoted,2.99,3.16,
12,Management Sciences,Bachelor of Business Administration,37,25140920-042,25034220523,MUHAMMAD MUGHAL S/o MUHAMMAD QASIM,Promoted,3.65,3.71,
12,Management Sciences,Bachelor of Business Administration,38,25140920-043,25034220524,FAIQA D/o RASHEED AHMED,Promoted,3.84,3.73,
12,Management Sciences,Bachelor of Business Administration,39,25140920-045,25034220526,SABA MUJAHID D/o MUJAHID ALI,Promoted,3.01,3.12,
12,Management Sciences,Bachelor of Business Administration,40,25140920-046,25034220527,HASSAN SAJJAD BHALLI S/o SAJJAD AHMAD,Promoted,3.49,3.65,
12,Management Sciences,Bachelor of Business Administration,41,25140920-047,25034220528,DAUD ASLAM S/o MUHAMMAD ASLAM,Promoted,3.76,3.56,
12,Management Sciences,Bachelor of Business Administration,42,25140920-048,25034220529,MOMNA BIBI D/o MUHAMMAD YOUSAF,Promoted,3.28,3.31,
12,Management Sciences,Bachelor of Business Administration,43,25140920-049,25034220530,ZAINAB SALEEM D/o MUHAMMAD SALEEM,Promoted,3.36,3.47,
12,Management Sciences,Bachelor of Business Administration,44,25140920-050,25034220531,ABDUL HADI TANVEER YOUNAS S/o TANVEER YOUNAS,Promoted,3.82,3.62,
12,Management Sciences,Bachelor of Business Administration,45,25140920-051,25034220532,ABDULLAH RASHEED S/o RASHEED AHMAD,Promoted,3.79,3.7,
12,Management Sciences,Bachelor of Business Administration,46,25140920-052,25034220533,HASEEB HUSSNAIN S/o HUSNAIN ABBAS,Promoted,3.78,3.68,
12,Management Sciences,Bachelor of Business Administration,47,25140920-053,25034220534,ZAINAB D/o ABDUL REHMAN SHEIKH,Promoted,3.36,3.53,
12,Management Sciences,Bachelor of Business Administration,48,25140920-054,25034220535,MUHAMMAD AFAQ HASSAN S/o MUHAMMAD AFZAL,Promoted,3.24,3.33,
13,Management Sciences,Bachelor of Business Administration,49,25140920-055,25034220536,AMNA D/o NAEEM YOUSAF,Promoted,3.11,3.18,
13,Management Sciences,Bachelor of Business Administration,50,25140920-056,25034220537,MUNEEB NASIR S/o NASIR TOQEER,Promoted,2.41,2.49,
13,Management Sciences,Bachelor of Business Administration,51,25140920-057,25034220538,ASAD ALI S/o MUHAMMAD AMEEN,Promoted,1.49,2.06,"GE-202, GE-205, MGT-328"
13,Management Sciences,Bachelor of Business Administration,52,25140920-058,25034220539,MUHAMMAD HANZALA S/o JAVED KHALID,Promoted,2.64,2.71,
13,Management Sciences,Bachelor of Business Administration,53,25140920-059,25034220540,ABDUL REHMAN S/o HAFIZ TASSADAQ HUSSAIN,Promoted,3.31,3.07,
13,Management Sciences,Bachelor of Business Administration,54,25140920-060,25034220541,SANA D/o MUHAMMAD WAHEED,Promoted,3.58,3.26,
13,Management Sciences,Bachelor of Business Administration,55,25140920-061,25034220542,AHMED RAZA S/o MAJEED HUSSAIN,Promoted,3.09,3.3,
13,Management Sciences,Bachelor of Business Administration,56,25140920-062,25034220543,RAJAL EMANUAL S/o SHAKEEL EMANUAL,Promoted,2.53,2.85,
13,Management Sciences,Bachelor of Business Administration,57,25140920-063,25034220544,FATIMA FIZA D/o MUHAMMAD SHAFIQ,Promoted,2.43,2.73,
13,Management Sciences,Bachelor of Business Administration,58,25140920-066,25034220547,MUHAMMAD ALI S/o MAJID HUSSAIN,Promoted,2.48,2.34,
13,Management Sciences,Bachelor of Business Administration,59,25140920-067,25034220548,MUHAMMAD HUZAIFA S/o SOHAIL AHMED,Promoted,2.26,2.1,GE-205
13,Management Sciences,Bachelor of Business Administration,60,25140920-068,25034220549,SHERAZ ALI S/o SHAHZAD ALI,Promoted,2.54,2.49,GE-205
13,Management Sciences,Bachelor of Business Administration,61,25140920-069,25034220550,USMAN SHOUKAT S/o SHOUKAT ALI,Promoted,2.2,2.39,GE-205
13,Management Sciences,Bachelor of Business Administration,62,25140920-070,25034220551,SYED ABDULLAH GILLANI S/o SYED SHAKEEL AHMED,Promoted,2.76,2.64,
14,Management Sciences,Bachelor of Business Administration,1,22022120-001,22034220223,Sehar D/o Muhammad Qadeer,Promoted,3.57,2.99,
14,Management Sciences,Bachelor of Business Administration,2,22022120-002,22034220224,Momina D/o Muhammad Ashraf,Promoted,1.4,2.52,"HRM-438, MGT-406, MGT-420"
14,Management Sciences,Bachelor of Business Administration,3,22022120-003,22034220225,Nabeel Haider S/o Muhammad Aslam,Promoted,2.93,2.56,
14,Management Sciences,Bachelor of Business Administration,4,22022120-004,22034220226,Hina D/o Muhammad Ejaz Minhas,Promoted,3.18,2.68,
14,Management Sciences,Bachelor of Business Administration,5,22022120-005,22034220227,Hamna Batool D/o Malik Tahir Abdullah,Promoted,2.6,2.49,MGT-406
14,Management Sciences,Bachelor of Business Administration,6,22022120-006,22034220228,Muneeb ur Rehman S/o Iftikhar Ali,Promoted,3.28,2.71,
14,Management Sciences,Bachelor of Business Administration,7,22022120-014,22034220236,Minahil Naseer D/o Naseer Ahmad,Promoted,3.76,3.32,
14,Management Sciences,Bachelor of Business Administration,8,22022120-016,22034220238,Muhammad Abu Zar S/o Shamas Din,Promoted,3.41,3.08,
14,Management Sciences,Bachelor of Business Administration,9,22022120-018,22034220240,Noormah Tariq D/o Tariq Mehmood,Promoted,3.23,2.7,
14,Management Sciences,Bachelor of Business Administration,10,22022120-019,22034220241,Eman Qaiser D/o Qaiser Mehmood,Promoted,2.78,2.79,
14,Management Sciences,Bachelor of Business Administration,11,22022120-022,22034220244,Kainat D/o Muhammad Shehzad,Promoted,2.88,2.68,
14,Management Sciences,Bachelor of Business Administration,12,22022120-023,22034220245,Samia D/o Maqsood Ahmad,Promoted,2.83,2.28,
14,Management Sciences,Bachelor of Business Administration,13,22022120-024,22034220246,Eman Arshad D/o Muhammad Arshad Butt,Promoted,3.02,2.71,
14,Management Sciences,Bachelor of Business Administration,14,22022120-026,22034220248,Sajal Nawaz D/o Muhammad Nawaz,Promoted,3.64,3.4,
14,Management Sciences,Bachelor of Business Administration,15,22022120-027,22034220249,Abdullah Ahmed S/o Ijaz Ahmed,Promoted,2.61,2.13,
14,Management Sciences,Bachelor of Business Administration,16,22022120-028,22034220250,Zain ul Hassan S/o Muhammad Javid,Promoted,2.94,2.38,
14,Management Sciences,Bachelor of Business Administration,17,22022120-029,22034220251,Sajjal Shahbaz D/o Shahbaz Ahmed,Promoted,2.97,2.81,
14,Management Sciences,Bachelor of Business Administration,18,22022120-031,22034220253,Jamal Mujahid S/o Muhammad Mujahid,Promoted,2.72,2.67,MGT-406
14,Management Sciences,Bachelor of Business Administration,19,22022120-034,22034220256,Danish Yousaf S/o Yousaf,Promoted,3.08,2.61,
14,Management Sciences,Bachelor of Business Administration,20,22022120-036,22034220258,Ghulam Meera Zahid S/o Muhammad Zahid,Promoted,3.52,3.08,
14,Management Sciences,Bachelor of Business Administration,21,22022120-037,22034220259,RIDA SADDIQUE D/o Muhammad Saddique,Promoted,2.2,1.75,MGT-420
14,Management Sciences,Bachelor of Business Administration,22,22022120-038,22034220260,Muhammad Abu Bakar S/o Qaiser Mehmood Rana,Promoted,2.86,2.53,
14,Management Sciences,Bachelor of Business Administration,23,22022120-039,22034220261,Ashar Manzoor S/o Manzoor Ahmed,Promoted,2.77,2.22,
14,Management Sciences,Bachelor of Business Administration,24,22022120-041,22034220263,Fatima D/o Muhammad Asghar,Promoted,3.44,2.63,
14,Management Sciences,Bachelor of Business Administration,25,22022120-042,22034220264,Khizar Hayat S/o Javed Ghani,Promoted,2.84,1.95,
14,Management Sciences,Bachelor of Business Administration,26,22022120-043,22034220265,Abdul Qadeer S/o Shamas Parvaiz,Promoted,2.56,2.27,
14,Management Sciences,Bachelor of Business Administration,27,22022120-046,22034220268,Muhammad Hanzla Raheem S/o Abdul Raheem,Promoted,3.57,3.23,
14,Management Sciences,Bachelor of Business Administration,28,22022120-050,22034220272,Muhammad Kaleem S/o Muhammad Nadeem,Promoted,3.2,2.24,
14,Management Sciences,Bachelor of Business Administration,29,22022120-051,22034220273,Tabraiz Ali S/o Saif Ali Dar,Promoted,2.81,2.43,
15,Management Sciences,Bachelor of Business Administration,1,22822120-001,22034220231,Muhammad Abdullah S/o Arif Hussain,Promoted,2.5,1.98,MGT-406
15,Management Sciences,Bachelor of Business Administration,2,22822120-004,22034220235,Abdul Basit S/o Parvez Akhtar,Promoted,2.97,2.28,
15,Management Sciences,Bachelor of Business Administration,3,22822120-009,22034220255,Muhammad Kaif S/o Muhammad Ashraf,Promoted,2.59,2.25,MKT-432
15,Management Sciences,Bachelor of Business Administration,4,22822120-010,22034220257,Muhammad Saif S/o Amir Hussain,Promoted,2.96,2.56,
15,Management Sciences,Bachelor of Business Administration,5,22822120-013,22034220271,Talbiya Amer D/o Amer Shahzad,Promoted,2.21,2.33,MGT-406
16,Management Sciences,Bachelor of Business Administration,1,23012120-001,23034220316,FARUKH SUHAIL S/o JAHAN KHAN,Promoted,3.76,2.95,
16,Management Sciences,Bachelor of Business Administration,2,23012120-003,23034220318,NIMRA KASHIF D/o KASHIF ALI,Promoted,3.78,3.42,
16,Management Sciences,Bachelor of Business Administration,3,23012120-005,23034220320,RANA MUHAMMAD AHMED S/o MUHAMMAD AMJAD RANA,Promoted,3.2,2.21,
16,Management Sciences,Bachelor of Business Administration,4,23012120-006,23034220321,AIMAN ZAFAR D/o ZAFAR IQBAL,Promoted,3.63,2.89,
16,Management Sciences,Bachelor of Business Administration,5,23012120-007,23034220322,KINZA MANZOOR D/o MANZOOR AHMAD,Promoted,3.68,2.93,
16,Management Sciences,Bachelor of Business Administration,6,23012120-008,23034220323,FAIZAN AHMED S/o MUHAMMAD SAEED YOUSAF,Promoted,3.38,2.73,
16,Management Sciences,Bachelor of Business Administration,7,23012120-009,23034220324,MUHAMMAD SAMI S/o ABDUL MAJEED,Promoted,3.55,3.38,
16,Management Sciences,Bachelor of Business Administration,8,23012120-010,23034220325,SIBGHA SHAHZADI D/o TARIQ JAVID,Promoted,3.78,3.01,
16,Management Sciences,Bachelor of Business Administration,9,23012120-014,23034220329,JAVERIA D/o SHERAZI IJAZ,Promoted,3.45,3.05,
16,Management Sciences,Bachelor of Business Administration,10,23012120-019,23034220334,AREEBA D/o MUHAMMAD UMER,Promoted,3.53,2.78,
16,Management Sciences,Bachelor of Business Administration,11,23012120-020,23034220335,AHMED MURTAZA S/o ABDUL MAJID ANJUM,Promoted,3.07,2.18,
16,Management Sciences,Bachelor of Business Administration,12,23012120-025,23034220340,MUHAMMAD SHUJA S/o MUHAMMAD RIZWAN,Promoted,3.58,2.49,
16,Management Sciences,Bachelor of Business Administration,13,23012120-027,23034220342,SANA RIAZ D/o MUHAMMAD RIAZ,Promoted,3.3,2.53,
16,Management Sciences,Bachelor of Business Administration,14,23012120-028,23034220343,AYESHA D/o ILYAS BUTT,Promoted,3.63,3.28,
16,Management Sciences,Bachelor of Business Administration,15,23012120-029,23034220344,FOUZAN ADIL S/o NADEEM ADIL,Promoted,3.26,2.44,
16,Management Sciences,Bachelor of Business Administration,16,23012120-033,23034220348,SYED MUHAMMAD IBRAHIM S/o MUHAMMAD IJAZ UL HASSAN,Promoted,3.55,3.08,
16,Management Sciences,Bachelor of Business Administration,17,23012120-034,23034220349,SALMAN AMJAD S/o MUHAMMAD AMJAD,Promoted,3.24,2.57,
16,Management Sciences,Bachelor of Business Administration,18,23012120-043,23034220360,SALWA ARSHAD D/o MUHAMMAD ARSHAD,Promoted,3.75,3.36,
16,Management Sciences,Bachelor of Business Administration,19,23012120-044,23034220361,SUBHAN AHMED S/o ABDUL SATTAR,Promoted,3.7,3.33,
16,Management Sciences,Bachelor of Business Administration,20,23012120-045,23034220362,MUHAMMAD AWAIS S/o MUHAMMAD IDREES,Promoted,2.44,2.51,
16,Management Sciences,Bachelor of Business Administration,21,23012120-046,23034220363,MUHAMMAD SULTAN S/o KHALID PERVIZ,Promoted,2.68,2.29,MGT-426
16,Management Sciences,Bachelor of Business Administration,22,23012120-049,23034220366,ABDUL SHAHEER BUTT S/o ABDUL MAJEED BUTT,Promoted,3.1,2.81,
16,Management Sciences,Bachelor of Business Administration,23,23012120-055,23034220372,MAROOF AHMED S/o MUHAMMAD FAROOQ NAYK,Promoted,3.25,3.19,
17,Management Sciences,Bachelor of Business Administration,1,23812120-002,23034220336,AREEBA SOHAIL D/o SOHAIL AHMED,Promoted,3.3,2.3,
17,Management Sciences,Bachelor of Business Administration,2,23812120-004,23034220356,FAIZAN ALI S/o MUHAMMAD WARIS,Promoted,2.6,2.09,
17,Management Sciences,Bachelor of Business Administration,3,23812120-005,23034220364,TAHIR SHAKEEL S/o SHAKEEL AHMAD,Promoted,1.83,2.24,MGT-222
17,Management Sciences,Bachelor of Business Administration,4,23812120-007,23034220330,MUHAMMAD QASIM S/o AMANAT ALI,Promoted,2.84,2.62,
17,Management Sciences,Bachelor of Business Administration,5,23812120-008,23034220332,SULEMAN NASEEM S/o NASEEM MANZOOR,Promoted,3.18,1.97,
17,Management Sciences,Bachelor of Business Administration,6,23812120-009,23034220337,ZIL E REHMAN S/o ASIM NAZIR,Promoted,3.5,2.59,
17,Management Sciences,Bachelor of Business Administration,7,23812120-010,23034220355,YASHAWA S/o MASEEM MANZOOR,Promoted,2.64,1.89,
17,Management Sciences,Bachelor of Business Administration,8,23812120-014,23034220371,Mariyam Fatima D/o Malik Qamar Hussain,Promoted,2.54,1.91,
18,Management Sciences,Bachelor of Business Administration,1,24012120-001,24034220327,HAMMAD AHMED BUTT S/o AURANGZEB BUTT,Promoted,3.42,3.0,
18,Management Sciences,Bachelor of Business Administration,2,24012120-003,24034220330,ABU BAKAR S/o IFTIKHAR UL HAQ,Promoted,3.28,2.65,
18,Management Sciences,Bachelor of Business Administration,3,24012120-007,24034220334,MUHAMMAD MUNEEB S/o MUHAMMAD SALEEM,Promoted,2.95,2.58,
18,Management Sciences,Bachelor of Business Administration,4,24012120-008,24034220335,MUQADAS D/o MUHAMMAD AMIR,Promoted,3.61,3.11,
18,Management Sciences,Bachelor of Business Administration,5,24012120-009,24034220337,MUHAMMAD HUSNAIN ALI S/o TAHIR MAHMOOD,Promoted,3.51,3.12,
18,Management Sciences,Bachelor of Business Administration,6,24012120-010,24034220338,MUHAMMAD NOOR UL HAQ S/o ISLAM UL AHQ,Promoted,3.27,3.19,
18,Management Sciences,Bachelor of Business Administration,7,24012120-012,24034220340,ABDUL RAHEEM S/o MUHAMMAD NAEEM,Promoted,3.5,3.2,
18,Management Sciences,Bachelor of Business Administration,8,24012120-013,24034220378,GHULAM DASTAGIR S/o MUHAMMAD ALI KHAN LODHI,Promoted,3.57,3.57,
18,Management Sciences,Bachelor of Business Administration,9,24012120-014,24024220379,UMAIR KHALID S/o MUHAMMAD KHALID,Promoted,3.53,3.05,
18,Management Sciences,Bachelor of Business Administration,10,24012120-017,24034220382,KAINAT D/o HAMAYOON,Promoted,3.23,3.15,
18,Management Sciences,Bachelor of Business Administration,11,24012120-018,24034220383,SHAHMIR BUTT S/o MUHAMMAD NAWAZ,Promoted,3.19,2.95,
18,Management Sciences,Bachelor of Business Administration,12,24012120-019,24034220384,FARHAN HASSAN S/o INTSAR UL HASSAN,Promoted,3.36,3.13,
18,Management Sciences,Bachelor of Business Administration,13,24012120-020,24034220385,ZUNAIRA TARIQ D/o MUHAMMAD TARIQ BAIG,Promoted,3.38,3.2,
18,Management Sciences,Bachelor of Business Administration,14,24012120-022,24034220387,ARSLAN SHAHID S/o SHAHID MAHMOOD,Promoted,3.39,2.85,
18,Management Sciences,Bachelor of Business Administration,15,24012120-023,24034220388,MOHID SOHAIL SHEIKH S/o MUHAMMAD SOHAIL SHEIKH,Promoted,3.44,2.61,
18,Management Sciences,Bachelor of Business Administration,16,24012120-026,24034220391,MUHAMMAD BILAL S/o RASHID IQBAL,Promoted,3.56,3.1,
18,Management Sciences,Bachelor of Business Administration,17,24012120-027,24034220392,RUBAB D/o DILAWAR HUSSAIN,Promoted,3.14,2.76,
18,Management Sciences,Bachelor of Business Administration,18,24012120-028,24034220393,ABDUL REHMAN S/o IMRAN MANZOOR,Promoted,3.21,2.84,
18,Management Sciences,Bachelor of Business Administration,19,24012120-029,24034220394,SUMBAL BIBI D/o MUHAMMAD JAMSHAID,Promoted,3.61,3.48,
18,Management Sciences,Bachelor of Business Administration,20,24012120-030,24034220395,SWERA SAJID D/o SAJID HUSSAIN SHAH,Promoted,3.34,3.16,
18,Management Sciences,Bachelor of Business Administration,21,24012120-032,24034220397,MUHAMMAD ZEESHAN S/o MUHAMMAD AMJAD,Promoted,3.72,2.95,
18,Management Sciences,Bachelor of Business Administration,22,24012120-035,24034220400,FARHAN ALI S/o MUHAMMAD KHALID,Promoted,2.94,2.46,MGT-312
18,Management Sciences,Bachelor of Business Administration,23,24012120-036,24034220401,MUHAMMAD TAHA JAVED S/o JAVED IQBAL,Promoted,3.72,3.27,
18,Management Sciences,Bachelor of Business Administration,24,24012120-037,24034220402,AHMAR S/o MUHAMMAD ANJUM YOUSAF,Promoted,3.48,3.48,
18,Management Sciences,Bachelor of Business Administration,25,24012120-038,24034220403,SYED HURR ABBAS S/o SYED ZEESHAN ABID GILLANI,Promoted,3.17,3.15,
18,Management Sciences,Bachelor of Business Administration,26,24012120-039,24034220404,SYEDA MASOOMA ZAHRA D/o SYED NAVEED ABBAS,Promoted,3.51,3.26,
18,Management Sciences,Bachelor of Business Administration,27,24012120-040,24034220405,SYED ASIM ALI GILANI S/o MUHAMMAD ASLAM SHAH,Promoted,3.62,2.85,
18,Management Sciences,Bachelor of Business Administration,28,24012120-041,24034220406,SHABEER ALI S/o SANAULLAH,Promoted,3.66,3.29,
18,Management Sciences,Bachelor of Business Administration,29,24012120-042,24034220407,NOMAN S/o MUHAMMAD IDREES,Promoted,3.21,3.01,
18,Management Sciences,Bachelor of Business Administration,30,24012120-045,24034220410,MUHAMMAD SULTAN S/o MUHAMMAD ASGHAR,Promoted,3.41,3.09,
18,Management Sciences,Bachelor of Business Administration,31,24012120-047,24034220412,SUBHAN ALLAH S/o SHAHNAWAZ JANJUA,Promoted,3.07,3.12,
18,Management Sciences,Bachelor of Business Administration,32,24012120-049,24034220521,HASSANAT ALI S/o ISHTIAQ HUSSAIN,Promoted,3.25,2.62,
18,Management Sciences,Bachelor of Business Administration,33,24012120-051,24034220526,ZAID MEHMOOD S/o MEHMMOOD AHMAD,Promoted,3.48,3.05,
18,Management Sciences,Bachelor of Business Administration,34,24012120-052,24034220527,MUHAMMAD ANUS S/o MUHAMMAD IMRAN,Promoted,2.92,2.29,
18,Management Sciences,Bachelor of Business Administration,35,24012120-053,24034220528,SEHAR MUBEEN D/o UMAR FAROOQ KHAN,Promoted,3.75,3.61,
18,Management Sciences,Bachelor of Business Administration,36,24012120-054,24034220532,ABDUL RAFAY S/o IJAZ MUHAMMAD HUSSAIN,Promoted,3.82,3.32,
18,Management Sciences,Bachelor of Business Administration,37,24012120-055,24034220533,ZIARAT ALI HASHMI S/o ALI RAZA HASHMI,Promoted,3.07,2.34,GE-106
19,Management Sciences,Bachelor of Business Admistration (Evening),1,25011220-003,2503421418003,MUHAMMAD HASSAN IJAZ S/o IJAZ AHMED SANDHU,Promoted,2.6,2.38,
19,Management Sciences,Bachelor of Business Admistration (Evening),2,25011220-004,2503421418004,HASSAN ZUBAIR BUTT S/o MUHAMMAD ZUBAIR BUTT,Promoted,3.15,2.97,
19,Management Sciences,Bachelor of Business Admistration (Evening),3,25011220-005,2503421418005,MOAZMA D/o MUHAMMAD ASLAM,Promoted,3.47,3.44,
19,Management Sciences,Bachelor of Business Admistration (Evening),4,25011220-006,2503421418006,AIMAN ALI D/o WAJAHAT ALI,Promoted,2.96,3.09,
19,Management Sciences,Bachelor of Business Admistration (Evening),5,25011220-007,2503421418007,ZAHID ALI S/o IFTIKHAR ALI,Promoted,3.04,2.82,
19,Management Sciences,Bachelor of Business Admistration (Evening),6,25011220-008,2503421418008,MUHAMMAD AFNAN KHAN S/o MUHAMMAD TANVEER KHAN,Promoted,2.64,2.12,GE-202
19,Management Sciences,Bachelor of Business Admistration (Evening),7,25011220-010,2503421418010,SEERAT FATIMA D/o AHMED YAAR,Promoted,3.25,3.08,
19,Management Sciences,Bachelor of Business Admistration (Evening),8,25011220-011,2503421418011,SYED ZARGHAM ABBAS SHAH S/o SYED GHULAM ABBAS SHAH,Promoted,2.92,2.4,GE-202
19,Management Sciences,Bachelor of Business Admistration (Evening),9,25011220-012,2500121418012,MUHAMMAD KAIF S/o GHULAM FARID,Promoted,2.78,2.53,GE-202
19,Management Sciences,Bachelor of Business Admistration (Evening),10,25011220-015,2503421418015,DANALA AMIR D/o AMIR JHA PAUL,Promoted,3.68,3.46,
19,Management Sciences,Bachelor of Business Admistration (Evening),11,25011220-016,2503421418016,SAMEER ALI S/o MUHAMMAD KABEER,Promoted,2.51,2.31,
19,Management Sciences,Bachelor of Business Admistration (Evening),12,25011220-017,2503421418017,AMNA FAISAL D/o FAISAL MEHMOOD,Promoted,3.34,3.06,
19,Management Sciences,Bachelor of Business Admistration (Evening),13,25011220-018,2503421418018,ABDUL REHMAN S/o IFTIKHAR AHMED,Promoted,2.66,2.44,
19,Management Sciences,Bachelor of Business Admistration (Evening),14,25011220-019,2503421418019,SEHAR YAQOOB D/o MUHAMMAD YAQOOB,Promoted,2.96,2.99,
19,Management Sciences,Bachelor of Business Admistration (Evening),15,25011220-020,2503421418020,MUHAMMAD USMAN ASIF S/o MUHAMMAD ASIF,Promoted,2.71,2.54,
19,Management Sciences,Bachelor of Business Admistration (Evening),16,25011220-021,2503421418021,RANA MOBASHAR ALI S/o RANA MUHAMMAD ANWAR,Promoted,2.12,2.19,GE-202
19,Management Sciences,Bachelor of Business Admistration (Evening),17,25011220-022,2503421418022,ROHAMAN D/o NADEEM MASIH,Promoted,2.74,2.86,
19,Management Sciences,Bachelor of Business Admistration (Evening),18,25011220-024,2503421418024,FATIMA AMER D/o AMER RAZA,Promoted,3.72,3.5,
19,Management Sciences,Bachelor of Business Admistration (Evening),19,25011220-025,2503421418025,MUHAMMAD SALEMAN S/o WAQAR AHMED,Promoted,2.76,2.94,GE-202
19,Management Sciences,Bachelor of Business Admistration (Evening),20,25011220-026,2503421418026,FAJAR ANJUM D/o ANJUM ALI,Promoted,1.88,1.89,"GE-202, MGT-327"
19,Management Sciences,Bachelor of Business Admistration (Evening),21,25011220-028,2503421418028,MUHAMMAD MUBASHIR S/o MUHAMMAD AYUB,Promoted,2.02,2.1,
19,Management Sciences,Bachelor of Business Admistration (Evening),22,25011220-029,2503421418029,TABISH ALI S/o ZAHEER AHMAD,Promoted,2.92,3.15,
19,Management Sciences,Bachelor of Business Admistration (Evening),23,25011220-030,2503421418030,HAFIZ AZIZ REHMAN S/o ABDUL REHMAN,Promoted,2.29,2.6,GE-202
19,Management Sciences,Bachelor of Business Admistration (Evening),24,25011220-032,2503421418032,ABDUL WALI ZAMAN S/o BABAR ZAMAN,Promoted,2.3,2.54,GE-202
19,Management Sciences,Bachelor of Business Admistration (Evening),25,25011220-034,2503421418034,ZUHA WAQAS D/o MUHAMMAD UMER WAQAS,Promoted,3.16,3.06,
19,Management Sciences,Bachelor of Business Admistration (Evening),26,25011220-035,2503421418035,MUHAMMAD HUSSNAIN AKHTAR S/o HAFIZ MUHAMMAD AKHTAR,Promoted,2.84,3.01,
19,Management Sciences,Bachelor of Business Admistration (Evening),27,25011220-036,2503421418036,ABDULLAH S/o TARIQ KAMAL,Promoted,2.9,2.93,
19,Management Sciences,Bachelor of Business Admistration (Evening),28,25011220-037,2503421418037,TEMOOR AHMED S/o MUHAMMAD BOTA,Promoted,3.2,3.19,
19,Management Sciences,Bachelor of Business Admistration (Evening),29,25011220-038,2503421418038,FAHAD REHMAN S/o MUHAMMAD RIAZ,Promoted,3.1,3.13,
19,Management Sciences,Bachelor of Business Admistration (Evening),30,25011220-039,2503421418039,JAHANGEER S/o MUHAMMAD KALEEM SHAHID,Promoted,2.86,2.54,
19,Management Sciences,Bachelor of Business Admistration (Evening),31,25011220-040,2503421418040,ZAIN UL ABIDEEN S/o SHAMAS JAVED,Promoted,2.64,2.81,
19,Management Sciences,Bachelor of Business Admistration (Evening),32,25011220-041,2503421418041,TALHA MANZOOR S/o MUHAMMAD MANZOOR,Promoted,2.46,2.33,
19,Management Sciences,Bachelor of Business Admistration (Evening),33,25011220-042,2503421418042,SYED WASI TAHIR S/o SYED KHALID NAJEEB,Promoted,2.59,2.72,
19,Management Sciences,Bachelor of Business Admistration (Evening),34,25011220-043,2503421418043,MUHAMMAD ZAIN S/o AMIR SHAHZAD,Promoted,2.74,2.74,
19,Management Sciences,Bachelor of Business Admistration (Evening),35,25011220-044,2503421418044,ALI HASAN S/o MUHAMMAD FAZAAD,Promoted,2.43,2.52,GE-202
19,Management Sciences,Bachelor of Business Admistration (Evening),36,25011220-046,2503421418046,MAABDU TAHIR D/o TAHIR YAQOB,Promoted,2.39,2.5,
19,Management Sciences,Bachelor of Business Admistration (Evening),37,25011220-047,2503421418047,AMINA ZAIB D/o RANA AURANGZAIB,Promoted,2.61,2.43,
19,Management Sciences,Bachelor of Business Admistration (Evening),38,25011220-048,2503421418048,SAMRA RAZA D/o RAZA SHAHZAD,Promoted,3.01,2.86,
19,Management Sciences,Bachelor of Business Admistration (Evening),39,25011220-049,2503421418049,MUZAMIL ALI S/o MUHAMMAD PERVAIZ BUTT,Promoted,3.13,3.15,
19,Management Sciences,Bachelor of Business Admistration (Evening),40,25011220-052,2503421418052,SADIA SHEHZAD D/o SHAHZAD ALI,Promoted,2.55,2.04,GE-202
19,Management Sciences,Bachelor of Business Admistration (Evening),41,25011220-053,2503421418053,MOHSIN SAJJAD S/o ABDUL MAJEED,Promoted,3.4,2.88,
19,Management Sciences,Bachelor of Business Admistration (Evening),42,25011220-054,2503421418054,ALI RAZA S/o GHULAM MUSTAFA,Promoted,3.38,3.32,
19,Management Sciences,Bachelor of Business Admistration (Evening),43,25011220-055,2503421418055,SYED ALI SULEMAN S/o SYED HUSNAIN ABBAS,Promoted,2.56,2.37,
19,Management Sciences,Bachelor of Business Admistration (Evening),44,25011220-056,2503421418056,FAHAD ZAHID S/o ZAHID MEHMOOD,Promoted,2.47,2.76,GE-202
19,Management Sciences,Bachelor of Business Admistration (Evening),45,25011220-057,2503421418057,ASMA RANA D/o RANA TALAT MEHMOOD,Promoted,3.72,3.5,
19,Management Sciences,Bachelor of Business Admistration (Evening),46,25011220-058,2503421418058,MUHAMMAD IBRAHIM S/o KHALIL AHMED MUGHAL,Promoted,3.05,2.79,
19,Management Sciences,Bachelor of Business Admistration (Evening),47,25011220-059,2503421418059,MUTHAIR HUSSAIN S/o MUZAMAL HUSSAIN,Promoted,2.64,2.43,
20,Management Sciences,Bachelor of Business Admistration (Evening),48,25011220-060,2503421418060,REHMAN JAVED S/o MUHAMMAD JAVED,Promoted,3.05,2.96,
20,Management Sciences,Bachelor of Business Admistration (Evening),49,25011220-061,2503421418061,ALI HASSAN S/o MUHAMMAD SHAHBAZ,Promoted,2.73,2.59,
21,Management Sciences,Bachelor of Business Admistration (Evening),1,25811220-008,2503421418027,ZUHAD UL HASSAM KHAN S/o ZULFIQAR KHAN,Promoted,1.59,1.59,MGT-327
21,Management Sciences,Bachelor of Business Admistration (Evening),2,25811220-009,2503421418031,MUHAMMAD MOHSIN S/o MUHAMMAD AJMAL,Dropped,1.0,1.0,"MGT-327, MGT-328"
21,Management Sciences,Bachelor of Business Admistration (Evening),3,25811220-011,2503421418050,HADSA KHURAM D/o KHURAM SHAHZAD,Dropped,0.36,0.36,"GE-202, MGT-327, MGT-328, MGT- 329"
22,Information Technology,Associate Degree in Information Technology,1,25012456-002,2503421115160,SYED SIBT E HASSAN RIZVI S/o SYED HASSAN ALI RIZVI,Promoted,3.31,3.08,
22,Information Technology,Associate Degree in Information Technology,2,25012456-003,2503421115161,SADIA TANVEER D/o TANVEER AKHTAR,Promoted,3.94,3.72,
22,Information Technology,Associate Degree in Information Technology,3,25012456-004,2503421115162,SAIF ALI KHAN LODHY S/o RUH ULLAH KHAN,Promoted,3.59,3.39,
22,Information Technology,Associate Degree in Information Technology,4,25012456-005,2503421115163,ABDUL SABOOR DAR S/o MUHAMMAD WAQAS BUTT,Promoted,3.29,3.13,
22,Information Technology,Associate Degree in Information Technology,5,25012456-006,2503421115164,MUHAMMAD ZEESHAN S/o MUHAMMAD IMRAN,Promoted,3.2,3.09,
22,Information Technology,Associate Degree in Information Technology,6,25012456-007,2503421115165,MUSKAN MEHMOOD D/o MEHMOOD ELAHI,Promoted,3.02,3.01,IT-106
22,Information Technology,Associate Degree in Information Technology,7,25012456-008,2503421115166,MUHAMMAD ZOHAIB RAZA S/o MUHAMMAD ARIF,Promoted,3.49,3.34,
22,Information Technology,Associate Degree in Information Technology,8,25012456-009,2503421115167,ANEES AHMAD S/o SALAMAT ALI,Promoted,3.16,2.82,
22,Information Technology,Associate Degree in Information Technology,9,25012456-010,2503421115168,HAMID RAZA S/o MUREED HUSSAIN,Promoted,2.98,2.78,IT-106
22,Information Technology,Associate Degree in Information Technology,10,25012456-011,2503421115169,MUHAMMAD ABOUBAQAR HUSSNAIN S/o MUHAMMAD NAWAZ,Promoted,3.04,2.67,MATH-128
22,Information Technology,Associate Degree in Information Technology,11,25012456-012,2503421115170,MUHAMMAD ANSAR JAMIL S/o MUHAMMAD JAMIL,Promoted,2.54,2.26,IT-106
22,Information Technology,Associate Degree in Information Technology,12,25012456-013,2503421115171,MUSKAN D/o MUHAMMAD IQBAL,Promoted,2.31,2.41,"IT-106, IT-244"
22,Information Technology,Associate Degree in Information Technology,13,25012456-014,2503421115172,AREEBA AMIR D/o MIRZA AMIR BAIG,Promoted,3.69,3.53,
22,Information Technology,Associate Degree in Information Technology,14,25012456-015,2503421115173,ABULREHMAN S/o AYAAZ MEHMOOD,Promoted,1.81,1.91,"IT-106, IT-121"
22,Information Technology,Associate Degree in Information Technology,15,25012456-016,2503421115174,ABDUL HADI S/o ABDUL WADOOD,Promoted,3.37,3.06,
22,Information Technology,Associate Degree in Information Technology,16,25012456-017,2503421115175,MUHAMMAD S/o SHAHID MEHMOOD,Dropped,1.17,1.45,"IT-106, IT-121, IT-221"
22,Information Technology,Associate Degree in Information Technology,17,25012456-018,2503421115176,MUHAMMAD ZUNAIR S/o ASAD UL HASSAN,Promoted,2.39,2.21,IT-106
22,Information Technology,Associate Degree in Information Technology,18,25012456-019,2503421115177,AMEER HAMZA S/o PERVAIZ AHMAD,Promoted,3.18,3.02,
22,Information Technology,Associate Degree in Information Technology,19,25012456-020,2503421115178,SAMI ULLAH SOHAIL S/o SOHAIL AHMED,Promoted,2.13,2.37,IT-106
22,Information Technology,Associate Degree in Information Technology,20,25012456-021,2503421115179,HUSNAIN ALI S/o ZAHID HUSSAIN,Promoted,3.19,2.72,
22,Information Technology,Associate Degree in Information Technology,21,25012456-022,2503421115180,ABDUL WAHAB BIN WAJID S/o WAJID ALI ZAHID,Promoted,2.84,2.7,IT-106
22,Information Technology,Associate Degree in Information Technology,22,25012456-024,2503421115182,ABDULLAH ZAFAR S/o ZAFAR IQBAL,Promoted,2.59,2.54,IT-106
22,Information Technology,Associate Degree in Information Technology,23,25012456-025,2503421115183,SALMAN JABBAR S/o JABBAR AHMAD,Promoted,3.36,2.96,
22,Information Technology,Associate Degree in Information Technology,24,25012456-026,2501621115184,PAPOSH FIZA D/o SHAHADAT HUSSAIN,Promoted,3.76,3.37,
22,Information Technology,Associate Degree in Information Technology,25,25012456-027,2503421115185,ABDUL WAHAB S/o SAGHEER AHMED,Promoted,3.08,2.4,
22,Information Technology,Associate Degree in Information Technology,26,25012456-028,2503421115186,MUHAMMAD HANZILAH S/o MUHAMMAD NAEEM,Promoted,2.67,2.3,
22,Information Technology,Associate Degree in Information Technology,27,25012456-029,2503421115187,ABDUL RAFAY S/o IFTIKHAR AHMED,Promoted,3.0,2.31,
22,Information Technology,Associate Degree in Information Technology,28,25012456-030,2503421115188,IBTISAM MALIK S/o MAJID SHAUKAT,Promoted,3.08,2.51,
22,Information Technology,Associate Degree in Information Technology,29,25012456-031,2503421115189,SHEHRYAR S/o SHAHID IQBAL,Promoted,3.52,2.64,
22,Information Technology,Associate Degree in Information Technology,30,25012456-034,2503421115192,MUHAMMAD ABDULLAH S/o WAQAR ASLAM,Promoted,2.99,2.31,
22,Information Technology,Associate Degree in Information Technology,31,25012456-035,2503421115193,SEHAR BANO D/o ABID ALI,Promoted,3.45,2.86,
22,Information Technology,Associate Degree in Information Technology,32,25012456-036,2503421115194,MUHAMMAD ANAS SHAHVAIZ S/o MUHAMMAD PERVAIZ,Promoted,3.3,2.85,
22,Information Technology,Associate Degree in Information Technology,33,25012456-037,2503421115195,MUHAMMAD ISMAEEL S/o JAHANGHIR SHOAIB,Promoted,3.29,2.55,
22,Information Technology,Associate Degree in Information Technology,34,25012456-038,2503421115196,SALMAN PERVAIZ S/o MUHAMMAD PERVAIZ ABBAS,Promoted,2.96,2.24,
22,Information Technology,Associate Degree in Information Technology,35,25012456-039,2503421115197,MUHAMMAD SAMEER S/o MUHAMMAD MUZAMMAL,Promoted,2.73,2.41,
22,Information Technology,Associate Degree in Information Technology,36,25012456-040,2503421115198,MUHAMMAD REHAN S/o MUHAMMAD NAVEED IQBAL,Promoted,2.9,2.51,
22,Information Technology,Associate Degree in Information Technology,37,25012456-043,2503421115201,ABDULLAH SOHAIL S/o SOHAIL SHAHZAD,Promoted,2.54,2.18,IT-121
22,Information Technology,Associate Degree in Information Technology,38,25012456-044,2503421115202,UMER SALEEM S/o MUHAMMAD SALEEM,Promoted,2.97,2.38,
22,Information Technology,Associate Degree in Information Technology,39,25012456-045,2503421115203,HUSSAIN ALI S/o GHULAM GHOUS,Promoted,2.82,2.22,
22,Information Technology,Associate Degree in Information Technology,40,25012456-046,2503421115204,HUSNAIN ALI S/o MUHAMMAD TANVEER,Promoted,3.43,3.27,
22,Information Technology,Associate Degree in Information Technology,41,25012456-047,2508321115205,MUHAMMAD MAAZ HANIF S/o MUHAMMAD HANIF,Promoted,2.79,2.66,
22,Information Technology,Associate Degree in Information Technology,42,25012456-048,2503421115206,UMAIR RAUF S/o ABDUL RAUF,Promoted,3.29,2.99,
23,Information Technology,BS in Information Technology,1,20791556-021,20034256317,NAUMAN ALI S/o ARSHAD MEHMOOD,Promoted,3.0,2.7,
24,Information Technology,BS in Information Technology,1,21021556-052,21034256328,SIDRA KHURSHID D/o KHURSHID ALI,Promoted,3.59,2.77,
25,Information Technology,BS in Information Technology,1,21834156-010,21034256464,SYED JAWAD HAIDER SHERAZI S/o SYED SAQLAIN SHAH SHERAZI,Promoted,4.0,2.64,
25,Information Technology,BS in Information Technology,2,21834156-011,21034256465,SAQIB IKRAM S/o IKRAM UD DIN,Promoted,3.7,2.64,
25,Information Technology,BS in Information Technology,3,21834156-019,21034256480,HASSAN AHMED S/o MANSOOR AHMED,Promoted,4.0,2.64,
26,Information Technology,BS in Information Technology,1,21841556-016,21034256331,MEHWISH D/o AKBAR ALI,Promoted,1.15,2.05,"IT-372, IT-406"
27,Information Technology,BS in Information Technology,1,22021556-002,22034256247,Zain ul Abedin S/o Khalil ur Rehman,Promoted,2.2,3.22,IT-406
27,Information Technology,BS in Information Technology,2,22021556-003,22034256248,Ahmed Tanveer S/o Muhammad Tanveer,Promoted,2.09,2.92,IT-406
27,Information Technology,BS in Information Technology,3,22021556-004,22034256249,Rohaan Liaqat S/o Liaqat Ali,Promoted,2.22,2.88,IT-406
27,Information Technology,BS in Information Technology,4,22021556-005,22034256250,Shahzaib Ali S/o Shafarish Ali,Promoted,2.6,2.75,IT-406
27,Information Technology,BS in Information Technology,5,22021556-007,22034256252,Aaman Shahzadi D/o Muhammad Ashraf,Promoted,2.34,3.48,IT-406
27,Information Technology,BS in Information Technology,6,22021556-008,22034256253,Ayesha Rani D/o Shamas Din,Promoted,2.5,2.75,IT-406
27,Information Technology,BS in Information Technology,7,22021556-009,22034256254,Esha Afzal D/o Muhammad Afzal,Promoted,2.1,3.32,IT-406
27,Information Technology,BS in Information Technology,8,22021556-010,22034256255,Mahnoor Amjad D/o Muhammad Amjad,Promoted,2.34,3.24,IT-406
27,Information Technology,BS in Information Technology,9,22021556-011,22034256256,Warda Amin D/o Muhammad Amin,Promoted,2.34,3.51,IT-406
27,Information Technology,BS in Information Technology,10,22021556-012,22034256257,Zaitoon Najam D/o Najam-ul-Hassan,Promoted,2.02,3.08,IT-406
27,Information Technology,BS in Information Technology,11,22021556-013,22034256258,Jabar Hussain S/o Sabir Hussain,Promoted,1.82,2.74,IT-406
27,Information Technology,BS in Information Technology,12,22021556-014,22034256259,Rehman Ali S/o Zafar Iqbal,Promoted,2.34,2.42,IT-406
27,Information Technology,BS in Information Technology,13,22021556-015,22034256260,Mohammad Umer S/o Aqeel Ahmad,Promoted,1.86,2.97,IT-406
27,Information Technology,BS in Information Technology,14,22021556-016,22002256261,Muhammad Zikria S/o Jameel Ahmad,Promoted,2.13,2.55,IT-406
27,Information Technology,BS in Information Technology,15,22021556-017,22034256262,Shamil Jamshaid Cheema S/o Jamshaid Iqbal Cheema,Promoted,2.36,2.66,IT-406
27,Information Technology,BS in Information Technology,16,22021556-018,22034256263,Tayyab Ali S/o Muhammad Azam,Promoted,2.11,3.03,IT-406
27,Information Technology,BS in Information Technology,17,22021556-019,22034256264,Mutti ur Rehman S/o Atiq ur Rehman,Promoted,2.24,2.92,IT-406
27,Information Technology,BS in Information Technology,18,22021556-020,22034256265,Ahad Ali S/o Ghulam Abbas,Promoted,1.95,2.86,IT-406
27,Information Technology,BS in Information Technology,19,22021556-021,22034256266,Mohammad Abdullah S/o Aqeel Ahmad,Promoted,2.23,3.05,IT-406
27,Information Technology,BS in Information Technology,20,22021556-025,22024256270,Tayyab Mustafa S/o Ghulam Mustafa,Promoted,2.11,2.15,IT-406
27,Information Technology,BS in Information Technology,21,22021556-027,22034256272,Jawearia D/o Muhammad Kaleem,Promoted,2.43,2.73,IT-406
27,Information Technology,BS in Information Technology,22,22021556-028,22034256273,Usman Amjad S/o Amjad Ali,Promoted,2.13,2.99,IT-406
27,Information Technology,BS in Information Technology,23,22021556-032,22034256277,Hammad Afzal S/o Muhammad Afzal,Promoted,1.99,2.71,IT-406
27,Information Technology,BS in Information Technology,24,22021556-034,22034256279,Sami Ullah S/o Muhammad Ghafar,Promoted,2.09,2.67,IT-406
27,Information Technology,BS in Information Technology,25,22021556-036,22034256281,Muhammad Arbaz Iqbal S/o Muhammad Iqbal,Promoted,2.04,3.05,IT-406
27,Information Technology,BS in Information Technology,26,22021556-038,22034256283,Marya Saleem D/o Muhammad Saleem,Promoted,2.4,3.51,IT-406
27,Information Technology,BS in Information Technology,27,22021556-039,22128256284,Aslam Fareed S/o Ghulam Fareed,Promoted,2.26,2.87,IT-406
27,Information Technology,BS in Information Technology,28,22021556-040,22024256285,Yasir Ali S/o Liaquat Ali,Promoted,2.4,2.23,IT-406
27,Information Technology,BS in Information Technology,29,22021556-042,22034256287,Umair Hassan S/o Sagheer hussain,Promoted,2.42,3.03,IT-406
27,Information Technology,BS in Information Technology,30,22021556-043,22034256288,Zain ul Abedin S/o Zubair Akhtar Zubair,Promoted,2.08,3.34,IT-406
27,Information Technology,BS in Information Technology,31,22021556-045,22034256290,Amna D/o Muhammad Mushtaq,Promoted,2.28,3.31,IT-406
27,Information Technology,BS in Information Technology,32,22021556-046,22034256291,Syed Muhammad Awais S/o Syed Shahbaz Hussain,Promoted,2.23,2.69,IT-406
27,Information Technology,BS in Information Technology,33,22021556-047,22034256292,Arifa Hafeez D/o Muhammad Hafeez,Promoted,2.2,3.17,IT-406
27,Information Technology,BS in Information Technology,34,22021556-048,22034256293,Abdul Rehman S/o Shamas Din,Promoted,2.07,2.58,IT-406
27,Information Technology,BS in Information Technology,35,22021556-049,22034256294,Ayesha Shehzadi D/o Muhammad Numan,Promoted,1.99,2.63,IT-406
27,Information Technology,BS in Information Technology,36,22021556-050,22034256295,Ihtisham ul Haq S/o Shamshad ul Haq,Promoted,1.34,2.49,"IT-406, MGT-306, SS-301"
27,Information Technology,BS in Information Technology,37,22021556-051,22034256296,Abdul Wahab S/o Samir Ahmed,Promoted,2.31,2.87,IT-406
27,Information Technology,BS in Information Technology,38,22021556-052,22034256348,Zain Ali S/o Samiullah,Promoted,2.34,3.12,IT-406
27,Information Technology,BS in Information Technology,39,22021556-053,22034256349,Zain Ali S/o Sabir Hussain,Promoted,2.28,3.28,IT-406
27,Information Technology,BS in Information Technology,40,22021556-054,22034256350,Elaaf Nawaz D/o Muhammad Nawaz,Promoted,1.72,2.92,IT-406
27,Information Technology,BS in Information Technology,41,22021556-056,22034256485,Siyam Rabail D/o Muhammad Faisal,Promoted,2.31,3.23,IT-406
28,Information Technology,BS in Information Technology,1,22024156-001,22034256352,Abdullah S/o Asad Rasheed,Promoted,1.92,2.22,"IT-406, MGT-306"
28,Information Technology,BS in Information Technology,2,22024156-006,22034256357,Anas Ahmed S/o Imran Aslam,Promoted,2.12,2.92,IT-406
28,Information Technology,BS in Information Technology,3,22024156-007,22034256358,Syed Ali Baqir S/o Abid Hussain Shah,Promoted,1.76,2.46,IT-406
28,Information Technology,BS in Information Technology,4,22024156-008,22034256359,Moneba Jabeen D/o Basharat Ali,Promoted,2.4,3.16,IT-406
28,Information Technology,BS in Information Technology,5,22024156-009,22034256360,Abdul Raheem Khalid S/o Khalid Mehmood,Promoted,2.42,2.9,IT-406
28,Information Technology,BS in Information Technology,6,22024156-010,22034256361,Muhammad Fahad Ullah S/o Muhammad Aslam,Promoted,1.54,2.37,IT-406
28,Information Technology,BS in Information Technology,7,22024156-014,22034256365,Misbah D/o Muhammad Irfan,Promoted,1.94,3.0,IT-406
28,Information Technology,BS in Information Technology,8,22024156-015,22034256366,Fajar Saleem D/o Muhammad Saleem,Promoted,2.31,2.98,IT-406
28,Information Technology,BS in Information Technology,9,22024156-020,22034256371,Muhammad Khalil S/o Saif ullah,Promoted,1.94,3.08,IT-406
28,Information Technology,BS in Information Technology,10,22024156-021,22034256372,Mehfooz Ahmad S/o Maqsood Ahmad,Promoted,2.16,3.36,IT-406
28,Information Technology,BS in Information Technology,11,22024156-022,22034256373,Hammad Ali S/o Amanat Ali,Promoted,2.34,2.7,IT-406
28,Information Technology,BS in Information Technology,12,22024156-023,22034256374,Mahnoor D/o Ghulam Sarwar,Promoted,2.34,3.4,IT-406
28,Information Technology,BS in Information Technology,13,22024156-025,22034256376,Ahmed Munawar S/o Munawar Hussain,Promoted,1.97,2.55,IT-406
28,Information Technology,BS in Information Technology,14,22024156-026,22034256377,Safia Bibi D/o Dost Muhammad,Promoted,2.26,2.92,IT-406
28,Information Technology,BS in Information Technology,15,22024156-027,22034256378,Muhammad Sohaib Roomi S/o Shahid Mehmood,Promoted,1.59,2.44,"IT-106, IT-406"
28,Information Technology,BS in Information Technology,16,22024156-028,22034256379,Zaki ul Rehman S/o Abaid Ul Rehman,Promoted,1.83,2.31,"IT-406, MGT-205"
28,Information Technology,BS in Information Technology,17,22024156-029,22034256380,Haider Ali S/o Muhammad Asghar,Promoted,1.86,2.75,IT-406
28,Information Technology,BS in Information Technology,18,22024156-031,22034256382,Muhammad Safyan S/o Muhammad Ramzan,Promoted,2.28,2.94,IT-406
28,Information Technology,BS in Information Technology,19,22024156-032,22034256383,Maryam Siddique D/o Muhammad Siddique,Promoted,1.92,2.95,IT-406
28,Information Technology,BS in Information Technology,20,22024156-034,22034256385,Hammad Ali S/o Zulfiqar Ahmed,Promoted,2.08,2.83,IT-406
28,Information Technology,BS in Information Technology,21,22024156-035,22034256386,Muhammad Shan S/o Muhammad Afzal,Promoted,2.2,2.43,IT-406
28,Information Technology,BS in Information Technology,22,22024156-036,22034256387,Abdullah S/o Muhammad Asif,Promoted,2.29,2.5,IT-406
28,Information Technology,BS in Information Technology,23,22024156-037,22034256388,Husnain Haider S/o Haider ALi,Promoted,1.92,3.11,IT-406
28,Information Technology,BS in Information Technology,24,22024156-038,22034256389,Momna D/o Muhammad Boota,Promoted,2.44,3.14,IT-406
28,Information Technology,BS in Information Technology,25,22024156-039,22034256390,Manahil Fatima D/o Shehbaz Ahmed,Promoted,2.22,2.76,IT-406
28,Information Technology,BS in Information Technology,26,22024156-040,22034256391,Maryam D/o Muhammad Akhtar,Promoted,2.0,3.0,IT-406
28,Information Technology,BS in Information Technology,27,22024156-042,22034256393,Muhammad Uzair S/o Javed Iqbal,Promoted,2.08,3.41,IT-406
28,Information Technology,BS in Information Technology,28,22024156-043,22034256394,Muhammad Abdul Aziz Butt S/o Muhammad Idrees Butt,Promoted,2.29,2.44,IT-406
28,Information Technology,BS in Information Technology,29,22024156-044,22034256395,Abdul Rehman Saleem S/o Muhammad Saleem,Promoted,1.49,1.95,"IT-106, IT-406"
28,Information Technology,BS in Information Technology,30,22024156-045,22034256396,Abdul Rehman S/o Waheed Ahmad,Promoted,2.03,2.91,IT-406
28,Information Technology,BS in Information Technology,31,22024156-046,22034256397,Muhammad Asim S/o Muhammad Alamghir,Promoted,2.54,2.75,IT-406
28,Information Technology,BS in Information Technology,32,22024156-047,22034256398,Abi Saad S/o Muhammad Shahzad,Promoted,2.34,2.86,IT-406
28,Information Technology,BS in Information Technology,33,22024156-048,22034256399,Irtiza Arifeen S/o Najam Ul Arifeen,Promoted,1.77,2.1,IT-406
28,Information Technology,BS in Information Technology,34,22024156-049,22034256400,Muhammad Muneeb Dodhy S/o Muhammad Javed Dodhy,Promoted,2.15,3.19,IT-406
28,Information Technology,BS in Information Technology,35,22024156-050,22034256401,Muhammad SamiUllah S/o Muhammad Saleem,Promoted,2.08,2.61,IT-406
28,Information Technology,BS in Information Technology,36,22024156-051,22034256402,Furqan Ahmed S/o Zaheer Ahmed,Promoted,1.97,2.23,IT-406
28,Information Technology,BS in Information Technology,37,22024156-052,22034256403,Umair Ali Masood S/o Masood Ahmad,Promoted,1.6,1.87,"IT-106, IT-406"
28,Information Technology,BS in Information Technology,38,22024156-053,22034256404,Muskan Bibi D/o Muhammad Aslam,Promoted,2.33,2.62,IT-406
29,Information Technology,BS in Information Technology,1,23034156-003,23034256413,ROSHAAN AHMED S/o JAVED AHMED,Promoted,2.37,2.16,IT-446
29,Information Technology,BS in Information Technology,2,23034156-005,23034256415,MUHAMMAD KASHIF AL GHATA S/o ZAFAR ABBAS SHAH,Promoted,3.42,3.21,
29,Information Technology,BS in Information Technology,3,23034156-006,23034256416,TAYYAB ALI S/o MUHAMMAD FIAZ,Promoted,3.07,2.73,
29,Information Technology,BS in Information Technology,4,23034156-007,23034256417,ABUBAKAR S/o MUHAMMAD RAMZAN SHAHID,Promoted,3.14,2.67,
29,Information Technology,BS in Information Technology,5,23034156-008,23034256418,Asadullah S/o Khalil Ahmad,Promoted,3.17,2.66,
29,Information Technology,BS in Information Technology,6,23034156-009,23034256419,ANAS SHAHID S/o SHAHID HUSSAIN,Promoted,3.29,2.77,
29,Information Technology,BS in Information Technology,7,23034156-010,23034256420,AREEBA D/o MUHAMMAD BOOTA,Promoted,3.33,2.9,
29,Information Technology,BS in Information Technology,8,23034156-012,23034256422,ZAINAB MUSHTAQ D/o MUHAMMAD MUSHTAQ,Promoted,3.6,3.31,
29,Information Technology,BS in Information Technology,9,23034156-015,23034256425,DANIYAL AFZAL S/o MUHAMMAD AFZAL,Promoted,3.03,2.94,
29,Information Technology,BS in Information Technology,10,23034156-016,23034256426,LAYBA SAEED D/o SAEED ANWAR,Promoted,3.65,3.43,
29,Information Technology,BS in Information Technology,11,23034156-018,23034256428,MUHAMMAD TAQI S/o GHULAM MUSTAFA TABASSAM,Promoted,2.97,2.94,
29,Information Technology,BS in Information Technology,12,23034156-019,23034256429,HASSAN SHAHID S/o SHAHID AKHTAR,Promoted,3.37,3.03,
29,Information Technology,BS in Information Technology,13,23034156-020,23024256430,MUSKAN BIBI D/o AMEER AHMED,Promoted,3.01,2.48,
29,Information Technology,BS in Information Technology,14,23034156-021,23034256431,HUSSNAIN IFTIKHAR S/o SAMMA IFTIKHAR SULEHRI,Promoted,3.21,2.5,
29,Information Technology,BS in Information Technology,15,23034156-022,23034256432,MUHAMMAD HASSNAIN S/o MUHAMMAD ASHFAQ,Promoted,3.26,2.66,
29,Information Technology,BS in Information Technology,16,23034156-023,23034256433,MINAHIL D/o MUHAMMAD RIAZ,Promoted,3.51,3.43,
29,Information Technology,BS in Information Technology,17,23034156-024,23034256434,SIBGHA ARSHAD D/o MUHAMMAD ARSHAD BUTT,Promoted,3.4,3.08,
29,Information Technology,BS in Information Technology,18,23034156-025,23034256435,GHULAM FATIMA D/o MUHAMMAD NASEER,Promoted,3.31,2.74,
29,Information Technology,BS in Information Technology,19,23034156-028,23024256438,KASHAF AMEEN D/o MUHAMMAD ASIF,Promoted,1.81,2.22,IT-446
29,Information Technology,BS in Information Technology,20,23034156-030,23034256440,Yashfa Imran D/o Imran-ul-Haq Butt,Promoted,2.73,2.57,IT-217
29,Information Technology,BS in Information Technology,21,23034156-034,23034256444,ZAINAB D/o MUHAMMAD ILYAS,Promoted,3.68,3.17,
29,Information Technology,BS in Information Technology,22,23034156-036,23034256446,AHMAD ALI S/o MUHAMMAD ARSHAD BUTT,Promoted,3.4,3.09,
29,Information Technology,BS in Information Technology,23,23034156-039,23034256449,SAMMAR ABBAS HAIDERI S/o CHAUDHARY GHULAM ABBAS HAIDERI,Promoted,3.5,2.68,
29,Information Technology,BS in Information Technology,24,23034156-040,23034256450,AHSAN ALI S/o RIASAT ALI,Promoted,3.19,2.34,
29,Information Technology,BS in Information Technology,25,23034156-041,23034256451,MUHAMMAD SAAD S/o ABDUL RAUF QURESHI,Promoted,3.11,2.62,
29,Information Technology,BS in Information Technology,26,23034156-042,23034256452,MUHAMMAD USMAN S/o MUHAMMAD IQBAL,Promoted,3.73,3.0,
29,Information Technology,BS in Information Technology,27,23034156-043,23034256453,MOAAZ MALIK S/o MUHAMMAD ANWAR,Promoted,3.25,2.92,
29,Information Technology,BS in Information Technology,28,23034156-044,23034256454,CH FAIZAN NADEEM S/o NADEEM ASLAM,Promoted,3.38,2.79,
29,Information Technology,BS in Information Technology,29,23034156-045,23034256455,TAYYAB AHMED S/o MUHAMMAD TANVEER,Promoted,2.86,2.55,
29,Information Technology,BS in Information Technology,30,23034156-046,23034256456,MOMNA JAMIL D/o MUHAMMAD JAMIL,Promoted,3.4,2.69,
29,Information Technology,BS in Information Technology,31,23034156-047,23034256457,Raja Muhammad Shaheem UR Rehan S/o MUHAMMAD ASIF SULEMAN,Promoted,3.5,3.17,
29,Information Technology,BS in Information Technology,32,23034156-048,23034256458,MUHAMMAD ABDUL REHMAN S/o MUHAMMAD NAWAZ,Promoted,3.43,2.75,
29,Information Technology,BS in Information Technology,33,23034156-051,23034256461,AREEJ ZAHID D/o MUHAMMAD ZAHID,Promoted,3.79,2.99,
29,Information Technology,BS in Information Technology,34,23034156-052,23034256462,MUHAMMAD YASEEN S/o SHOAIB SARWAR,Promoted,2.3,2.12,IT-416
29,Information Technology,BS in Information Technology,35,23034156-053,23034256463,MUHAMMAD HAMZA S/o MUSHTAQ AHMED,Promoted,3.17,2.9,
29,Information Technology,BS in Information Technology,36,23034156-054,23034256464,EMAAN D/o MUHAMMAD IRFAN,Promoted,3.75,3.18,
29,Information Technology,BS in Information Technology,37,23034156-055,23034256465,AHMED CHOUDHARY S/o MUHAMMAD ARSHAD,Promoted,2.87,2.59,
30,Information Technology,BS in Information Technology,1,23041556-001,23034256232,MARYAM SHEHZADI D/o NASIR MAHMOOD,Promoted,3.85,3.38,
30,Information Technology,BS in Information Technology,2,23041556-002,23034256233,HANAN SARWAR S/o MUHAMMAD SARWAR,Promoted,3.65,3.31,
30,Information Technology,BS in Information Technology,3,23041556-007,23034256238,ALI HUSSNAIN S/o MUHAMMAD HANIF,Promoted,3.39,2.99,MATH-128
30,Information Technology,BS in Information Technology,4,23041556-008,23034256239,RANA TOSEEF ELAHI S/o RANA WAZIR ELAHI,Promoted,3.65,3.57,
30,Information Technology,BS in Information Technology,5,23041556-011,23034256242,MAHAM FATIMA D/o TARIQ MEHMOOD,Promoted,3.64,2.89,
30,Information Technology,BS in Information Technology,6,23041556-015,23034256246,SALWA D/o MUZAFFAR ALI,Promoted,3.6,3.44,
30,Information Technology,BS in Information Technology,7,23041556-016,23024256247,ZAIN ABBAS S/o ABBAS ALI,Promoted,3.58,2.8,
30,Information Technology,BS in Information Technology,8,23041556-017,23034256249,Zohra Bibi D/o Zulfiqar,Promoted,3.83,3.37,
30,Information Technology,BS in Information Technology,9,23041556-019,23034256253,Moeez Amjad S/o Muhammad Amjad,Promoted,3.75,2.97,
30,Information Technology,BS in Information Technology,10,23041556-020,23034256255,KHADIJA RANI D/o RANA SAEED AHMED,Promoted,3.85,3.47,
30,Information Technology,BS in Information Technology,11,23041556-021,23034256256,ABDUL REHMAN ASGHAR S/o MUHAMMAD ASGHAR,Promoted,3.48,2.8,
30,Information Technology,BS in Information Technology,12,23041556-022,23034256258,MUHAMMAD TALHA S/o KARAMAT ALI,Promoted,3.58,3.0,
30,Information Technology,BS in Information Technology,13,23041556-023,23034256260,AMEER HAMZA S/o MUHAMMAD AFZAL,Promoted,3.38,3.18,
30,Information Technology,BS in Information Technology,14,23041556-024,23034256261,SYED ABBAS ALI AOUN S/o SYED NAEEM UL HASSAN,Promoted,2.66,2.33,
30,Information Technology,BS in Information Technology,15,23041556-025,23024256263,MUHAMMAD TAYYAB S/o ABDUL MAJEED,Promoted,3.64,3.1,
30,Information Technology,BS in Information Technology,16,23041556-029,23024256270,SAIRA D/o MUHAMMAD SHOIB HAMMAD,Promoted,3.85,3.35,
30,Information Technology,BS in Information Technology,17,23041556-033,23034256280,NIDA FATIMA D/o JAHANGIR AHMED,Promoted,4.0,3.52,
30,Information Technology,BS in Information Technology,18,23041556-035,23034256283,MUHAMMAD UMAR S/o MUHAMMAD IQBAL,Promoted,3.12,2.6,
30,Information Technology,BS in Information Technology,19,23041556-036,23034256284,AYZA ABBAS D/o MUHAMMAD ABBAS TOOR,Promoted,3.7,3.03,
30,Information Technology,BS in Information Technology,20,23041556-038,23034256289,MUHAMMAD TAHA S/o MALIK ATIF IMRAN,Promoted,3.8,3.59,
30,Information Technology,BS in Information Technology,21,23041556-040,23034256292,MUHAMMAD HAMZA ASIF SUDDLE S/o ASIF SAEED,Promoted,3.52,3.2,
30,Information Technology,BS in Information Technology,22,23041556-042,23034256298,FIZZA D/o MUHAMMAD NAVEED IQBAL,Promoted,3.85,3.51,
30,Information Technology,BS in Information Technology,23,23041556-048,23034256308,ABDUL SABOOR AKBAR S/o MUHAMMAD AKBAR,Promoted,3.29,2.68,
30,Information Technology,BS in Information Technology,24,23041556-049,23034256310,SYEDA ZUNAIRA FATIMA D/o SYED NAVEED UL HASSAN RIZVI,Promoted,3.73,3.55,MATH-128
30,Information Technology,BS in Information Technology,25,23041556-050,23007256312,UME RUBAB D/o ALLAH RAZI,Promoted,3.21,3.06,
30,Information Technology,BS in Information Technology,26,23041556-052,23034256316,NIDA MUNEER D/o MUHAMMAD MUNEER,Promoted,3.75,3.38,
30,Information Technology,BS in Information Technology,27,23041556-054,23034256318,MUHAMMAD ZEESHAN BUTT S/o MUHAMMAD IMRAN BUTT,Promoted,3.54,3.2,
30,Information Technology,BS in Information Technology,28,23041556-057,23034256467,FAHAD ULLAH BHATTI S/o IRFAN AHMED,Promoted,3.65,3.38,
31,Information Technology,BS in Information Technology,1,24021556-001,24034256183,JANNAT SHAHZADI D/o NAVEED AHMAD,Promoted,3.88,3.57,
31,Information Technology,BS in Information Technology,2,24021556-002,24034256189,ISHAL AMER D/o AMER RIAZ,Promoted,3.93,3.57,
31,Information Technology,BS in Information Technology,3,24021556-004,24034256194,MUQADAS D/o QURBAN ALI,Promoted,3.83,3.27,
31,Information Technology,BS in Information Technology,4,24021556-005,24034256197,MUHAMMAD IMRAN S/o AKBAR ALI,Promoted,3.73,3.42,
31,Information Technology,BS in Information Technology,5,24021556-006,24034256198,BISMA D/o MUHAMMAD NASEER,Promoted,3.83,3.57,
31,Information Technology,BS in Information Technology,6,24021556-007,24034256203,MUHAMMAD REHAN ASGHAR S/o MUHAMMAD ASGHAR,Promoted,3.49,3.03,
31,Information Technology,BS in Information Technology,7,24021556-008,24034256204,MUQADAS PERVAIZ D/o PERVAIZ IQBAL,Promoted,3.75,3.06,
31,Information Technology,BS in Information Technology,8,24021556-009,24034256206,ABDULLAH WAQAS S/o SHEIKH WAQAS SALEEM,Promoted,3.16,2.62,
31,Information Technology,BS in Information Technology,9,24021556-010,24034256214,UM E AIMEN D/o MUHAMMAD NASEER,Promoted,3.59,3.17,
31,Information Technology,BS in Information Technology,10,24021556-013,24034256221,INAM UR REHMAN S/o MUHAMMAD ARIF,Promoted,1.74,2.04,GE-101
31,Information Technology,BS in Information Technology,11,24021556-014,24034256222,MINAHIL ANSAR D/o ANSAR HUSSAIN,Promoted,3.5,2.98,
31,Information Technology,BS in Information Technology,12,24021556-016,24034256225,AMINA SHAHZADI D/o MUBARAK ALI,Promoted,3.7,3.54,
31,Information Technology,BS in Information Technology,13,24021556-017,24034256226,SAAD ADREES AWAN S/o MUHAMMAD ADREES AWAN,Promoted,3.93,3.54,
31,Information Technology,BS in Information Technology,14,24021556-018,24034256228,HABIBA IRFAN D/o IRFAN ULLAH,Promoted,3.6,3.26,
31,Information Technology,BS in Information Technology,15,24021556-019,24034256260,ALISHA ZAFAR D/o ZAFAR ABBAS,Promoted,3.92,3.64,
31,Information Technology,BS in Information Technology,16,24021556-023,24034256266,MUHAMMAD S/o ASHFAQ AHMAD,Promoted,2.84,2.58,
31,Information Technology,BS in Information Technology,17,24021556-024,24034256268,MUHAMMAD UMAR FAIZ S/o FAIZ AHMED,Promoted,3.32,3.02,
31,Information Technology,BS in Information Technology,18,24021556-025,24034256270,SIDRA D/o MUHAMMAD ASGHAR,Promoted,3.62,3.25,
31,Information Technology,BS in Information Technology,19,24021556-026,24034256271,MUHAMMAD TALAL S/o MUHAMMAD ILYAS,Promoted,3.12,2.44,
31,Information Technology,BS in Information Technology,20,24021556-028,24034256275,ESHA ASIF D/o MUHAMMAD ASIF,Promoted,2.9,2.56,
31,Information Technology,BS in Information Technology,21,24021556-029,24034256277,FIZA BATOOL D/o MUHAMMAD YOUNAS,Promoted,3.61,3.2,
31,Information Technology,BS in Information Technology,22,24021556-031,24034256281,ULFAT AFZAL D/o MUHAMMAD AFZAL MAHMOOD AKBAR,Promoted,2.04,2.2,IT-252
31,Information Technology,BS in Information Technology,23,24021556-032,24034256283,TOHEED S/o MUHAMMAD ASGHAR,Promoted,2.06,1.91,IT-331
31,Information Technology,BS in Information Technology,24,24021556-033,24034256285,MUHAMMAD TAHA BASHIR S/o BASHIR AHMED,Promoted,2.27,2.02,
31,Information Technology,BS in Information Technology,25,24021556-034,24034256287,SYED AHMED HUSSAIN S/o MUAZAM QUDOOS,Promoted,2.51,2.14,
31,Information Technology,BS in Information Technology,26,24021556-035,24034256288,MUHAMMAD FAIZAN S/o MUHAMMAD NAEEM,Promoted,1.95,1.84,IT-106
31,Information Technology,BS in Information Technology,27,24021556-036,24034256290,MEHAK SHEHZADI D/o NASEER AHMED,Promoted,3.57,3.14,
31,Information Technology,BS in Information Technology,28,24021556-038,24034256294,ZAEEM AHMED S/o RANA AQEEL AHMED,Promoted,2.4,2.46,
31,Information Technology,BS in Information Technology,29,24021556-041,24034256344,ZOHA D/o MUHAMMAD YASEEN,Promoted,3.88,3.52,
31,Information Technology,BS in Information Technology,30,24021556-042,24034256345,ABDUL HASIB S/o MUHAMMAD NADEEM,Promoted,3.74,3.28,
31,Information Technology,BS in Information Technology,31,24021556-045,24034256353,ABEERA NAVED D/o NAVEED AHMAD,Promoted,2.64,2.63,
31,Information Technology,BS in Information Technology,32,24021556-046,24034256360,HAFSA D/o BASHARAT ALI,Promoted,3.71,3.25,
31,Information Technology,BS in Information Technology,33,24021556-047,24034256362,SHUMAIL IQBAL D/o MIR MUHAMMAD IQBAL,Promoted,3.69,3.48,
31,Information Technology,BS in Information Technology,34,24021556-048,24034256363,AYESHA D/o ANAMULLAH MUGHAL,Promoted,3.81,3.58,
31,Information Technology,BS in Information Technology,35,24021556-049,24034256364,MUHAMMAD SUBHAN FAROOQ S/o ADIL FAROOQ,Promoted,2.27,2.28,
31,Information Technology,BS in Information Technology,36,24021556-050,24034256385,MICHAL MASIH S/o LABBA MASIH,Promoted,3.58,3.17,
31,Information Technology,BS in Information Technology,37,24021556-051,24034256386,FARZEEN IFTIKHAR D/o IFTIKHAR SADIQ,Promoted,3.44,2.96,
31,Information Technology,BS in Information Technology,38,24021556-052,24034256387,ABDULLAH S/o MUHAMMAD MUSHTAQ,Promoted,2.8,2.52,
31,Information Technology,BS in Information Technology,39,24021556-054,24034256509,HAROON NAWAZ SAROYA S/o MUHAMMAD NAWAZ,Promoted,3.06,2.74,
31,Information Technology,BS in Information Technology,40,24021556-055,24034256510,MUHAMMAD UMAR UZAIR S/o MUHAMMAD UZAIR GHAFFAR,Promoted,2.88,2.29,
31,Information Technology,BS in Information Technology,41,24021556-056,24034256597,ZARRAR S/o MUHAMMAD WASEEM REHMAT,Promoted,2.52,2.59,IT-331
31,Information Technology,BS in Information Technology,42,24021556-059,24034256600,ABDUL REHMAN S/o MAQSOOD AHMED,Promoted,3.37,2.72,
31,Information Technology,BS in Information Technology,43,24021556-060,24034256601,MUHAMMAD INSHALL MEHMOOD S/o TARIQ MEHMOOD,Promoted,3.55,2.69,
31,Information Technology,BS in Information Technology,44,24021556-062,24034256603,MUHAMMAD TALHA SHAHBAZ S/o MUHAMMAD SHAHBAZ,Promoted,3.12,2.81,
31,Information Technology,BS in Information Technology,45,24021556-064,24034256605,IMAN KANWAL D/o MUHAMMAD ILYAS,Promoted,3.71,3.25,
31,Information Technology,BS in Information Technology,46,24021556-065,24034256606,MUHAMMAD DAUD S/o MUHAMMAD SHAKEEL,Promoted,2.9,2.54,
31,Information Technology,BS in Information Technology,47,24021556-066,24034256607,AHMED ALI BHATI S/o MUHAMMAD ASLAM BHATI,Promoted,2.38,2.0,
31,Information Technology,BS in Information Technology,48,24021556-067,24034256608,HAIDER ALI KHAN S/o SAFI ULLAH KHAN,Promoted,3.8,3.14,
32,Information Technology,BS in Information Technology,49,24021556-068,24034256610,MUHAMMAD HAMID RAZA S/o ABDUL QAYYUM,Promoted,2.87,2.78,
32,Information Technology,BS in Information Technology,50,24021556-069,24034256612,MUHAMMAD HAMDAN S/o MUHAMMAD YASEEN QADRI,Promoted,3.39,2.96,
32,Information Technology,BS in Information Technology,51,24021556-070,24034256614,HARIS MALIK S/o AQEEL AFZAL,Promoted,3.48,2.96,
33,Information Technology,BS in Information Technology,1,24024156-001,24034256424,AMEER HAMZA S/o AZHAR SAJJAD,Promoted,2.39,2.45,
33,Information Technology,BS in Information Technology,2,24024156-003,24034256426,MUHAMMAD BILAL S/o IMRAN SAFDAR,Promoted,2.28,2.33,GE-101
33,Information Technology,BS in Information Technology,3,24024156-005,24034256428,WAJIHA NASEEM D/o NASEEM AKHTAR,Promoted,2.56,2.73,
33,Information Technology,BS in Information Technology,4,24024156-006,24034256429,SUBHAN ASLAM BUTT S/o MUHAMMAD ASLAM BUTT,Promoted,1.89,2.22,GE-101
33,Information Technology,BS in Information Technology,5,24024156-007,24034256430,SAIM ALI S/o ANEES AHMED,Promoted,1.98,2.33,
33,Information Technology,BS in Information Technology,6,24024156-009,24034256432,KHADIJA KHALID D/o KHALID ALVI,Promoted,2.91,2.78,
33,Information Technology,BS in Information Technology,7,24024156-013,24034256437,MUHAMMMAD TALHA TAHIR S/o MUHAMMAD TAHIR AYOUB,Promoted,2.92,2.78,
33,Information Technology,BS in Information Technology,8,24024156-014,24034256438,SABEEN FATIMA D/o ALTAF HUSSAIN,Promoted,2.93,2.86,
33,Information Technology,BS in Information Technology,9,24024156-015,24034256439,SWAIBA RASHEED D/o ABDUL RASHEED,Promoted,3.2,3.12,
33,Information Technology,BS in Information Technology,10,24024156-016,24034256440,MARIA KAUSAR D/o MUHAMMAD NAWAZ,Promoted,3.83,3.52,
33,Information Technology,BS in Information Technology,11,24024156-017,24034256441,MUHAMMAD MUKARAM S/o NADEEM KHALID,Promoted,2.61,2.6,
33,Information Technology,BS in Information Technology,12,24024156-018,24034256442,SHAHEER KASHIF S/o KASHIF SALEEM,Promoted,3.23,2.62,
33,Information Technology,BS in Information Technology,13,24024156-019,24034256443,AHMED HASSAN S/o KHALID MEHMOOD,Promoted,1.36,2.18,"GE-101, IT-364"
33,Information Technology,BS in Information Technology,14,24024156-020,24034256445,ZARLALA D/o GHULAM SHABBIR,Promoted,2.95,2.96,
33,Information Technology,BS in Information Technology,15,24024156-021,24034256446,maria iftikhar D/o iftikhar ahmad,Promoted,1.8,2.4,IT-331
33,Information Technology,BS in Information Technology,16,24024156-024,24034256483,AMBER TAJAMMAL D/o TAJAMMAL HUSSAIN,Promoted,2.98,2.62,
33,Information Technology,BS in Information Technology,17,24024156-026,24034256485,AHMED HASEEB S/o MUHAMMAD SHAHZAD,Promoted,1.64,2.06,"GE-103, IT-331"
33,Information Technology,BS in Information Technology,18,24024156-027,24034256486,UMER EJAZ S/o EJAZ AHMED,Promoted,3.01,2.78,
33,Information Technology,BS in Information Technology,19,24024156-028,24034256487,MUHAMMAD SAMIULLAH S/o ANSAR MEHMOOD BAJWA,Promoted,1.27,1.92,"GE-101, GE-206, IT-331"
33,Information Technology,BS in Information Technology,20,24024156-029,24034256488,AHMED ALI S/o SHAHZAD MUSHTAQ,Promoted,1.64,1.82,"GE-101, IT-217"
33,Information Technology,BS in Information Technology,21,24024156-030,24034256489,AMNA D/o MUHAMMAD SADDIQUE,Promoted,3.11,2.98,
33,Information Technology,BS in Information Technology,22,24024156-031,24034256490,HAMNA D/o MUHAMMAD SADDIQUE,Promoted,2.74,2.78,
33,Information Technology,BS in Information Technology,23,24024156-033,24034256492,MUHAMMAD ABUBAKAR S/o MUHAMMAD YASEEN,Promoted,1.43,1.9,"IT-331, IT-364"
33,Information Technology,BS in Information Technology,24,24024156-034,24034256493,ZAIGHUM ALIYY GHAZI S/o SAAD AKHTAR,Promoted,2.9,2.85,
33,Information Technology,BS in Information Technology,25,24024156-035,24034256494,NOOR UL FAIZAN S/o MUHAMMAD AFZAL,Promoted,2.2,2.13,
33,Information Technology,BS in Information Technology,26,24024156-036,24034256495,MUHAMMAD S/o MUNAWAR HUSSAIN,Promoted,3.07,3.04,
33,Information Technology,BS in Information Technology,27,24024156-038,24034256497,MUHAMMAD OMER FAROOQ S/o MUHAMMAD BOOTA,Promoted,1.31,1.87,"IT-121, IT-217, IT-331"
33,Information Technology,BS in Information Technology,28,24024156-040,24034256499,MUBASHAR JAMEEL S/o MUHAMMAD JAMEEL,Promoted,2.23,2.06,
33,Information Technology,BS in Information Technology,29,24024156-042,24034256520,TALHA AKHTAR S/o MUHAMMAD AKHTAR,Promoted,2.67,2.71,
33,Information Technology,BS in Information Technology,30,24024156-043,24034256559,MUHAMMAD FAISAL YASEEN S/o GHULAM YASEEN,Promoted,2.33,2.33,IT-331
33,Information Technology,BS in Information Technology,31,24024156-045,24034256561,HASHIM ABBAS S/o GHULAM ABBAS,Promoted,3.26,2.66,
33,Information Technology,BS in Information Technology,32,24024156-047,24034256563,FAISAL IJAZ S/o IJAZ HUSSAIN,Promoted,1.49,2.15,"GE-103, IT-217, IT-252"
33,Information Technology,BS in Information Technology,33,24024156-049,24034256570,ABDUL AHAD S/o MUHAMMAD AMIN,Promoted,1.36,2.0,"GE-103, IT-106, IT-331"
33,Information Technology,BS in Information Technology,34,24024156-051,24034256572,ABDUL REHMAN S/o ABDUL RAUF,Promoted,2.33,2.38,IT-331
33,Information Technology,BS in Information Technology,35,24024156-052,24034256573,MUHAMMAD MOHID MALIK S/o MUHAMMAD YAQOOB MALIK,Promoted,1.45,2.33,"GE-101, GE-103, IT-252, IT- 331"
33,Information Technology,BS in Information Technology,36,24024156-054,24034256575,REHMAN ALI S/o ASIF BASHIR,Promoted,1.77,2.16,"IT-217, IT-252"
33,Information Technology,BS in Information Technology,37,24024156-056,24034256589,MUHAMMAD QASIM S/o MALIK MUHAMMAD YASEEN,Promoted,2.56,2.57,
33,Information Technology,BS in Information Technology,38,24024156-057,24034256590,MUHAMMAD QASIM S/o AMIR JAVED,Promoted,2.75,2.73,
33,Information Technology,BS in Information Technology,39,24024156-059,24034256592,MUHAMMAD QASIM S/o ATTA ULLAH,Promoted,2.56,2.52,
33,Information Technology,BS in Information Technology,40,24024156-061,24034256594,MUHAMMAD HASSAN MAHMOOD BAJWA S/o MAHMOOD AHMED BAJWA,Promoted,1.83,1.98,"IT-252, MATH-128"
33,Information Technology,BS in Information Technology,41,24024156-062,24034256595,SHAHARYAR AHMAD KHAN S/o MUHAMMAD LATIF,Promoted,2.64,2.62,
33,Information Technology,BS in Information Technology,42,24024156-063,24034256596,KHIZAR ALI S/o SHAHZAD,Promoted,2.18,2.31,
33,Information Technology,BS in Information Technology,43,24024156-064,24034256609,MUHAMMAD JAWAD S/o ZAHID LATIF,Promoted,2.73,2.61,GE-103
35,Information Technology,BS in Information Technology,1,24831556-004,24034256602,MUHAMMAD BILAL NADEEM S/o NADEEM AHMED SIDDIQUE,Promoted,2.22,2.03,"GE-206, IT-331"
35,Information Technology,BS in Information Technology,2,24831556-005,24034256604,SAUD UR REHMAN KHILJI S/o MUHAMMAD AYUB KHILJI,Promoted,2.45,2.15,"GE-206, IT-106"
36,Information Technology,BS in Information Technology,1,25101556-001,25034256593,SAMREEN D/o MAZHAR IQBAL GHUMMAN,Promoted,2.95,3.12,
36,Information Technology,BS in Information Technology,2,25101556-002,25034256594,KHURAM FAYYAZ S/o FAYYAZ HUSSAIN,Promoted,2.82,2.91,IT-121
36,Information Technology,BS in Information Technology,3,25101556-003,25034256595,AREEJ FATIMA D/o MUHAMMAD SHABBIR HUSSAIN SHAH,Promoted,3.37,3.4,MATH-128
36,Information Technology,BS in Information Technology,4,25101556-004,25034256596,MUHAMMAD ARBAZ S/o MUHAMMAD WARIS,Promoted,2.49,2.62,IT-121
36,Information Technology,BS in Information Technology,5,25101556-005,25034256597,HAIDER SHAFIQ S/o MUHAMMAD SHAFIQ GONDAL,Promoted,1.93,2.28,"IT-106, IT-121"
36,Information Technology,BS in Information Technology,6,25101556-006,25034256598,ALEENA BATOOL D/o JAMEEL AHMED,Promoted,3.12,3.27,IT-121
36,Information Technology,BS in Information Technology,7,25101556-007,25034256599,MAHNOOR D/o QAISER MEHMOOD,Promoted,3.44,3.5,
36,Information Technology,BS in Information Technology,8,25101556-008,25034256600,MALIKA QAMAR D/o QAMAR UL ZAMAN BAIG,Promoted,2.73,2.92,"IT-121, MATH-128"
36,Information Technology,BS in Information Technology,9,25101556-009,25034256601,MUHAMMAD REHAN S/o MUHAMMAD YASEEN,Promoted,2.03,2.14,"IT-106, IT-121"
36,Information Technology,BS in Information Technology,10,25101556-010,25034256602,WAQAS ALI S/o SHAFIQUE HUSSAIN,Promoted,2.05,1.79,"IT-106, IT-121"
36,Information Technology,BS in Information Technology,11,25101556-011,25034256603,SAMRA NADEEM D/o NADEEM IQBAL,Promoted,2.94,3.23,IT-121
36,Information Technology,BS in Information Technology,12,25101556-012,25034256604,TOOBA SAJJAD D/o SAJJAD AHMAD,Promoted,2.49,2.36,"IT-106, IT-121"
36,Information Technology,BS in Information Technology,13,25101556-013,25034256605,UMAR SHABBIR S/o SHABBIR AHMAD,Promoted,2.45,2.85,"IT-106, IT-121"
36,Information Technology,BS in Information Technology,14,25101556-014,25034256606,MUHAMMAD ZOHAIB S/o MANZOOR HUSSAIN,Promoted,3.05,3.1,
36,Information Technology,BS in Information Technology,15,25101556-015,25034256607,NUZHAT D/o HASHMAT ALI,Promoted,3.15,3.24,IT-121
36,Information Technology,BS in Information Technology,16,25101556-018,25034256610,USMAN IQBAL S/o MUHAMMAD IQBAL,Promoted,2.99,2.69,
36,Information Technology,BS in Information Technology,17,25101556-019,25034256611,ALI ANWAR S/o MUHAMMAD ANWAR,Promoted,2.43,2.38,"IT-106, IT-121"
36,Information Technology,BS in Information Technology,18,25101556-020,25034256612,FALAK ARMAN S/o ARMAN SIDDIQUE,Promoted,2.85,2.89,IT-121
36,Information Technology,BS in Information Technology,19,25101556-021,25034256613,KAMRAN AMIR S/o AMIR IQBAL,Promoted,2.37,2.25,"IT-106, IT-121"
36,Information Technology,BS in Information Technology,20,25101556-022,25034256614,MALIK ARHAM S/o MUHAMMAD WAQAS,Promoted,2.72,2.49,IT-121
36,Information Technology,BS in Information Technology,21,25101556-023,25034256615,HAMZA ABBAS S/o HAFIZ GHULAM ABBAS,Promoted,3.53,3.37,
36,Information Technology,BS in Information Technology,22,25101556-024,25034256616,MUHAMMAD HASSAN S/o NASIR AHMED,Promoted,2.08,2.12,"IT-106, IT-107, IT-121, IT-244"
36,Information Technology,BS in Information Technology,23,25101556-026,25034256618,MOHTASIM IJAZ BUTT S/o ASIF IJAZ BUTT,Promoted,2.49,2.32,IT-121
36,Information Technology,BS in Information Technology,24,25101556-027,25034256619,MUHAMMAD USMAN S/o MUHAMMAD YASEEN,Promoted,2.8,2.9,IT-121
36,Information Technology,BS in Information Technology,25,25101556-028,25034256620,MURSALA ZAINAB D/o GHULAM MUSTAFA TABASSAM,Promoted,2.93,3.22,IT-121
36,Information Technology,BS in Information Technology,26,25101556-029,25034256621,MUHAMMAD AMEER ALI S/o MUHAMMAD AKRAM,Promoted,2.18,2.36,"IT-106, IT-121, MATH-128"
36,Information Technology,BS in Information Technology,27,25101556-030,25034256622,MUBEEN RIASAT D/o RIASAT ALI,Promoted,2.48,2.7,"IT-106, IT-121"
36,Information Technology,BS in Information Technology,28,25101556-031,25034256623,HAMZA USMAN S/o MUHAMMAD USMAN,Promoted,2.57,2.54,IT-121
36,Information Technology,BS in Information Technology,29,25101556-032,25034256624,AMINA SHEHZADI D/o SHOUKAT ALI,Promoted,3.22,3.25,
36,Information Technology,BS in Information Technology,30,25101556-033,25034256625,ADIL NAWAZ S/o NAWAZ HUSSAIN,Promoted,2.87,2.78,IT-121
36,Information Technology,BS in Information Technology,31,25101556-034,25034256626,ZABYA SAJID D/o SAJID MUHMOOD BHATTI,Promoted,2.49,2.46,"IT-106, IT-121, MATH-128"
36,Information Technology,BS in Information Technology,32,25101556-035,25034256627,ANAM RUBAB D/o GHULAM SHABEER,Promoted,2.89,3.11,IT-121
36,Information Technology,BS in Information Technology,33,25101556-036,25034256629,AYESHA D/o MUHAMMAD AKRAM BUTT,Promoted,3.33,3.32,
36,Information Technology,BS in Information Technology,34,25101556-037,25034256630,MARYUM D/o NASEER AHMAD,Promoted,3.41,3.19,
36,Information Technology,BS in Information Technology,35,25101556-038,25034256631,MUHAMMAD SHUMAIM KHAN S/o FAIZ AHMED,Promoted,2.83,2.75,IT-121
36,Information Technology,BS in Information Technology,36,25101556-040,25034256633,IHTISHAM AKHTAR S/o MUHAMMAD AKHTAR,Promoted,3.65,3.47,
36,Information Technology,BS in Information Technology,37,25101556-041,25034256634,MUHAMMAD ALI S/o MUHAMMAD IMTIAZ MALIK,Promoted,3.2,2.87,
36,Information Technology,BS in Information Technology,38,25101556-042,25024256635,LAIBA MUNAWAR D/o MUNAWAR HUSSAIN,Promoted,3.16,3.05,
36,Information Technology,BS in Information Technology,39,25101556-043,25034256636,SARA ALTAF D/o MUHAMMAD ALTAF,Promoted,2.88,2.99,IT-106
36,Information Technology,BS in Information Technology,40,25101556-044,25034256637,AMINA BIBI D/o MUHAMMAD RAZZAQ,Promoted,3.34,3.18,
36,Information Technology,BS in Information Technology,41,25101556-045,25034256638,MUHAMMAD ANEES S/o MUHAMMAD AFZAL,Promoted,2.53,2.59,"IT-106, IT-121"
36,Information Technology,BS in Information Technology,42,25101556-046,25034256639,MEHAK MEHMOOD D/o SHAHID MEHMOOD,Promoted,2.87,2.92,IT-121
36,Information Technology,BS in Information Technology,43,25101556-047,25034256640,ABDULLAH ZAHID S/o ZAHID HAMEED,Promoted,2.86,2.78,IT-121
36,Information Technology,BS in Information Technology,44,25101556-048,25034256641,MUBASSHIR ABBAS S/o ABBAS JAVAID,Promoted,2.39,2.31,"IT-106, IT-121"
36,Information Technology,BS in Information Technology,45,25101556-049,25034256642,UMRA ILYAS D/o MUHAMMAD ILYAS,Promoted,2.99,2.86,IT-121
36,Information Technology,BS in Information Technology,46,25101556-050,25034256643,MUHAMMAD TAIMUR S/o ABDUL RAUF,Promoted,3.09,3.08,IT-121
36,Information Technology,BS in Information Technology,47,25101556-051,25034256644,AMEER HAMZA S/o MUHAMMAD ASLAM,Promoted,2.27,2.46,"IT-106, IT-121"
36,Information Technology,BS in Information Technology,48,25101556-052,25034256645,KHADIJA RANI D/o FAIZ AHMAD,Promoted,3.04,2.92,IT-121
37,Information Technology,BS in Information Technology,49,25101556-053,25034256646,MUHAMMAD UZAIR NAVEED TOOR S/o NAVEED AKHTER TOOR,Promoted,2.07,2.07,"IT-106, IT-121"
37,Information Technology,BS in Information Technology,50,25101556-054,25034256647,USMAN GHANI S/o ZULFIQAR AHMED,Promoted,3.06,2.88,IT-121
37,Information Technology,BS in Information Technology,51,25101556-055,25034256648,KHALID ABBAS S/o HAFIZ GHULAM ABBAS,Promoted,3.29,3.24,IT-121
37,Information Technology,BS in Information Technology,52,25101556-056,25034256649,AROOJ RAHID D/o NASRULLAH,Promoted,3.01,3.07,IT-121
37,Information Technology,BS in Information Technology,53,25101556-057,25034256650,LAIBA SHAHID D/o MIRZA SHAHID BAIG,Promoted,3.15,3.17,IT-121
37,Information Technology,BS in Information Technology,54,25101556-058,25034256651,MUHAMMAD DAWOOD S/o MUHAMMAD IQBAL,Promoted,1.68,2.0,"IT-106, IT-121, IT-221"
37,Information Technology,BS in Information Technology,55,25101556-059,25034256652,JAVERIA D/o MUHAMMAD RIZWAN,Promoted,3.08,2.98,
37,Information Technology,BS in Information Technology,56,25101556-060,25034256653,UMAIR ALI S/o MUHAMMAD SHAHID,Promoted,3.03,2.97,
37,Information Technology,BS in Information Technology,57,25101556-061,25034256654,USMAN ALI S/o NADEEM NAZEER BHATTI,Promoted,1.95,2.12,"IT-106, IT-121"
37,Information Technology,BS in Information Technology,58,25101556-063,25034256660,SAKINA NOOR D/o MUHAMMAD SHABBIR,Promoted,3.27,3.4,IT-121
37,Information Technology,BS in Information Technology,59,25101556-064,25034256661,MUHAMMAD SHEHROZ KHAN S/o GULL IMRAN KHAN,Promoted,2.52,2.53,"IT-106, IT-121"
37,Information Technology,BS in Information Technology,60,25101556-065,25034256662,HAMZA IJAZ S/o IJAZ AHMAD,Promoted,2.37,2.41,"IT-106, IT-121"
37,Information Technology,BS in Information Technology,61,25101556-066,25034256663,MUHAMMAD IBRAHEEM S/o AMIR WAHEED,Promoted,2.55,2.62,"IT-106, IT-121"
37,Information Technology,BS in Information Technology,62,25101556-068,25034256665,ABDUL MUHAIMIN NAEEM S/o MUHAMMAD NAEEM AZAM,Promoted,2.43,2.6,"IT-106, IT-121"
37,Information Technology,BS in Information Technology,63,25101556-069,25034256666,MUHAMMAD ALI S/o KARAMAT ALI,Promoted,2.41,2.22,"IT-106, IT-121"
37,Information Technology,BS in Information Technology,64,25101556-070,25034256667,ABDULLAH S/o MUHAMMAD NADEEM,Promoted,2.66,2.68,IT-121
38,Information Technology,BS in Information Technology,1,25821556-003,25034256632,HAMMAD ZAFAR S/o ZAFAR IQBAL,Promoted,2.23,2.23,"IT-121, MATH-128"
39,Information Technology,BS in Information Technology (Evening),1,25034156-002,2503421411002,MUHAMMAD TALHA S/o ANSER JAVED,Promoted,3.5,2.78,
39,Information Technology,BS in Information Technology (Evening),2,25034156-003,2503421411003,JAVERIYA D/o IMRAN SHAHID BHATTI,Promoted,2.45,2.31,IT-121
39,Information Technology,BS in Information Technology (Evening),3,25034156-004,2503421411004,ABU ANAS S/o SHAFIQ UR REHMAN,Promoted,3.54,3.41,
39,Information Technology,BS in Information Technology (Evening),4,25034156-006,2503421411006,SAUD S/o AFGEN MUJAHID BHATTI,Promoted,3.08,2.86,
39,Information Technology,BS in Information Technology (Evening),5,25034156-007,2503421411007,TIMER SALEEM KHOKHAR D/o SALEEM MASIH,Promoted,3.37,3.01,
39,Information Technology,BS in Information Technology (Evening),6,25034156-008,2503421411008,ZAINAB IMRAN D/o IMRAN IKRAM DEURA,Promoted,3.39,2.84,
39,Information Technology,BS in Information Technology (Evening),7,25034156-009,2503421411009,MUHAMMAD IBRAHIM S/o HAFIZ MUHAMMAD KASHIF,Promoted,3.15,2.76,
39,Information Technology,BS in Information Technology (Evening),8,25034156-012,2503421411012,SHAINA D/o ANWAR KHAN,Promoted,3.46,3.09,
39,Information Technology,BS in Information Technology (Evening),9,25034156-013,2503421411013,ALI ABBAS S/o SYED MURTZA ALI,Promoted,3.13,3.09,IT-121
39,Information Technology,BS in Information Technology (Evening),10,25034156-015,2503421411015,FARHAN BUTT S/o ATIQ UR REHMAN BUTT,Promoted,3.42,3.21,
39,Information Technology,BS in Information Technology (Evening),11,25034156-016,2503421411016,MUHAMMAD USMAN S/o MUHAMMAD AZAM,Promoted,2.45,2.32,IT-121
39,Information Technology,BS in Information Technology (Evening),12,25034156-017,2503421411017,MAHAD S/o IFTIKHAR HUSSAIN,Promoted,2.5,2.35,IT-121
39,Information Technology,BS in Information Technology (Evening),13,25034156-018,2503421411018,MUHAMMAD SUBHAN LONE S/o RIZWAN MAJEED LONE,Promoted,2.92,3.05,IT-121
39,Information Technology,BS in Information Technology (Evening),14,25034156-019,2503421411019,HASEEB ALI S/o MUHAMMAD AMIN QADRI,Promoted,3.45,3.54,
39,Information Technology,BS in Information Technology (Evening),15,25034156-020,2503421411020,ALI SHAIR S/o MUHAMMAD MAQSOOD BUTT,Promoted,3.28,3.4,
39,Information Technology,BS in Information Technology (Evening),16,25034156-021,2503421411021,MUHAMMAD AHMAD S/o MUHAMMAD RAMZAN,Promoted,2.97,2.84,"IT-121, MATH-128"
39,Information Technology,BS in Information Technology (Evening),17,25034156-022,2503421411022,SUBHAN ALI S/o MUHAMMAD SHAHBAZ,Promoted,2.83,2.65,IT-121
39,Information Technology,BS in Information Technology (Evening),18,25034156-024,2503421411024,MUHAMMAD TAIMOOR S/o SARFRAZ AHMED,Promoted,2.64,2.68,IT-121
39,Information Technology,BS in Information Technology (Evening),19,25034156-025,2503421411025,MUHAMMAD SOHAIB S/o ASAD ZAHEER,Promoted,2.08,2.38,"GE-201, IT-121"
39,Information Technology,BS in Information Technology (Evening),20,25034156-026,2503421411026,SOHAIL ABBAS S/o MUHAMMAD ABBAS,Promoted,2.71,2.81,IT-121
39,Information Technology,BS in Information Technology (Evening),21,25034156-027,2503421411027,MARYAM ZAHID D/o MUHAMMAD ZAHID,Promoted,3.13,3.27,IT-121
39,Information Technology,BS in Information Technology (Evening),22,25034156-028,2503421411028,WAJEEHA ASIF D/o ASIF RASOOL,Promoted,3.21,3.48,IT-121
39,Information Technology,BS in Information Technology (Evening),23,25034156-029,2503421411029,ABDUL WAHAB S/o GHULAM DASTGEER,Promoted,3.19,3.38,
39,Information Technology,BS in Information Technology (Evening),24,25034156-030,2503421411030,MUHAMMAD ALI S/o ADNAN PAUL,Promoted,2.07,2.31,IT-121
39,Information Technology,BS in Information Technology (Evening),25,25034156-031,2503421411031,TURAB ABBAS S/o ASAD ALI,Promoted,2.19,2.38,"IT-106, IT-121"
39,Information Technology,BS in Information Technology (Evening),26,25034156-032,2503421411032,ABDULLAH DAR S/o HAMEED ULLAH DAR,Promoted,2.15,2.1,"IT-106, IT-121"
39,Information Technology,BS in Information Technology (Evening),27,25034156-033,2503421411033,FATIMA WASEEM D/o MUHAMMAD WASEEM,Promoted,2.95,2.9,IT-121
39,Information Technology,BS in Information Technology (Evening),28,25034156-034,2503421411034,MOEEN HAIDER S/o MUHAMMAD SALEEM,Promoted,2.76,2.79,IT-121
39,Information Technology,BS in Information Technology (Evening),29,25034156-035,2503421411035,NANDANI KUMARI D/o DOULAT RAM,Promoted,3.18,3.26,
39,Information Technology,BS in Information Technology (Evening),30,25034156-036,2503421411036,SHAROON NADEEM S/o NADEEM IQBAL,Promoted,2.9,2.86,
39,Information Technology,BS in Information Technology (Evening),31,25034156-037,2502421411037,HASEEB AHMAD S/o MUHAMMAD ZAHEER,Promoted,2.21,2.48,"IT-106, IT-121"
39,Information Technology,BS in Information Technology (Evening),32,25034156-038,2503421411038,AMEER HAMZA S/o MUHAMMAD IRFAN,Promoted,2.3,2.12,"IT-106, IT-121"
39,Information Technology,BS in Information Technology (Evening),33,25034156-039,2503421411039,SEHAR BUTT D/o MUHAMMAD IQBAL BUTT,Promoted,3.09,2.81,
39,Information Technology,BS in Information Technology (Evening),34,25034156-040,2503421411040,FIZA D/o MUHAMMAD TUFAIL,Promoted,2.72,2.77,IT-121
39,Information Technology,BS in Information Technology (Evening),35,25034156-041,2503421411041,EISHA D/o MOHAMMAD ANWAR,Promoted,3.18,3.18,
39,Information Technology,BS in Information Technology (Evening),36,25034156-042,2503421411042,FIZA ALI D/o MUHAMMAD ANWAR,Promoted,2.97,3.09,IT-121
39,Information Technology,BS in Information Technology (Evening),37,25034156-043,2503421411043,MEHAK FATIMA D/o TAHIR,Promoted,3.04,3.12,IT-121
39,Information Technology,BS in Information Technology (Evening),38,25034156-044,2503421411044,MOHID ASIF S/o ASIF BASHIR BUTT,Promoted,1.98,2.22,"IT-106, IT-121, IT-244"
39,Information Technology,BS in Information Technology (Evening),39,25034156-045,2503421411045,ALI HASSAN S/o AFTAB AHMAD,Promoted,2.74,3.08,IT-121
39,Information Technology,BS in Information Technology (Evening),40,25034156-046,2503421411046,TOHEED ALI S/o QAISER MEHMOOD MIR,Promoted,3.12,3.03,
39,Information Technology,BS in Information Technology (Evening),41,25034156-047,2503421411047,ZAIN UL ABIDEEN S/o MUHAMMAD ARIF,Promoted,2.76,2.82,IT-121
39,Information Technology,BS in Information Technology (Evening),42,25034156-049,2503421411049,SOWIBA D/o MUHAMMAD AQEEL,Promoted,3.35,3.4,
39,Information Technology,BS in Information Technology (Evening),43,25034156-050,2503421411050,HAFIZA AISHA RASHID D/o RASHID HAYEE,Promoted,3.43,3.66,
39,Information Technology,BS in Information Technology (Evening),44,25034156-051,2503421411051,HUMDIAH SAHER D/o TANVEER ABBAS,Promoted,2.65,2.89,IT-121
39,Information Technology,BS in Information Technology (Evening),45,25034156-052,2503421411052,ALEEZA NAEEM D/o NAEEM AHMED,Promoted,3.37,3.24,
39,Information Technology,BS in Information Technology (Evening),46,25034156-053,2503421411053,HUMA IMAN D/o QADEER AHMED,Promoted,3.48,3.67,
39,Information Technology,BS in Information Technology (Evening),47,25034156-054,2503421411054,HAJWERIA SHAFIQUE D/o MUHAMMAD SHAFIQUE,Promoted,2.73,2.86,IT-121
39,Information Technology,BS in Information Technology (Evening),48,25034156-055,2502421411055,ZAIN UL ABIDEN S/o SHOUKAT ALI,Promoted,2.35,2.38,IT-121
40,Information Technology,BS in Information Technology (Evening),49,25034156-056,2503421411056,AYSHA BATOOL D/o MUHAMMAD IQBAL,Promoted,3.14,3.34,IT-121
40,Information Technology,BS in Information Technology (Evening),50,25034156-057,2503421411057,SAIF ULLAH S/o MATEE ULLAH,Promoted,1.88,2.09,"IT-106, IT-121"
40,Information Technology,BS in Information Technology (Evening),51,25034156-058,2503421411058,ABDUL REHMAN S/o M IRFAN,Promoted,2.54,2.76,IT-121
40,Information Technology,BS in Information Technology (Evening),52,25034156-059,2503421411059,MUHAMMAD TALHA WARAICH S/o SHAFQAT ALI,Promoted,1.92,2.17,"IT-106, IT-121"
40,Information Technology,BS in Information Technology (Evening),53,25034156-060,2503421411060,MUNEEB UR REHMAN S/o IMRAN YOUNAS,Promoted,2.46,2.07,IT-121
40,Information Technology,BS in Information Technology (Evening),54,25034156-061,2503421411061,ABDULLAH S/o MUHAMMAD NAEEM UL REHMAN,Promoted,2.99,2.99,IT-121
40,Information Technology,BS in Information Technology (Evening),55,25034156-062,2503421411062,DAIM MIR S/o MUHAMMAD ADEEL MIR,Promoted,2.94,2.84,IT-121
40,Information Technology,BS in Information Technology (Evening),56,25034156-063,2503421411063,RABIA D/o AMJAD ALI,Promoted,3.59,3.51,
40,Information Technology,BS in Information Technology (Evening),57,25034156-064,2502421411064,RANA MUNEEB ALI S/o GHULAM MURTAZA,Promoted,2.26,2.21,IT-121
40,Information Technology,BS in Information Technology (Evening),58,25034156-065,2503421411065,AMEER ALI S/o SKANDER HAYAT,Promoted,3.15,3.11,
40,Information Technology,BS in Information Technology (Evening),59,25034156-067,2502421411067,ISHA ASLAM D/o MUHAMMAD ASLAM,Promoted,3.04,2.5,IT-121
40,Information Technology,BS in Information Technology (Evening),60,25034156-068,2503421411068,EMAN FATIMA D/o MIRZA MUJAHID BAIG,Promoted,2.97,2.9,IT-121
40,Information Technology,BS in Information Technology (Evening),61,25034156-069,2503421411069,MUHAMMAD AHMED S/o NADEEM AKHTAR,Promoted,1.48,1.73,"IT-106, IT-121"
40,Information Technology,BS in Information Technology (Evening),62,25034156-070,2503421411070,MUHAMMAD ABDUL BAQI S/o WASEEM AKHTAR,Promoted,1.83,1.92,"IT-106, IT-121"
41,English,BS English (Language and Literature),1,21041502-050,21034202598,MASHAL MUNAWAR D/o MUNAWAR HUSSAIN,Promoted,0.9,2.27,"ENG-423, ENG-427"
42,English,BS English (Language and Literature),1,22014102-002,22034202445,Muhammad Ahsan S/o Muhammad Arif,Promoted,3.1,2.5,
42,English,BS English (Language and Literature),2,22014102-003,22034202446,Muhammad Talha Munir S/o Muhammad Munir,Promoted,3.13,2.63,
42,English,BS English (Language and Literature),3,22014102-005,22034202448,Safat Raza S/o Lazer Griffin,Promoted,2.85,2.63,
42,English,BS English (Language and Literature),4,22014102-006,22034202449,Muhammad Ismaeel S/o Muhammad Mushtaq,Promoted,2.1,2.15,
42,English,BS English (Language and Literature),5,22014102-007,22034202450,Syeda Zainab Aftab D/o Syed Shahzada Aftab Alam,Promoted,3.06,2.69,
42,English,BS English (Language and Literature),6,22014102-008,22024202451,Fatma Mahmud D/o Mahmud Riaz,Promoted,3.38,2.97,
42,English,BS English (Language and Literature),7,22014102-009,22034202452,Hasnat Ahmed S/o Rasheed Arif,Promoted,2.94,2.51,
42,English,BS English (Language and Literature),8,22014102-010,22034202453,Malaika D/o Hamayun Ghouri,Promoted,2.38,2.73,
42,English,BS English (Language and Literature),9,22014102-012,22034202455,Khadija D/o Shanawar Mehmood,Promoted,1.21,2.19,"ENG-401, ENG-423"
42,English,BS English (Language and Literature),10,22014102-013,22034202456,Amina Ijaz D/o Ijaz Ahmed,Promoted,2.1,2.66,
42,English,BS English (Language and Literature),11,22014102-014,22034202457,Ayesha D/o AbdulRehman,Promoted,2.98,3.01,
42,English,BS English (Language and Literature),12,22014102-015,22034202458,Afsheen D/o Muhammad Munir,Promoted,1.57,2.19,ENG-324
42,English,BS English (Language and Literature),13,22014102-016,22034202459,Nadab Muskan D/o Haroon Gill,Promoted,2.07,2.0,
42,English,BS English (Language and Literature),14,22014102-017,22034202460,Fatima Batool D/o Muhammad Nadeem,Promoted,2.98,2.7,
42,English,BS English (Language and Literature),15,22014102-018,22034202461,Laiba Saher D/o Zahid Mehmood,Promoted,2.48,2.89,
42,English,BS English (Language and Literature),16,22014102-019,22034202462,Amina Sajid D/o Sajid Nadeem,Promoted,0.36,2.3,"ENG-324, ENG-419, ENG-423, ENG-427, ENG-441"
42,English,BS English (Language and Literature),17,22014102-021,22034202464,Tanzeela Arif D/o Muhammad Arif,Promoted,2.28,2.65,
42,English,BS English (Language and Literature),18,22014102-022,22034202465,Aina Rafaqat D/o Rafaqat Ali,Promoted,2.25,2.62,
42,English,BS English (Language and Literature),19,22014102-024,22034202467,Rida D/o Shabbir Ahmad,Promoted,2.23,2.79,
42,English,BS English (Language and Literature),20,22014102-027,22034202470,Shayan Tariq S/o Tariq Mehmood Chaichee,Promoted,0.64,2.16,"ENG-324, ENG-422, ENG-427"
42,English,BS English (Language and Literature),21,22014102-028,22034202471,Ezza Khalid D/o Khalid Mehmood,Promoted,2.4,2.84,
42,English,BS English (Language and Literature),22,22014102-029,22034202472,Fajar Nadir D/o Nadir Ihsan,Promoted,3.06,3.46,
42,English,BS English (Language and Literature),23,22014102-030,22034202473,Khadija Zaib D/o Rana Aurangezaib,Promoted,2.3,2.76,
42,English,BS English (Language and Literature),24,22014102-033,22034202476,Maryam Shahid D/o Shahid Mehmood,Promoted,1.29,2.13,ENG-427
42,English,BS English (Language and Literature),25,22014102-034,22034202477,Momina Noor D/o Muhammad Khalid,Promoted,1.5,2.47,ENG-427
42,English,BS English (Language and Literature),26,22014102-035,22034202478,Sidra D/o Muhammad Ishtique,Promoted,0.82,2.03,"ENG-413, ENG-423, ENG-427, ENG-441"
42,English,BS English (Language and Literature),27,22014102-038,22034202481,Urwa Nayyab D/o Ghulam Shabbir,Promoted,2.48,2.84,
42,English,BS English (Language and Literature),28,22014102-039,22034202482,Samreena Shahzadi D/o Karamat Khan,Promoted,2.68,2.79,
42,English,BS English (Language and Literature),29,22014102-043,22034202565,Laiba Waheed D/o Amjad Waheed,Promoted,1.38,2.41,ENG-413
42,English,BS English (Language and Literature),30,22014102-044,22034202566,Muhammad Zaid S/o Muhammad Arshad,Promoted,3.06,2.9,
42,English,BS English (Language and Literature),31,22014102-045,22034202567,Zainab Imran D/o Muhammad Imran,Promoted,2.83,3.14,
42,English,BS English (Language and Literature),32,22014102-046,22034202568,Tabish Hashmat S/o Imtiaz Bin Hashmat,Promoted,1.7,2.09,ENG-427
42,English,BS English (Language and Literature),33,22014102-047,22034202569,Zainab Bin Mazhar D/o Mazhar Tanveer butt,Promoted,3.34,3.31,
42,English,BS English (Language and Literature),34,22014102-048,22034202570,Muhammad Faraz S/o Haq Nawaz,Promoted,2.01,1.87,ENG-422
42,English,BS English (Language and Literature),35,22014102-050,22034202572,Gul Afshan D/o Zulfiqar Ali,Promoted,2.48,2.91,
42,English,BS English (Language and Literature),36,22014102-051,22034202573,Maryam D/o Qamar Pervaiz,Promoted,1.68,2.39,
42,English,BS English (Language and Literature),37,22014102-052,22034202627,Ayesha Maqsood D/o Maqsood Ahmad,Promoted,2.58,2.71,
42,English,BS English (Language and Literature),38,22014102-053,22034202628,Sehar D/o Nazar Hussain,Promoted,2.27,2.32,
43,English,BS English (Language and Literature),1,22021502-001,22034202362,Faiza Arshad D/o Muhammad Arshad,Promoted,1.71,2.09,ENG-441
43,English,BS English (Language and Literature),2,22021502-002,22034202363,Abu Hunzla S/o Amjad Ali butt,Promoted,1.6,2.19,
43,English,BS English (Language and Literature),3,22021502-003,22034202364,Muhammad Mawia S/o Muhammad Maq sood,Promoted,0.6,1.99,"ENG-413, ENG-423, ENG-441"
43,English,BS English (Language and Literature),4,22021502-004,22034202365,Shaman Malik D/o Ghafoor Hussain,Promoted,2.5,3.03,
43,English,BS English (Language and Literature),5,22021502-005,22034202366,Hafsa Yousaf D/o Muhammad Yousaf,Promoted,2.5,2.45,
43,English,BS English (Language and Literature),6,22021502-007,22034202368,Sobia D/o Hazoor Bakhsh,Promoted,2.7,2.92,
43,English,BS English (Language and Literature),7,22021502-009,22034202370,Azka Noor D/o Muhammad Ilyas,Promoted,2.98,3.02,
43,English,BS English (Language and Literature),8,22021502-010,22034202371,Syed Ehtisham Ul Hassan Jilani S/o Syed Tanveer Ul Hassan Jilani,Promoted,2.1,2.31,
43,English,BS English (Language and Literature),9,22021502-012,22034202373,Uswa D/o Muhammad Naeem,Promoted,2.6,2.55,
43,English,BS English (Language and Literature),10,22021502-013,22034202374,Hussnain Ali S/o Ghulam Abbas,Promoted,2.6,2.88,
43,English,BS English (Language and Literature),11,22021502-014,22034202375,Yameema Ashraf D/o Ashraf Masih,Promoted,2.1,2.42,
43,English,BS English (Language and Literature),12,22021502-015,22034202376,Tayyaba D/o Shahzada Tariq Raza,Promoted,2.17,2.43,
43,English,BS English (Language and Literature),13,22021502-016,22034202377,Sehar Fatima D/o Zulfiqar Hussain,Promoted,2.78,2.69,
43,English,BS English (Language and Literature),14,22021502-017,22034202378,Amal D/o Javed Akhtar,Promoted,2.0,2.7,ENG-413
43,English,BS English (Language and Literature),15,22021502-018,22034202379,Muskan D/o Muhammad Jahangir,Promoted,2.1,2.31,
43,English,BS English (Language and Literature),16,22021502-019,22034202380,Hafiza Zeenat Ansar D/o Ansar Ali,Promoted,1.9,2.65,ENG-413
43,English,BS English (Language and Literature),17,22021502-021,22034202382,Prince S/o Arseen Masih Khokhar,Promoted,2.78,2.62,
43,English,BS English (Language and Literature),18,22021502-022,22034202383,Zainab Bibi D/o Muhammad Yaqoob,Promoted,2.1,2.25,
43,English,BS English (Language and Literature),19,22021502-023,22034202384,Sohaib Arshad S/o Muhammad Arshad,Promoted,1.6,2.46,
43,English,BS English (Language and Literature),20,22021502-024,22034202385,Momna Asif D/o Muhammad Asif,Promoted,2.4,2.69,
43,English,BS English (Language and Literature),21,22021502-025,22034202386,Noor Fatima D/o Abdul Razzaq,Promoted,3.04,2.98,
43,English,BS English (Language and Literature),22,22021502-029,22034202390,Sammi Shaiza Zulfiqar D/o Zulfiqar Hussain,Promoted,2.62,2.5,
43,English,BS English (Language and Literature),23,22021502-030,22034202391,Shahmir Fatima D/o Abdul Waheed,Promoted,2.2,2.42,
43,English,BS English (Language and Literature),24,22021502-031,22024202392,Malaika Zahid D/o Muhammad Zahid,Promoted,3.18,3.05,
43,English,BS English (Language and Literature),25,22021502-032,22024202393,Muhammad Umair S/o Muhammad Younas,Promoted,0.93,2.19,"ENG-324, ENG-413, ENG-441"
43,English,BS English (Language and Literature),26,22021502-033,22034202394,Wajeeha Anmol D/o Muhammad Shafique Ahmed,Promoted,2.38,2.59,
43,English,BS English (Language and Literature),27,22021502-034,22034202395,Bisma Mehmood D/o Mehmood Hassan,Promoted,1.21,1.81,"ENG-324, ENG-401"
43,English,BS English (Language and Literature),28,22021502-035,22034202396,Zanea Imran D/o Muhammad Imran Majeed,Promoted,2.4,2.54,
43,English,BS English (Language and Literature),29,22021502-037,22034202398,Sehar Nadeem D/o Muhammad Nadeem,Promoted,2.68,2.82,
43,English,BS English (Language and Literature),30,22021502-038,22034202399,Hafsa Batool D/o Muhammad Akram,Promoted,1.81,2.34,"ENG-306, ENG-413"
43,English,BS English (Language and Literature),31,22021502-039,22034202400,Zeenat D/o Muhammad Arif,Promoted,2.86,2.96,
43,English,BS English (Language and Literature),32,22021502-040,22034202401,Saira D/o Muhammad Younas,Promoted,0.5,1.89,"ENG-316, ENG-324, ENG-423, ENG-427, ENG-441"
43,English,BS English (Language and Literature),33,22021502-041,22034202402,Laiba Adnan D/o Adnan Younas,Promoted,3.02,2.88,
43,English,BS English (Language and Literature),34,22021502-042,22034202403,Shaheryar Akhtar S/o Muhammad Akhtar,Promoted,1.64,2.31,"ENG-311, ENG-413"
43,English,BS English (Language and Literature),35,22021502-044,22034202405,Fajar Ameen D/o Muhammad Ameen,Promoted,2.0,2.34,
43,English,BS English (Language and Literature),36,22021502-045,22034202406,Haider Ali S/o Muhammad Akhtar,Promoted,1.42,1.96,ENG-427
43,English,BS English (Language and Literature),37,22021502-046,22034202407,Arfa Abbas D/o Ghulam Abbas,Promoted,2.96,2.65,
43,English,BS English (Language and Literature),38,22021502-048,22034202409,Sataish D/o Cecil Bahadur,Promoted,1.5,2.13,ENG-413
43,English,BS English (Language and Literature),39,22021502-049,22034202410,Muqadas D/o Aftab Ahmed,Promoted,1.43,2.13,"ENG-324, ENG-427"
43,English,BS English (Language and Literature),40,22021502-051,22034202489,Nisha D/o Andaryas,Promoted,3.34,3.43,
43,English,BS English (Language and Literature),41,22021502-054,22034202492,Issa Abdullah S/o Abdul Ghaffar Raja,Promoted,2.28,2.21,ENG-413
43,English,BS English (Language and Literature),42,22021502-055,22034202561,Momina Amjad D/o Amjad Javed,Promoted,2.3,2.38,ENG-413
43,English,BS English (Language and Literature),43,22021502-056,22034202690,Liba Younas D/o Muhammad Younas,Promoted,1.86,2.01,ENG-413
45,English,BS English (Language and Literature),1,22834102-009,22034202454,Muhammad Hassaan S/o Muhammad Nasrullah,Promoted,1.5,1.87,ENG-422
45,English,BS English (Language and Literature),2,22834102-010,22034202475,Iqra Khalid D/o Khalid Mehmood,Promoted,2.39,2.18,
46,English,BS English (Language and Literature),1,23034102-003,23034202342,FIZA D/o MUHAMMAD RAMZAN,Promoted,1.53,2.29,"ENG-324, ENG-401"
46,English,BS English (Language and Literature),2,23034102-004,23034202343,AIMUN SHAKOOR AHMED D/o SHAKOOR AHMED,Promoted,2.36,2.52,
46,English,BS English (Language and Literature),3,23034102-005,23034202344,MEERAB IFTIKHAR D/o IFTIKHAR MASIH,Promoted,2.75,3.01,
46,English,BS English (Language and Literature),4,23034102-006,23034202345,SALWA MURTAZA D/o GHULAM MURTAZA,Promoted,2.1,2.32,
46,English,BS English (Language and Literature),5,23034102-008,23024202347,UMME HABIBA D/o MUHAMMAD SULEMAN,Promoted,1.95,1.99,ENG-324
46,English,BS English (Language and Literature),6,23034102-010,23034202349,ANNA GHAFOOR D/o GHAFOOR AHMED,Promoted,1.75,2.61,ENG-324
46,English,BS English (Language and Literature),7,23034102-011,23034202350,AROOSHA NAAZ D/o SAJID HUSSAIN,Promoted,2.5,2.74,
46,English,BS English (Language and Literature),8,23034102-012,23034202351,BUSHRA D/o MUHAMMAD SADDIQUE,Promoted,2.46,2.71,
46,English,BS English (Language and Literature),9,23034102-013,23034202352,ZAIN ALI S/o JAVED IQBAL,Promoted,2.25,2.14,
46,English,BS English (Language and Literature),10,23034102-014,23034202353,ZAMILA TAHIR D/o TAHIR MEHMOOD,Promoted,1.6,2.05,"ENG-307, ENG-324"
46,English,BS English (Language and Literature),11,23034102-016,23034202355,BUSHRA NASEER D/o NASEER AHMED SHAHID,Promoted,2.98,3.35,
46,English,BS English (Language and Literature),12,23034102-017,23034202356,HASSAN S/o AMAN ULLAH,Promoted,1.48,2.42,"ENG-324, ENG-401"
46,English,BS English (Language and Literature),13,23034102-018,23034202357,AYESHA SHAHNAWAZ D/o SHAHNAWAZ JANJVA,Promoted,2.55,2.71,
46,English,BS English (Language and Literature),14,23034102-019,23034202358,ARIFA RITA JAWED D/o JAWED MASIH,Promoted,1.91,2.48,
46,English,BS English (Language and Literature),15,23034102-020,23034202362,ASMA ZAIDI D/o SHABBIR AHMAD,Promoted,2.2,2.87,
46,English,BS English (Language and Literature),16,23034102-022,23034202364,LAIBA D/o MUHAMMAD SHAHID,Promoted,2.37,2.92,
46,English,BS English (Language and Literature),17,23034102-024,23034202366,AYESHA SAJJAD D/o SAJJAD HUSSAIN,Promoted,1.27,1.6,"ENG-307, ENG-324"
46,English,BS English (Language and Literature),18,23034102-026,23034202369,AMNA D/o QAISER JAVED,Promoted,2.03,2.57,
46,English,BS English (Language and Literature),19,23034102-028,23034202371,JANNAT RIAZ D/o MUHAMMAD RIAZ,Promoted,1.79,2.34,GE-104
46,English,BS English (Language and Literature),20,23034102-029,23034202372,SHEEBA D/o YASEEN BAIG,Promoted,1.74,2.44,"ENG-307, ENG-324"
46,English,BS English (Language and Literature),21,23034102-030,23034202373,HUMAIR QAYYUM S/o TALAT QAYYUM,Promoted,2.04,2.45,
46,English,BS English (Language and Literature),22,23034102-031,23011202374,Syed Shahzaib Hassan S/o Zeeshan Haider Shah,Promoted,0.9,1.99,"ENG-324, ENG-401, ENG-404, ENG- 412"
46,English,BS English (Language and Literature),23,23034102-036,23034202379,ZAINAB YAQOOB D/o MUHAMMAD YAQOOB GHUMMAN,Promoted,2.42,2.78,
46,English,BS English (Language and Literature),24,23034102-037,23034202380,SYED MUQBIL RAZA S/o SHAHBAZ HUSSAIN,Promoted,1.17,1.97,"ENG-307, ENG-324, ENG-404"
46,English,BS English (Language and Literature),25,23034102-039,23034202382,ALI HAIDER S/o AMANAT ALI AALA,Promoted,1.2,2.17,"ENG-324, ENG-401, ENG-404"
46,English,BS English (Language and Literature),26,23034102-040,23034202383,AMNA AZAM D/o MUHAMMAD AZAM KHAN,Promoted,2.53,3.0,
46,English,BS English (Language and Literature),27,23034102-042,23034202385,MUHAMMAD UMAR S/o MUHAMMAD KHALIL BUTT,Promoted,1.43,2.61,"ENG-324, ENG-401, ENG-404"
46,English,BS English (Language and Literature),28,23034102-043,23034202386,MANAHIL SHAHZAD D/o MUHAMMAD SHAHZAD,Promoted,1.71,2.09,
46,English,BS English (Language and Literature),29,23034102-044,23034202387,AYESHA SHAKEEL D/o MUHAMMAD SHAKEEL,Promoted,1.73,2.33,
46,English,BS English (Language and Literature),30,23034102-048,23034202392,AMINA BIBI D/o MUHAMMAD YOUSAF RAZA,Promoted,2.1,2.52,ENG-401
46,English,BS English (Language and Literature),31,23034102-049,23034202394,SANEHA D/o ABDUL HAMEED,Promoted,2.5,2.7,
47,English,BS English (Language and Literature),1,23041502-001,23034202122,Aeima Fatima D/o Syed Baqar Ali Shah,Promoted,2.4,3.01,
47,English,BS English (Language and Literature),2,23041502-002,23034202123,Aleesha D/o Muhammad Boota,Promoted,1.82,2.7,ENG-324
47,English,BS English (Language and Literature),3,23041502-003,23034202124,Chushman Shahid D/o Shahid Ali,Promoted,2.5,2.44,
47,English,BS English (Language and Literature),4,23041502-005,23034202126,Maryam Ashraf D/o M Ashraf,Promoted,2.4,2.56,
47,English,BS English (Language and Literature),5,23041502-006,23034202127,Haleema Sadia D/o KHURSHEED ANWAR,Promoted,2.48,2.6,
47,English,BS English (Language and Literature),6,23041502-007,23034202128,Ruqaya D/o Abdul Ghafoor,Promoted,2.25,2.39,
47,English,BS English (Language and Literature),7,23041502-008,23034202129,Safa D/o Muhammad Riaz Cheema,Promoted,2.53,3.08,
47,English,BS English (Language and Literature),8,23041502-011,23034202132,Huma D/o Asif saleem,Promoted,3.15,3.55,
47,English,BS English (Language and Literature),9,23041502-012,23034202133,Sana Asif D/o Asif Saleem,Promoted,3.13,3.59,
47,English,BS English (Language and Literature),10,23041502-015,23034202136,Tania Tariq Gill D/o Tariq Masih Gill,Promoted,2.58,3.13,
47,English,BS English (Language and Literature),11,23041502-016,23034202137,Ayesha Javed D/o Amjad Javed,Promoted,2.53,3.05,
47,English,BS English (Language and Literature),12,23041502-018,23034202139,Muskan Bibi D/o Israr,Promoted,2.5,2.98,
47,English,BS English (Language and Literature),13,23041502-020,23034202141,Anam D/o Tariq,Promoted,2.52,2.5,
47,English,BS English (Language and Literature),14,23041502-021,23034202142,AHMED JAHANZAIB WARRAICH S/o ABDUL RAUF,Promoted,1.64,2.0,"ENG-324, ENG-401"
47,English,BS English (Language and Literature),15,23041502-022,23034202283,ALISHA AMJAD D/o ALISHA AMJAD,Promoted,1.93,2.35,
47,English,BS English (Language and Literature),16,23041502-023,23034202284,FAIZA TARIQ D/o TARIQ MEHMOOD,Promoted,1.98,2.74,
47,English,BS English (Language and Literature),17,23041502-025,23034202286,SANA TARIQ D/o TARIQ MAHMOOD,Promoted,2.14,2.48,
47,English,BS English (Language and Literature),18,23041502-026,23034202287,ALISHBA D/o AJMAL KHAN,Promoted,2.17,2.46,ENG-324
47,English,BS English (Language and Literature),19,23041502-027,23034202288,SAMINA SALEEM D/o MUHAMMAD SALEEM,Promoted,2.17,2.33,
47,English,BS English (Language and Literature),20,23041502-029,23034202290,MINAHIL JAVED D/o MUHAMMAD JAVED,Promoted,1.86,2.08,ENG-401
47,English,BS English (Language and Literature),21,23041502-030,23034202291,KANIZ FATIMA ASIFA D/o KARAMAT ALI,Promoted,2.42,2.67,
47,English,BS English (Language and Literature),22,23041502-031,23034202292,AFIA FAIZAN D/o MANZOOR HUSSAIN,Promoted,2.33,2.44,ENG-324
47,English,BS English (Language and Literature),23,23041502-036,23034202297,AHMAD RAZA S/o MUHAMMAD SHAFIQUE,Promoted,1.7,2.41,ENG-324
47,English,BS English (Language and Literature),24,23041502-037,23034202298,HASSAN SHAFIQUE S/o MUHAMMAD SHAFIQUE,Promoted,1.67,2.17,"ENG-115, ENG-324"
47,English,BS English (Language and Literature),25,23041502-038,23034202299,HAMAD JAMIL S/o MUHAMMAD JAMIL,Promoted,1.89,2.42,"ENG-324, ENG-401"
47,English,BS English (Language and Literature),26,23041502-039,23034202300,AYESHA D/o MUHAMMAD SAJJAD,Promoted,2.07,2.49,ENG-324
47,English,BS English (Language and Literature),27,23041502-040,23034202301,ZAINAB AFZAAL D/o MUHAMMAD AFZAAL,Promoted,3.12,3.45,
47,English,BS English (Language and Literature),28,23041502-041,23034202302,MAHNOOR D/o SHAHZAD AHMED MUGHAL,Promoted,2.65,2.66,
47,English,BS English (Language and Literature),29,23041502-042,23034202303,NIMRA HAIDER D/o GHULAM HAIDER,Promoted,2.25,2.48,
47,English,BS English (Language and Literature),30,23041502-044,23034202305,MUHAMMAD ALI S/o MUHAMMAD YOUSAF,Promoted,1.36,1.82,"ENG-324, ENG-401"
47,English,BS English (Language and Literature),31,23041502-045,23034202306,ZAIN UL ABAIDIN S/o MUHAMMAD ANWAR,Promoted,1.83,2.65,ENG-324
47,English,BS English (Language and Literature),32,23041502-046,23034202318,UMME AIMAN D/o NASEER AHMED,Promoted,1.9,2.41,ENG-324
47,English,BS English (Language and Literature),33,23041502-047,23034202319,MUNEEBA D/o NAEEM MIR,Promoted,2.42,2.46,
47,English,BS English (Language and Literature),34,23041502-048,23034202320,KHIZRA SARWAR D/o MUHAMMAD SARWAR,Promoted,2.97,3.13,
47,English,BS English (Language and Literature),35,23041502-049,23034202321,AYESHA MEHMOOD D/o QAISER MEHMOOD,Promoted,2.42,2.68,
47,English,BS English (Language and Literature),36,23041502-050,23034202322,FATIMA D/o MIRAJ DIN,Promoted,2.25,2.59,
47,English,BS English (Language and Literature),37,23041502-051,23034202335,WASAF E ZAHRA D/o BABO SHAFIQUE,Promoted,2.33,2.72,
47,English,BS English (Language and Literature),38,23041502-052,23034202336,SHANZA ABID D/o ABID HUSSAIN,Promoted,2.92,3.02,
47,English,BS English (Language and Literature),39,23041502-053,23034202337,GHULAM HASSAN S/o GHULAM GHOUS,Promoted,1.53,2.27,"ENG-324, ENG-404"
47,English,BS English (Language and Literature),40,23041502-054,23034202338,MUHAMMAD ALI ABAID S/o AMER ABAID,Promoted,2.12,2.94,ENG-324
47,English,BS English (Language and Literature),41,23041502-055,23034202339,MUHAMMAD AHMAD S/o QAISER MASOOD,Promoted,1.67,2.25,"ENG-324, ENG-404"
48,English,BS English (Language and Literature),1,23834102-009,23034202397,NAFEES ANJUM S/o MUNIR MASIH,Promoted,1.87,2.31,
49,English,BS English (Language and Literature),1,24021502-001,24034202152,ROZI EMAN D/o MUHAMMAD SARFARAZ,Promoted,3.16,3.09,
49,English,BS English (Language and Literature),2,24021502-002,24034202153,ARSLAN GULFAM S/o GULFAM HANIF,Promoted,2.29,2.49,ENG-306
49,English,BS English (Language and Literature),3,24021502-003,24034202154,ABDULLAH NASEER S/o MUHAMMAD NASEER,Promoted,1.75,2.31,ENG-306
49,English,BS English (Language and Literature),4,24021502-004,24034202155,AROUK S/o JUNG BAHADAR,Promoted,2.79,2.83,
49,English,BS English (Language and Literature),5,24021502-006,24034202157,REHMANA BAIG D/o NADEEM BASHIR BAIG,Promoted,3.27,3.07,
49,English,BS English (Language and Literature),6,24021502-008,24034202159,AISHA D/o MUHAMMAD SHAHZAD ASHRAF,Promoted,2.83,2.88,
49,English,BS English (Language and Literature),7,24021502-009,24034202160,AROOJ AMJAD D/o AMJAD HUSSAIN,Promoted,3.38,3.16,
49,English,BS English (Language and Literature),8,24021502-010,24034202161,AMNA YAMIN D/o MUHAMMAD YAMIN,Promoted,3.47,3.41,
49,English,BS English (Language and Literature),9,24021502-011,24034202162,AQSA IMRAN D/o MUHAMMAD IMRAN JAMIL,Promoted,3.13,2.9,
49,English,BS English (Language and Literature),10,24021502-012,24034202163,SALEHA SAJID D/o SAJID AYOUB,Promoted,3.28,3.24,
49,English,BS English (Language and Literature),11,24021502-013,24034202164,MUHAMMAD AWAIS S/o TANVEER AHMED,Promoted,3.24,3.21,
49,English,BS English (Language and Literature),12,24021502-014,24034202165,ZAINAB D/o NAVEED HUSSAN,Promoted,3.05,2.76,
49,English,BS English (Language and Literature),13,24021502-015,24034202166,NAIMA SAGHEER D/o CH MUHAMMAD SAGHEER LANGRIAL,Promoted,3.4,3.26,
49,English,BS English (Language and Literature),14,24021502-016,24034202167,AMINA SHAHZADI D/o ABDUL HAQ,Promoted,2.87,2.83,
49,English,BS English (Language and Literature),15,24021502-017,24034202168,UME FIZA D/o TANVEER HUSSAIN,Promoted,2.9,2.99,
49,English,BS English (Language and Literature),16,24021502-018,24034202169,AFIFA ANWER D/o MUHAMMAD ANWAR,Promoted,3.26,3.01,
49,English,BS English (Language and Literature),17,24021502-019,24034202170,KINZA D/o MUHAMMAD JAMIL,Promoted,3.4,3.23,
49,English,BS English (Language and Literature),18,24021502-020,24034202171,MARYAM LATIF D/o MUHAMMAD LATIF,Promoted,3.22,3.12,
49,English,BS English (Language and Literature),19,24021502-021,24034202172,MUHAMMAD HANAN S/o EJAZ AHMED,Promoted,1.69,2.41,"ENG-115, ENG-307"
49,English,BS English (Language and Literature),20,24021502-022,24034202173,RIDA FATIMA D/o Muhammad Sagheer Chaudhary,Promoted,2.98,2.94,
49,English,BS English (Language and Literature),21,24021502-024,24034202175,SHEIKH MOHED NEMAT S/o SHEIKH NEEMAT ULLAH,Promoted,3.12,3.12,
49,English,BS English (Language and Literature),22,24021502-025,24034202176,ZONA TARAQ D/o TARAQ HIDAYAT,Promoted,2.91,2.61,
49,English,BS English (Language and Literature),23,24021502-026,24034202212,ADEEN SHAFIQUE D/o MUHAMMAD SHAFIQUE,Promoted,2.92,2.84,
49,English,BS English (Language and Literature),24,24021502-027,24034202213,ABDUL HANAN BIN ABID S/o ABID MUZAMIL,Promoted,1.36,2.03,"ENG-115, ENG-306"
49,English,BS English (Language and Literature),25,24021502-028,24034202214,SEHAR AJMAL D/o AJMAL SHEHZAD,Promoted,2.84,2.84,
49,English,BS English (Language and Literature),26,24021502-029,24034202215,EMAN SHABIR MEHDI D/o SHABIR AHMED,Promoted,2.51,2.62,
49,English,BS English (Language and Literature),27,24021502-030,24034202216,NOOREHIRA D/o MIRZA ASIF BAIG,Promoted,2.17,2.81,ENG-306
49,English,BS English (Language and Literature),28,24021502-031,24034202217,MUQADDAS KHAN D/o MUHAMMAD BADAR ALAM KHAN,Promoted,3.14,3.09,
49,English,BS English (Language and Literature),29,24021502-033,24034202219,ZAINAB NASIR D/o NASIR IQBAL,Promoted,2.51,2.49,
49,English,BS English (Language and Literature),30,24021502-034,24034202220,NOOR FATIMA D/o KHALIQ-UZ-ZAMAN KHAN,Promoted,2.04,2.4,
49,English,BS English (Language and Literature),31,24021502-035,24034202221,ESHA D/o MUHAMMAD AKRAM,Promoted,2.41,2.7,
49,English,BS English (Language and Literature),32,24021502-037,24034202223,MUDDASAR ALI S/o MUHAMMAD RAZZAQ,Promoted,1.06,1.76,"ENG-115, ENG-306, ENG-307"
49,English,BS English (Language and Literature),33,24021502-038,24034202224,FAKHAR UN NISA D/o MUZAMMIL HUSSAIN,Promoted,2.88,3.17,
49,English,BS English (Language and Literature),34,24021502-040,24034202226,FIZZA LATIF D/o MUHAMMAD LATIF,Promoted,2.76,2.92,
49,English,BS English (Language and Literature),35,24021502-041,24034202227,AYESHA BUTT D/o MUHAMMAD EHSAN BUTT,Promoted,2.86,3.04,
49,English,BS English (Language and Literature),36,24021502-042,24034202228,HAZEEMA ARFAN BUTT D/o ARFAN BUTT,Promoted,2.23,2.62,
49,English,BS English (Language and Literature),37,24021502-043,24034202229,ANEEQ AHMAD S/o SAJJAD AHMAD,Promoted,2.51,2.9,
49,English,BS English (Language and Literature),38,24021502-044,24034202230,AMNA KAUSAR D/o MUHAMMAD ZAHID,Promoted,1.81,2.19,"ENG-306, ENG-307"
49,English,BS English (Language and Literature),39,24021502-045,24034202231,BABAR ALI S/o SAJID PERVAIZ,Promoted,2.46,2.8,
49,English,BS English (Language and Literature),40,24021502-046,24034202232,AWAIS AHMED JHANGEER S/o JHANGEER,Promoted,1.3,1.9,"ENG-306, ENG-307"
49,English,BS English (Language and Literature),41,24021502-047,24034202233,MUHAMMAD JAWAD KHADIM S/o KHADIM HUSSAIN,Promoted,1.57,2.27,ENG-306
49,English,BS English (Language and Literature),42,24021502-048,24034202234,MARIA RAMZAN D/o MUHAMMAD RAMZAN,Promoted,3.04,3.04,
49,English,BS English (Language and Literature),43,24021502-049,24034202235,JAMILA SALEEM D/o MUHAMMAD SALEEM,Promoted,2.72,2.45,
49,English,BS English (Language and Literature),44,24021502-050,24034202236,KHADIJA ILYAS D/o MUHAMMAD ILYAS,Promoted,2.38,2.59,
49,English,BS English (Language and Literature),45,24021502-051,24034202270,MALAIKA SHAHBAZ D/o SHAHBAZ AHMAD,Promoted,3.02,2.84,
49,English,BS English (Language and Literature),46,24021502-053,24034202272,ROMAN DAR D/o M ZULFIQAR,Promoted,2.39,2.31,
51,English,BS English (Language and Literature),1,24024102-001,24034202291,MUHAMMAD ABDULLAH S/o KANWAR ALTAF CH,Promoted,1.6,2.11,ENG-307
51,English,BS English (Language and Literature),2,24024102-002,24034202292,EMAN ZAHEER D/o ZAHEER ARSHAD,Promoted,2.75,2.74,
51,English,BS English (Language and Literature),3,24024102-003,24034202293,TREEEZ SALEEM D/o SALEEM MASIH,Promoted,1.38,2.01,
51,English,BS English (Language and Literature),4,24024102-004,24034202294,MUHAMMAD KASHIF S/o HAFIZ MUHAMMAD RAFIQ,Promoted,1.42,1.98,"ENG-306, ENG-307"
51,English,BS English (Language and Literature),5,24024102-007,24034202297,SHAMAS ALI S/o IJAZ AHMAD,Promoted,0.3,2.04,"ENG-306, ENG-307, GE-103, GE-206, GE-207"
51,English,BS English (Language and Literature),6,24024102-015,24034202313,UME HABIBA D/o ASHFAQ AHMED,Promoted,1.38,2.15,"ENG-115, ENG-306, ENG-307"
51,English,BS English (Language and Literature),7,24024102-017,24034202315,ZAINAB MALIK D/o TANVEER ABBAS,Promoted,1.54,1.95,"ENG-306, ENG-307"
51,English,BS English (Language and Literature),8,24024102-020,24034202318,MALAIKA SHAHID D/o SHAHID HUSSAIN,Promoted,1.38,2.1,"ENG-115, ENG-306, ENG-307"
51,English,BS English (Language and Literature),9,24024102-022,24034202465,HASSAN KAREEM S/o SHAKEEL AHMAD,Promoted,0.63,2.08,"ENG-306, ENG-307, GE-103, GE-206"
51,English,BS English (Language and Literature),10,24024102-023,24034202478,SARA LATIF D/o MUHAMMAD LATIF,Promoted,3.04,3.22,
51,English,BS English (Language and Literature),11,24024102-026,24034202544,UPHAZ SHAMSHAD S/o SHAMSHAD PERVAZ,Promoted,1.5,2.04,"ENG-306, ENG-307"
51,English,BS English (Language and Literature),12,24024102-028,24034202624,MUHAMMAD SAIF ULLAH S/o MUHAMMAD JAMIL,Promoted,1.25,2.17,"ENG-306, ENG-307, GE-103"
51,English,BS English (Language and Literature),13,24024102-029,24034202680,ABDUL REHMAN S/o KARAMAT ALI,Promoted,1.25,1.61,"ENG-115, ENG-306, ENG-307"
51,English,BS English (Language and Literature),14,24024102-030,24034202741,BUSHRA SHAHBAZ D/o MUHAMMAD SHAHBAZ,Promoted,2.92,3.26,
51,English,BS English (Language and Literature),15,24024102-031,24034202742,AYESHA ARIF D/o MUHAMMAD ARIF,Promoted,2.32,2.87,
51,English,BS English (Language and Literature),16,24024102-034,24034202745,RANA MUHAMMAD SUFYAN S/o MUSHTAQ AHMED,Dropped,0.61,1.4,"ENG-115, ENG-306, ENG-307, ENG-319"
52,English,BS English (Language and Literature),1,24834102-004,24034202743,ARMAN AHMED S/o SOHAIL ANJUM,Promoted,1.19,1.71,"ENG-306, ENG-307"
52,English,BS English (Language and Literature),2,24834102-005,24034202295,MAIZA D/o ZAFAR KALEEM,Dropped,0.0,0.0,"ENG-306, ENG-307, ENG-319, GE-103, GE- 206, GE-207"
52,English,BS English (Language and Literature),3,24834102-006,24034202311,SIDRA SULTAN D/o SULTAN AHMAD KHAN,Dropped,0.0,0.0,"ENG-306, ENG-307, ENG-319, GE-103, GE- 206, GE-207"
52,English,BS English (Language and Literature),4,24834102-008,24034202314,ZUNAIRA BATOOL D/o MUHAMMAD AMJAD,Dropped,0.27,0.27,"ENG-306, ENG-307, ENG-319, GE-103, GE-206"
53,English,BS English (Language and Literature),1,24871502-004,24034202222,MUHAMMAD MAHAD KHAN S/o AMIR NASEEM KHAN,Promoted,0.92,1.65,"ENG-115, GE-206"
53,English,BS English (Language and Literature),2,24871502-005,24034202225,FATIMA D/o MUHAMMAD BABAR BUTT,Dropped,0.0,0.0,"ENG-306, ENG-307, ENG-319, GE-103, GE- 206, GE-207"
54,English,BS English (Language and Literature),1,25211502-002,25034202670,TAYYABA PERVAIZ D/o MUHAMMAD PERVAIZ,Promoted,1.82,2.49,"ENG-322, GE-205"
54,English,BS English (Language and Literature),2,25211502-003,25034202671,AYEZA IQBAL D/o MUHAMMAD IQBAL,Promoted,3.32,3.37,
54,English,BS English (Language and Literature),3,25211502-005,25034202674,BUSHRA BIBI D/o FIAZ ELAHI,Promoted,2.81,3.04,
54,English,BS English (Language and Literature),4,25211502-006,25034202675,ZOHA ANWAR D/o ANWAR BAIG,Promoted,2.07,2.39,ENG-322
54,English,BS English (Language and Literature),5,25211502-007,25034202676,SANIA D/o PETER PALUS,Promoted,2.61,2.83,ENG-322
54,English,BS English (Language and Literature),6,25211502-008,25034202677,KANZAH MUSTAFA D/o GHULAM MUSTAFA,Promoted,2.09,2.65,"ENG-322, GE-205"
54,English,BS English (Language and Literature),7,25211502-009,25034202678,ASMA SADDIQUE D/o M SADDIQUE,Promoted,2.21,2.51,ENG-322
54,English,BS English (Language and Literature),8,25211502-010,25034202680,AHMAD S/o MUHAMMAD ASIF,Promoted,2.4,2.59,ENG-322
54,English,BS English (Language and Literature),9,25211502-011,25034202681,HAJRA BATOOL D/o ANSAR ALI,Promoted,2.34,2.83,ENG-322
54,English,BS English (Language and Literature),10,25211502-012,25034202682,SAMAVIA D/o MUHAMMAD SOHAIL,Promoted,2.62,2.85,ENG-322
54,English,BS English (Language and Literature),11,25211502-013,25034202685,TAYYBA D/o MUHAMMAD YOUNAS,Promoted,3.16,3.34,
54,English,BS English (Language and Literature),12,25211502-014,25034202686,HIRA EJAZ ALI MIR D/o KHURRAM MIR,Promoted,1.13,1.81,"ENG-322, GE-102, GE-205"
54,English,BS English (Language and Literature),13,25211502-015,25034202689,MINAHIL IJAZ D/o MUHAMMAD IJAZ,Promoted,2.5,2.91,ENG-322
54,English,BS English (Language and Literature),14,25211502-016,25034202692,ASMA LATIF D/o MUHAMMAD LATIF,Promoted,2.03,2.62,ENG-322
54,English,BS English (Language and Literature),15,25211502-017,25034202693,LAIBA IMTIAZ D/o IMTIAZ AHMED,Promoted,2.68,3.02,ENG-322
54,English,BS English (Language and Literature),16,25211502-018,25034202694,RABEEA D/o MUHAMMAD JAHANGIR,Promoted,2.38,2.67,"ENG-322, GE-205"
54,English,BS English (Language and Literature),17,25211502-019,25034202695,HAFSA D/o MUHAMMAD AMIN,Promoted,3.65,3.75,
54,English,BS English (Language and Literature),18,25211502-020,25034202696,PAUL NABEEL S/o NABEEL KHOKHAR,Promoted,2.38,2.39,ENG-322
54,English,BS English (Language and Literature),19,25211502-021,25034202697,AQSA SHEHZADI D/o KHUSHI MUHAMMAD,Promoted,3.59,3.66,
54,English,BS English (Language and Literature),20,25211502-022,25034202698,MUDABIR AHMAD S/o MUSTANSIR BILLA,Dropped,1.12,1.34,"ENG-115, ENG-322, GE-205"
54,English,BS English (Language and Literature),21,25211502-024,25034202700,AROOJ SHAHZADI D/o ARIF MAHMOOD,Promoted,1.75,2.28,GE-205
54,English,BS English (Language and Literature),22,25211502-025,25034202705,RAFIA SAJID D/o SAJID RAMZAN,Promoted,1.61,2.32,"ENG-322, GE-205"
54,English,BS English (Language and Literature),23,25211502-026,25034202709,PAKEEZA CHAND D/o CHAND BUTT,Promoted,2.24,2.75,"ENG-322, GE-205"
54,English,BS English (Language and Literature),24,25211502-028,25034202712,UM E SUMAIYA IJAZ D/o SHEIKH IJAZ AHMAD,Promoted,2.59,3.11,ENG-322
54,English,BS English (Language and Literature),25,25211502-029,25034202714,ZEENAT FATIMA D/o GHULAM ALI,Promoted,2.98,3.37,
54,English,BS English (Language and Literature),26,25211502-032,25034202718,IRAM SHAHZAD D/o SHAHZAD BAIG,Promoted,2.11,2.78,"ENG-322, GE-205"
54,English,BS English (Language and Literature),27,25211502-033,25034202719,FIZA BIBI D/o RAB NAWAZ,Promoted,2.39,2.93,"ENG-322, GE-205"
54,English,BS English (Language and Literature),28,25211502-034,25034202720,AREEHA FATIMA D/o SHAHZAD FAZAL,Promoted,1.76,1.95,"ENG-322, GE-205"
54,English,BS English (Language and Literature),29,25211502-035,25034202721,ASHIR SEMAB GILL S/o PERVAIZ GILL,Promoted,1.74,2.14,"ENG-322, GE-205"
54,English,BS English (Language and Literature),30,25211502-036,25034202722,ZUMRAN S/o SHAHZAD YOUSAF,Promoted,2.09,2.38,ENG-322
54,English,BS English (Language and Literature),31,25211502-037,25034202723,MARYAM JAVED D/o MUHAMMAD JAVED,Promoted,2.27,2.92,"ENG-322, GE-205"
54,English,BS English (Language and Literature),32,25211502-038,25034202724,SHEHRAZ GILL S/o IMRAN,Promoted,1.29,1.61,"ENG-322, GE-205"
54,English,BS English (Language and Literature),33,25211502-039,25034202725,MUHAMMAD UMER S/o ABDUL QADEER,Promoted,1.72,1.83,"ENG-322, GE-205"
54,English,BS English (Language and Literature),34,25211502-040,25034202727,HABEEBA D/o MUHAMMAD AMIN,Promoted,2.34,2.96,"ENG-322, GE-205"
54,English,BS English (Language and Literature),35,25211502-041,25034202728,ZOHAIB ALI S/o SHAHID IQBAL,Promoted,1.95,2.15,"ENG-322, GE-205"
54,English,BS English (Language and Literature),36,25211502-042,25034202730,ABU BAKAR TUFAIL S/o MUHAMMAD TUFAIL,Promoted,2.04,2.62,"ENG-322, GE-205"
54,English,BS English (Language and Literature),37,25211502-044,25034202732,FAJAR SHEHZADI D/o QADEER AHMAD,Promoted,2.09,2.66,"ENG-322, GE-205"
54,English,BS English (Language and Literature),38,25211502-045,25034202733,KHADIJA MUSKAN D/o GHULAM MURTAZA,Promoted,2.08,2.69,"ENG-322, GE-205"
54,English,BS English (Language and Literature),39,25211502-046,25034202734,MUHAMMAD AAQIB AWAN S/o MALIK AAMER AWAN,Promoted,1.33,1.99,"ENG-322, GE-205"
54,English,BS English (Language and Literature),40,25211502-047,25034202737,AYESHA NOOR D/o ZAHID MAHMOOD,Promoted,2.26,2.91,"ENG-322, GE-205"
54,English,BS English (Language and Literature),41,25211502-048,25034202739,ABDUL WAHAB S/o MUHAMMAD IQBAL,Promoted,1.79,2.27,"ENG-322, GE-205"
54,English,BS English (Language and Literature),42,25211502-050,25034202744,NIDA AMJAD WAHEED D/o AMJAD WAHEED,Promoted,2.32,2.82,"ENG-322, GE-205"
54,English,BS English (Language and Literature),43,25211502-051,25034202747,SAMAVIA ZAHID D/o ZAHID IQBAL,Promoted,2.19,2.76,"ENG-322, GE-205"
54,English,BS English (Language and Literature),44,25211502-052,25034202749,AROOJ D/o IMRAN KHOKHAR,Promoted,2.26,2.78,"ENG-322, GE-205"
54,English,BS English (Language and Literature),45,25211502-053,25034202752,AMNA D/o IJAZ HUSSAIN,Promoted,2.55,2.83,ENG-322
54,English,BS English (Language and Literature),46,25211502-054,25024202754,RAMLA MUSTAFA D/o GHULAM MUSTAFA,Promoted,3.22,3.47,
54,English,BS English (Language and Literature),47,25211502-055,25024202756,MAHAM MUSTAFA D/o GHULAM MUSTAFA,Promoted,3.26,3.55,
54,English,BS English (Language and Literature),48,25211502-056,25034202757,RUSHNA MIR D/o ZAHEER AHMED,Promoted,2.99,3.25,
55,English,BS English (Language and Literature),49,25211502-057,25034202759,MUHAMMAD YAQOOB S/o KASHIF SHERAZ,Promoted,1.16,1.92,"ENG-115, ENG-322, GE-205"
55,English,BS English (Language and Literature),50,25211502-058,25034202761,SADIQA MIRZA D/o MUHAMMAD RASHID,Promoted,3.71,3.78,
55,English,BS English (Language and Literature),51,25211502-059,25098202762,AQSA SHAMS D/o SHAMS,Promoted,2.64,2.82,ENG-322
55,English,BS English (Language and Literature),52,25211502-060,25034202764,ABEEHA RAZA D/o RAZA ALI,Promoted,2.14,2.66,"ENG-322, GE-205"
55,English,BS English (Language and Literature),53,25211502-061,25034202765,FATIMA D/o SHAHID MAHMOOD,Promoted,2.15,2.86,"ENG-322, GE-205"
55,English,BS English (Language and Literature),54,25211502-062,25034202766,FAJAR FATIMA D/o MUHAMMAD YOUNAS,Promoted,3.01,3.37,ENG-322
55,English,BS English (Language and Literature),55,25211502-063,25034202768,TAHREEM TARIQ D/o MUHAMMAD TARIQ,Promoted,3.58,3.67,
55,English,BS English (Language and Literature),56,25211502-064,25034202769,SEHREEM D/o ANJUM,Promoted,2.69,3.03,ENG-322
55,English,BS English (Language and Literature),57,25211502-065,25034202945,HADI ALI S/o HAMMAD HASSAN SHAMSI,Promoted,2.07,2.29,"ENG-322, GE-205"
55,English,BS English (Language and Literature),58,25211502-066,25034202946,MUHAMMAD SAAD ASHRAF S/o MUHAMMAD ASHRAF,Promoted,1.85,2.23,"ENG-322, GE-205"
56,English,BS English (Language and Literature),1,25851502-003,25034202710,REHMAN HUSSAIN S/o MUHAMMAD ARSHAD,Dropped,1.47,1.47,GE-205
57,English,BS in English,1,25024102-001,2503421408090,BABAR AYUB AWAN S/o MUHAMMAD AFZAL AWAN,Promoted,1.92,2.23,ENG-115
57,English,BS in English,2,25024102-002,2503421408091,ALI HAMZA S/o MUHAMMAD RIAZ,Promoted,1.71,2.27,"ENG-115, GE-206"
57,English,BS in English,3,25024102-003,2503421408092,YASHWA HADIYAT S/o HADIYAT MASIH,Promoted,3.16,3.33,
57,English,BS in English,4,25024102-004,2503421408093,HARRAM IMRAN BUTT D/o MUHAMMAD IMRAN BUTT,Promoted,2.32,2.81,ENG-115
57,English,BS in English,5,25024102-005,2503421408094,NESHA PARVEEN D/o SAMA IMRAN,Promoted,1.76,1.99,"ENG-115, GE-206"
57,English,BS in English,6,25024102-006,2503421408095,JOSHUA SOHAIL SHAHZAD S/o SOHAIL SHAHZAD,Promoted,1.92,2.24,"ENG-115, GE-202"
57,English,BS in English,7,25024102-007,2503421408096,ARSH ALI S/o AMIR MEHMOOD,Promoted,2.12,2.7,GE-206
57,English,BS in English,8,25024102-008,2503421408097,HAFSA TARIQ D/o TARIQ JAVED,Promoted,2.91,3.19,
57,English,BS in English,9,25024102-009,2503421408098,Rameen Siddique D/o Omer Siddique,Promoted,1.59,2.46,"ENG-115, GE-202"
57,English,BS in English,10,25024102-011,2503421408100,HASSAN ALI S/o MUHAMMAD FAROOQ,Promoted,1.26,1.55,"ENG-115, GE-202"
57,English,BS in English,11,25024102-012,2503421408101,FATIMA SHERAZ D/o MUHAMMAD SHERAZ AHMAD,Promoted,3.41,3.51,
57,English,BS in English,12,25024102-013,2503421408102,HASSAN SHABIR S/o SHABIR AHMAD,Promoted,2.27,2.71,
57,English,BS in English,13,25024102-014,2503421408103,MOUEED HUSNAIN S/o ZAHID ALI,Promoted,2.68,2.79,
57,English,BS in English,14,25024102-015,2503421408104,HAJRA TARIQ D/o TARIQ MEHMOOD MUGHAL,Promoted,3.3,3.49,
57,English,BS in English,15,25024102-016,2503421408105,ZULAIKHA BATOOL D/o MUHAMMAD AMJAD,Promoted,2.36,2.91,GE-202
57,English,BS in English,16,25024102-017,2503421408106,HAMNA SHEHZADI D/o SHAHID MUSHTAQ,Promoted,3.26,3.41,
57,English,BS in English,17,25024102-018,2503421408107,BAREERA FAROOQ D/o FAROOQ ELAHI,Promoted,2.94,2.96,
57,English,BS in English,18,25024102-019,2503421408108,KAINAT D/o LIAQAT ALI,Promoted,2.59,3.0,
57,English,BS in English,19,25024102-020,2503421408109,SUMURNA SOHAIL D/o SOHAIL EMMENUEL JHON,Promoted,2.56,3.06,
57,English,BS in English,20,25024102-021,2503421408110,RANA ABDULLAH TARIQ S/o TARIQ SHAUKAT,Promoted,2.72,3.2,
58,Botany,BS in Botany,1,20521506-054,20034206071,Zumar Kaleem Butt D/o Kaleem Ahmed Butt,Promoted,3.33,2.79,
59,Botany,BS in Botany,1,21814106-006,21034206250,AMINA D/o MANZOOR HUSSAIN,Promoted,2.0,2.57,
60,Botany,BS in Botany,1,22021506-001,22034206080,Aaima Butt D/o Khawar Farooq,Promoted,3.76,3.36,
60,Botany,BS in Botany,2,22021506-002,22034206081,Rubab Fatima D/o Amjad Ali,Promoted,3.94,3.27,
60,Botany,BS in Botany,3,22021506-003,22034206082,Ayesha D/o Muhammad Gulistan,Promoted,3.82,3.22,
60,Botany,BS in Botany,4,22021506-004,22034206083,Hinza D/o Amir Hussain,Promoted,3.76,3.25,
60,Botany,BS in Botany,5,22021506-005,22034206084,Sawara Nadeem D/o Nadeem Iqbal,Promoted,3.88,3.38,
60,Botany,BS in Botany,6,22021506-006,22034206085,Maryam D/o Zahid Afzaal Mughal,Promoted,3.82,3.29,
60,Botany,BS in Botany,7,22021506-007,22034206086,Aqeedat Afzal D/o Muhammad Afzal,Promoted,3.82,3.25,
60,Botany,BS in Botany,8,22021506-009,22034206088,Javeria Tabasum D/o Ishfaq Tabasum,Promoted,3.64,3.07,
60,Botany,BS in Botany,9,22021506-011,22034206090,Aman Bibi D/o Muhammad Aslam,Promoted,3.68,2.82,
60,Botany,BS in Botany,10,22021506-012,22034206091,Inshrah Noor D/o Anser Mehmood,Promoted,3.44,2.68,
60,Botany,BS in Botany,11,22021506-014,22034206093,Ayesha Batool D/o Shrafat Ali,Promoted,3.52,3.22,
60,Botany,BS in Botany,12,22021506-016,22034206095,Talha S/o Muhammad Ijaz,Promoted,3.88,3.27,
60,Botany,BS in Botany,13,22021506-017,22034206096,Salwa Altaf D/o Muhammad Altaf,Promoted,3.82,3.3,
60,Botany,BS in Botany,14,22021506-018,22034206097,Sneha Akram D/o Akram Masih,Promoted,3.94,3.21,
60,Botany,BS in Botany,15,22021506-019,22034206098,Kaneez Fatima D/o Ghullam Ali Asghar Bhalli,Promoted,3.82,2.96,
60,Botany,BS in Botany,16,22021506-020,22034206099,Tuba Anwar D/o Muhammad Anwar,Promoted,3.82,3.29,
60,Botany,BS in Botany,17,22021506-021,22034206100,Haseeb Khalid S/o Khalid Mehmood,Promoted,3.6,2.98,
60,Botany,BS in Botany,18,22021506-026,22034206105,Umme Umaira D/o Tahir Mehmood,Promoted,3.3,3.01,
60,Botany,BS in Botany,19,22021506-029,22034206108,Ayet Nosheen D/o Saleem Akhtar,Promoted,3.62,3.24,
60,Botany,BS in Botany,20,22021506-033,22034206114,Misbah Arshad D/o Muhammad Arshad,Promoted,3.64,3.01,
60,Botany,BS in Botany,21,22021506-036,22034206117,Tasneem Kouser D/o Muhammad Rafi,Promoted,3.4,2.88,
60,Botany,BS in Botany,22,22021506-038,22034206129,Hifza Batool D/o Shabbir Ahmed,Promoted,3.94,3.53,
60,Botany,BS in Botany,23,22021506-039,22024206130,Mehnaz Bibi D/o Akhtar Mehmood,Promoted,3.2,2.88,
60,Botany,BS in Botany,24,22021506-042,22034206133,Ifra Shehzadi D/o Munawar Iqbal,Promoted,3.56,2.85,
60,Botany,BS in Botany,25,22021506-048,22034206142,Muhammad Adil S/o Allah Rakha,Promoted,3.12,2.34,
60,Botany,BS in Botany,26,22021506-050,22034206145,Aaminah Kanwal D/o Muhammad Jamil,Promoted,3.32,2.96,
61,Botany,BS in Botany,1,23031506-002,23034206062,Tahreem Arshad D/o Arshad Ali,Promoted,3.03,3.07,
61,Botany,BS in Botany,2,23031506-006,23034206066,Maryam D/o Salah Ud Din,Promoted,3.7,3.13,
61,Botany,BS in Botany,3,23031506-008,23034206068,Kashaf D/o Abdul Majeed,Promoted,3.52,3.14,
61,Botany,BS in Botany,4,23031506-010,23034206070,Nida Khawar D/o Khawar Naveed,Promoted,3.62,3.51,
61,Botany,BS in Botany,5,23031506-011,23034206071,Tayyaba D/o Muhammad Yousaf,Promoted,3.65,2.91,
61,Botany,BS in Botany,6,23031506-015,23034206075,FATIMA SAJJAD D/o SAJJAD AHMED,Promoted,3.7,3.55,
61,Botany,BS in Botany,7,23031506-016,23034206076,TAYAB WASEEM S/o MUHAMMAD WASEEM ANWAR,Promoted,3.01,1.95,
61,Botany,BS in Botany,8,23031506-021,23034206084,Muqadas D/o Muhammad Nawaz,Promoted,3.85,3.63,
61,Botany,BS in Botany,9,23031506-022,23034206085,ESHA D/o JAVED IQBAL,Promoted,3.42,3.0,
61,Botany,BS in Botany,10,23031506-025,23034206088,ZULAIKHA IMRAN D/o IMRAN SABIR,Promoted,3.06,2.64,
61,Botany,BS in Botany,11,23031506-026,23034206089,ALI HUSSNAIN S/o MUHAMMAD ILYAS,Promoted,2.87,2.39,BOT-309
61,Botany,BS in Botany,12,23031506-027,23034206092,AMNA FEROZ D/o MUHAMMAD RAFIQUE,Promoted,3.27,2.4,
61,Botany,BS in Botany,13,23031506-030,23034206095,ZAIN ALI S/o ZULFIQAR ALI,Promoted,2.98,2.63,
61,Botany,BS in Botany,14,23031506-031,23034206098,UMME KALSOOM D/o MUHAMMAD RAZAQ,Promoted,2.39,2.63,
62,Botany,BS in Botany,1,24021506-003,24034206041,YOUSRA TASNEEM D/o SHAHBAZ AHMAD,Promoted,3.08,2.28,
62,Botany,BS in Botany,2,24021506-005,24034206043,SHAFAQ ZAINAB D/o SHEHZAD AFZAL,Promoted,3.54,3.04,
62,Botany,BS in Botany,3,24021506-006,24034206044,REHAB ZULFIQAR D/o MUHAMMAD ZULFIQAR,Promoted,3.8,3.6,
62,Botany,BS in Botany,4,24021506-008,24034206046,SAIRA D/o SUBEY KHAN,Promoted,3.46,3.14,
62,Botany,BS in Botany,5,24021506-009,24034206047,AQSA D/o MUHAMMAD ASLAM,Promoted,3.81,3.24,
62,Botany,BS in Botany,6,24021506-015,24034206053,ALINA D/o GHULAM ABBAS,Promoted,3.37,2.84,
63,Botany,BS in Botany,1,24821506-003,24034206050,AYEZA SHAHBAZ D/o SHAHBAZ ALI,Promoted,2.6,2.6,
64,Botany,BS in Botany,1,25051506-001,25034206027,LAIBA IFTIKHAR D/o IFTIKHAR AHMED,Promoted,3.26,3.15,
64,Botany,BS in Botany,2,25051506-003,25034206029,MINAAL FATIMA D/o ZAHEER AHMED TABASSUM,Promoted,3.83,3.84,
64,Botany,BS in Botany,3,25051506-004,25034206030,ETRAT MUSTAFA D/o GHULAM MUSTAFA,Promoted,3.32,3.28,
64,Botany,BS in Botany,4,25051506-007,25034206033,MUHAMMAD SAYYAM S/o SHAMAD UD DIN,Promoted,2.71,2.93,GE-205
64,Botany,BS in Botany,5,25051506-008,25034206034,HAMAD ASHRAF S/o MUHAMMAD ASHRAF,Promoted,2.1,1.86,
64,Botany,BS in Botany,6,25051506-009,2503420482001,MUBASHAR ALI S/o MUHAMMAD ASLAM,Dropped,0.87,1.45,"BOT-109, BOT-111, GE-204, GE- 205"
65,Chemistry,BS in Chemistry,1,20661507-023,21034207029,Muhammad Aun Abbas S/o Waqar Ahmed,Promoted,1.0,2.68,
66,Chemistry,BS in Chemistry,1,21024107-018,21034207330,NAILA SALEEM D/o SALEEM MASIH,Promoted,1.5,2.51,
67,Chemistry,BS in Chemistry,1,22021507-001,22034207159,Muhammad Talha Tariq S/o Tariq Mehmood,Promoted,1.88,2.93,
67,Chemistry,BS in Chemistry,2,22021507-002,22034207160,Hifsa Arif D/o Arif Hussain,Promoted,2.48,3.08,
67,Chemistry,BS in Chemistry,3,22021507-003,22034207161,Asad Ali S/o Muhammad Anwar,Promoted,2.5,3.13,
67,Chemistry,BS in Chemistry,4,22021507-004,22034207162,Zainab Arif D/o Muhammad Arif,Promoted,3.44,3.62,
67,Chemistry,BS in Chemistry,5,22021507-007,22034207165,Sada Hussain S/o Muhammad Yousaf,Promoted,2.86,3.12,
67,Chemistry,BS in Chemistry,6,22021507-008,22001207166,Hira Kanwal D/o Ghulam Farid,Promoted,2.78,3.24,
67,Chemistry,BS in Chemistry,7,22021507-009,22034207167,Usman Khan S/o Muhammad Khan,Promoted,2.94,3.06,
67,Chemistry,BS in Chemistry,8,22021507-010,22034207168,Insha Mughal D/o Idrees Ahmed Mughal,Promoted,3.22,3.43,
67,Chemistry,BS in Chemistry,9,22021507-013,22034207171,Rehan ALi S/o Riaz Ahmed,Promoted,3.3,3.59,
67,Chemistry,BS in Chemistry,10,22021507-014,22017207172,Alisha Adil D/o Adil Mehmood Bajwa,Promoted,3.16,3.55,
67,Chemistry,BS in Chemistry,11,22021507-015,22034207173,Sahil Samiullah S/o Muhammad Mushtaq,Promoted,3.46,3.73,
67,Chemistry,BS in Chemistry,12,22021507-016,22034207174,Ameer Ali S/o Muhammad Akram,Promoted,0.8,2.51,"CHEM-412, CHEM-413, CHEM-433"
67,Chemistry,BS in Chemistry,13,22021507-017,22034207175,Hamad Ali S/o Shoukat Ali,Promoted,2.24,2.99,
67,Chemistry,BS in Chemistry,14,22021507-018,22034207176,Sameen D/o Abdul Razaq,Promoted,3.22,3.45,
67,Chemistry,BS in Chemistry,15,22021507-022,22034207180,Maryam Shehzadi D/o Muhammad Ashfaq,Promoted,3.38,3.4,
67,Chemistry,BS in Chemistry,16,22021507-023,22034207181,Abu Bakar S/o Sadaqat Ali,Promoted,1.3,2.98,CHEM-412
67,Chemistry,BS in Chemistry,17,22021507-024,22034207182,Aleeza Kanwal D/o Muhammad Mansha,Promoted,2.62,3.12,
67,Chemistry,BS in Chemistry,18,22021507-026,22034207184,Isma Ijaz D/o Ijaz Ahmed,Promoted,2.9,3.16,
67,Chemistry,BS in Chemistry,19,22021507-027,22034207185,Muhammad Sikander S/o Abdul Rauf,Promoted,2.88,2.89,
67,Chemistry,BS in Chemistry,20,22021507-028,22034207186,Sami u Allah S/o Allah Bukhash,Promoted,1.94,3.15,
67,Chemistry,BS in Chemistry,21,22021507-029,22034207187,Laiba Javaid D/o Javaid Iqbal Butt,Promoted,2.4,3.22,
67,Chemistry,BS in Chemistry,22,22021507-030,22034207188,Amina Bibi D/o Muhammad Arshad,Promoted,2.52,2.83,
67,Chemistry,BS in Chemistry,23,22021507-031,22034207189,Kinza Sultan D/o Sultan Ali,Promoted,2.62,3.19,
67,Chemistry,BS in Chemistry,24,22021507-032,22034207190,Junaid Akhtar S/o Muhammad Akhtar,Promoted,3.4,3.65,
67,Chemistry,BS in Chemistry,25,22021507-033,22034207191,Mubashir Hassan S/o Khan Gul,Promoted,2.07,2.68,CHEM-413
67,Chemistry,BS in Chemistry,26,22021507-034,22034207192,Hijab Fatima D/o Abid Hussain,Promoted,3.08,3.26,
67,Chemistry,BS in Chemistry,27,22021507-035,22034207193,Chashman Iftikhar D/o Iftikhar Akbar,Promoted,2.45,2.82,
67,Chemistry,BS in Chemistry,28,22021507-038,22034207196,Adeeba D/o Muhammad Ishaq,Promoted,2.19,2.82,CHEM-414
67,Chemistry,BS in Chemistry,29,22021507-040,22034207198,Ayesha Shahzadi D/o Shafiq Ahmad,Promoted,2.32,3.05,
67,Chemistry,BS in Chemistry,30,22021507-041,22034207199,Madeeha Shahzadi D/o Muhammad Tufail,Promoted,2.28,3.12,
67,Chemistry,BS in Chemistry,31,22021507-042,22034207200,Ghous Meeran S/o Khadim Ali,Promoted,3.28,3.31,
67,Chemistry,BS in Chemistry,32,22021507-043,22034207201,Khizer Sarfraz S/o Sarfraz Ahmed,Promoted,2.41,2.85,
67,Chemistry,BS in Chemistry,33,22021507-045,22034207203,Zaryab Rasheed S/o Rasheed ullah Khan,Promoted,2.32,2.38,
67,Chemistry,BS in Chemistry,34,22021507-046,22034207204,Sufyan Mahmood S/o Mahmood Ahmad,Promoted,2.48,2.9,
67,Chemistry,BS in Chemistry,35,22021507-047,22034207205,Muhammad Usman Asif S/o Muhammad Asif,Promoted,2.39,3.01,
67,Chemistry,BS in Chemistry,36,22021507-049,22034207207,Hadiqa Qureshi D/o Zahoor Ul Hassan,Promoted,2.72,3.3,
67,Chemistry,BS in Chemistry,37,22021507-050,22034207208,Sehrish Shehzadi D/o Imtiaz Ahmad,Promoted,1.94,2.81,CHEM-413
68,Chemistry,BS in Chemistry,1,22024107-002,22034207222,Moazzama Iman D/o Arshad Mehmood,Promoted,3.34,3.46,
68,Chemistry,BS in Chemistry,2,22024107-004,22034207224,Ghulam Khadija D/o Abdul Rehman,Promoted,2.48,2.87,
68,Chemistry,BS in Chemistry,3,22024107-005,22034207225,Makkarma Iman D/o Arshad Mehmood,Promoted,2.84,3.29,
68,Chemistry,BS in Chemistry,4,22024107-006,22034207226,Muhammad Abu Bakar S/o Muhammad Amin,Promoted,2.42,3.0,CHEM-413
68,Chemistry,BS in Chemistry,5,22024107-007,22034207227,Haider Gulzar Bhatti S/o Gulzar Ahmed,Promoted,2.56,3.05,
68,Chemistry,BS in Chemistry,6,22024107-008,22034207228,Isma D/o Muhammad Aslam,Promoted,3.26,3.42,
68,Chemistry,BS in Chemistry,7,22024107-009,22034207229,Muhammad Hassan Rafique S/o Muhammad Rafique,Promoted,2.98,3.38,
68,Chemistry,BS in Chemistry,8,22024107-010,22034207230,Afia Ashfaq D/o Ashfaq Ahmad,Promoted,3.82,3.59,
68,Chemistry,BS in Chemistry,9,22024107-014,22034207234,Zanib Shahid D/o Shahid Javaid,Promoted,2.81,2.84,
68,Chemistry,BS in Chemistry,10,22024107-016,22024207236,Farah Arshad D/o Muhammad Arshad,Promoted,2.42,2.93,
68,Chemistry,BS in Chemistry,11,22024107-022,22034207242,Khadija Awais D/o Muhammad Awais Khan,Promoted,3.36,3.36,
68,Chemistry,BS in Chemistry,12,22024107-023,22034207243,Rida Awais D/o Muhammad Awais Khan,Promoted,3.34,3.56,
68,Chemistry,BS in Chemistry,13,22024107-024,22034207244,Muhammad Aurangzeb S/o Muhammad Tayyab Manzoor Virk,Promoted,1.99,2.37,CHEM-414
68,Chemistry,BS in Chemistry,14,22024107-025,22034207249,Muhammad Ahmed Zafar S/o Zafar Iqbal,Promoted,2.58,3.12,
69,Chemistry,BS in Chemistry,1,22834107-006,22034207231,Haider Ali S/o Muhammad Shabbir,Promoted,1.53,2.32,"CHEM-413, CHEM-414"
70,Chemistry,BS in Chemistry,1,23041507-001,23034207128,Taiba Irfan D/o Irfan Akhtar,Promoted,2.93,3.37,
70,Chemistry,BS in Chemistry,2,23041507-002,23034207129,Mudassar Shahbaz S/o Shahbaz Ahmed,Promoted,2.25,2.48,CHEM-311
70,Chemistry,BS in Chemistry,3,23041507-003,23034207130,AMNA JAVED D/o JAVED IQBAL,Promoted,3.33,3.43,
70,Chemistry,BS in Chemistry,4,23041507-004,23026207131,MALIK FAWAD AHMED S/o MUHAMMAD EJAZ,Promoted,2.51,3.12,CHEM-307
70,Chemistry,BS in Chemistry,5,23041507-006,23034207133,TAYYABA MUSTAFA D/o GHULAM MUSTAFA BHALLI,Promoted,2.54,3.1,CHEM-311
70,Chemistry,BS in Chemistry,6,23041507-007,23034207134,SONIA BABAR D/o MUHAMMAD BABAR,Promoted,2.88,3.0,
70,Chemistry,BS in Chemistry,7,23041507-008,23034207135,ALEEN NAVEED D/o Malik Naveed Saeed,Promoted,2.93,3.16,
70,Chemistry,BS in Chemistry,8,23041507-010,23034207137,SIDRA BIBI D/o AKHTER BAIG,Promoted,2.33,2.58,
70,Chemistry,BS in Chemistry,9,23041507-011,23024207138,MARYAM D/o RAJAB ALI,Promoted,2.65,2.85,CHEM-311
70,Chemistry,BS in Chemistry,10,23041507-012,23034207139,AREEBA ASHGAR D/o ASGHAR ALI,Promoted,3.59,3.35,
70,Chemistry,BS in Chemistry,11,23041507-014,23034207141,AYESHA SIDDIQA D/o SARDAR AHMAD,Promoted,3.49,3.24,
70,Chemistry,BS in Chemistry,12,23041507-015,23034207142,ZAINAB SALEEM D/o MUHAMMAD SALEEM,Promoted,2.56,2.35,
70,Chemistry,BS in Chemistry,13,23041507-016,23034207143,ZOHA D/o MUHAMMAD ABBAS,Promoted,2.59,2.78,CHEM-307
70,Chemistry,BS in Chemistry,14,23041507-017,23034207144,SEERAT FATIMA D/o ZAHID MEHMOOD CHEEMA,Promoted,3.36,3.38,
70,Chemistry,BS in Chemistry,15,23041507-018,23034207145,HIRA TANVEER D/o TANVEER AHMED QADRI,Promoted,3.49,3.15,
70,Chemistry,BS in Chemistry,16,23041507-022,23024207149,NAFEESA IRSHAD D/o IRSHAD AHMAD,Promoted,1.46,1.99,"BOT-103, CHEM-307, CHEM-311"
70,Chemistry,BS in Chemistry,17,23041507-024,23034207151,MAHAM MUGHAL D/o IJAZ AHMED MUGHAL,Promoted,1.92,2.11,"CHEM-307, CHEM-311"
70,Chemistry,BS in Chemistry,18,23041507-026,23034207153,CH MUHAMMAD UMAR CHOHAN S/o AKHTAR AYUB,Promoted,2.91,3.39,CHEM-307
70,Chemistry,BS in Chemistry,19,23041507-027,23034207154,UMAIR BASHIR S/o QADEER HUSSAIN,Promoted,3.64,3.3,
70,Chemistry,BS in Chemistry,20,23041507-028,23034207155,HAMMAD ALI S/o SARFRAZ HUSSAIN,Promoted,2.93,2.98,
70,Chemistry,BS in Chemistry,21,23041507-029,23034207156,NABEEL AHMED S/o MUHAMMAD JAMIL,Promoted,3.36,3.16,
70,Chemistry,BS in Chemistry,22,23041507-031,23034207158,DANISH HAYAT S/o YOUSAF MASIH,Promoted,3.15,2.83,
70,Chemistry,BS in Chemistry,23,23041507-032,23034207187,HIJAB D/o MUHAMMAD NADEEM,Promoted,2.8,3.34,
70,Chemistry,BS in Chemistry,24,23041507-034,23034207189,FATIMA DAUD D/o DAUD AHMAD,Promoted,2.58,2.68,CHEM-307
70,Chemistry,BS in Chemistry,25,23041507-035,23034207190,AIMAN RAZZAQ D/o RAZZAQ AHMED,Promoted,3.55,3.23,
70,Chemistry,BS in Chemistry,26,23041507-036,23034207191,SIDRA BATOOL D/o MUHAMMAD AHSAN,Promoted,2.37,2.66,"CHEM-307, CHEM-311"
70,Chemistry,BS in Chemistry,27,23041507-037,23034207192,MINAHIL MAQSOOD D/o MUHAMMAD MAQSOOD RASOOL,Promoted,2.39,2.26,
70,Chemistry,BS in Chemistry,28,23041507-038,23010207193,RUBAB ZAFAR D/o ZAFAR IQBAL,Promoted,1.89,2.1,"CHEM-307, CHEM-311"
70,Chemistry,BS in Chemistry,29,23041507-042,23034207207,SANIHA SAJJAD D/o SAJJAD HUSSAIN,Promoted,2.46,2.61,CHEM-307
70,Chemistry,BS in Chemistry,30,23041507-043,23034207208,EMAN ZAINAB D/o IJAZ ANWAR,Promoted,3.76,3.47,
70,Chemistry,BS in Chemistry,31,23041507-045,23034207224,FAREEHA ANWAR D/o MUHAMMAD ANWAR,Promoted,2.48,2.66,"CHEM-307, CHEM-311"
70,Chemistry,BS in Chemistry,32,23041507-046,23034207225,UNSHA FATIMA D/o MUNAWAR ALI AKBAR,Promoted,2.7,2.6,CHEM-307
70,Chemistry,BS in Chemistry,33,23041507-047,23034207226,RABIA MUBASHAR D/o MUHAMMAD MUBASHAR,Promoted,3.34,3.04,
70,Chemistry,BS in Chemistry,34,23041507-049,23034207228,JANNAT ASIF D/o MUHAMMAD ASIF BUTT,Promoted,2.26,2.79,"CHEM-307, CHEM-311"
70,Chemistry,BS in Chemistry,35,23041507-051,23034207232,MUHAMMAD S/o IFTIKHAR,Promoted,2.48,2.74,
70,Chemistry,BS in Chemistry,36,23041507-054,23034207235,AYESHA ILYAS D/o MUHAMMAD ILYAS KHATANA,Promoted,3.4,3.29,
71,Chemistry,BS in Chemistry,1,24021507-001,24034207107,MALAIKA NADEEM D/o NADEEM SABIR,Promoted,3.85,3.76,
71,Chemistry,BS in Chemistry,2,24021507-002,24034207108,AHMED SAGHEER S/o MUHAMMAD SAGHEER,Promoted,3.02,3.22,
71,Chemistry,BS in Chemistry,3,24021507-003,24034207109,FATIMA D/o KHALID MEHMOOD,Promoted,3.18,3.51,
71,Chemistry,BS in Chemistry,4,24021507-005,24034207111,ZARQA SHAN D/o ALI SHAN,Promoted,3.49,3.33,
71,Chemistry,BS in Chemistry,5,24021507-007,24034207113,TATHEER ZAHRA D/o MUHAMMAD JAVID,Promoted,3.25,3.29,
71,Chemistry,BS in Chemistry,6,24021507-008,24034207114,NIMRA D/o MUHAMMAD ASIF,Promoted,3.63,3.63,
71,Chemistry,BS in Chemistry,7,24021507-010,24034207116,ASMA D/o ABDUL ISLAM,Promoted,3.4,3.5,
71,Chemistry,BS in Chemistry,8,24021507-011,24034207117,ARSHIA D/o MUHAMMAD IFTIKHAR,Promoted,3.78,3.75,
71,Chemistry,BS in Chemistry,9,24021507-012,24034207118,AMINA D/o GHULAM HUSSAIN,Promoted,3.53,3.42,
71,Chemistry,BS in Chemistry,10,24021507-015,24034207121,ZAINAB YASEEN D/o MUHAMMAD YASEEN,Promoted,3.66,3.54,
71,Chemistry,BS in Chemistry,11,24021507-016,24034207122,AMARA D/o MUHAMMAD ALI,Promoted,3.64,3.73,
71,Chemistry,BS in Chemistry,12,24021507-018,24034207124,MALIK MUHAMMAD NOMAN TAYYAB S/o MALIK TAYYAB HUSSAIN,Promoted,2.66,2.96,
71,Chemistry,BS in Chemistry,13,24021507-019,24034207125,UMER LIAQAT S/o LIAQAT ALI,Promoted,3.37,3.42,
71,Chemistry,BS in Chemistry,14,24021507-020,24034207126,MEHREEN FATIMA D/o MUHAMMAD ARSHAD,Promoted,3.63,3.54,
71,Chemistry,BS in Chemistry,15,24021507-022,24034207128,MAHAM D/o ABDUL SATTAR,Promoted,3.27,3.39,
71,Chemistry,BS in Chemistry,16,24021507-027,24034207133,AYESHA D/o MUNAWAR HUSSAIN,Promoted,3.1,3.14,
71,Chemistry,BS in Chemistry,17,24021507-029,24034207138,ALI ABBAS S/o MUREED ABBAS,Promoted,2.58,2.86,
71,Chemistry,BS in Chemistry,18,24021507-030,24034207139,IQRA D/o ASGHAR ALI,Promoted,3.08,3.46,
71,Chemistry,BS in Chemistry,19,24021507-032,24034207141,HIRA IRFAN D/o IRFAN PASHA,Promoted,3.33,3.58,
71,Chemistry,BS in Chemistry,20,24021507-033,24034207142,MALIKA BANO D/o JAMSHAID AHMED,Promoted,3.07,3.16,
71,Chemistry,BS in Chemistry,21,24021507-034,24034207235,EMAN FATIMA D/o SAJJAD HUSSAIN,Promoted,3.05,3.26,
71,Chemistry,BS in Chemistry,22,24021507-035,24034207236,MUHAMMAD AWAIS S/o MUHAMMAD NADEEM,Promoted,2.78,3.35,
71,Chemistry,BS in Chemistry,23,24021507-036,24034207237,MOAEEZ AHMAD MUGHAL S/o MUHAMMAD AMJAD,Promoted,2.69,2.96,
71,Chemistry,BS in Chemistry,24,24021507-037,24034207238,ARBAB ALI S/o MUHAMMAD FAROOQ,Promoted,2.53,2.61,
71,Chemistry,BS in Chemistry,25,24021507-038,24034207239,MINAHIL KHALID D/o KHALID RAFIQUE,Promoted,2.71,2.96,
71,Chemistry,BS in Chemistry,26,24021507-039,24034207240,MAH NOOR D/o AMIR HUSSAIN,Promoted,3.64,3.43,
72,Chemistry,BS in Chemistry,1,25081507-003,25034207073,MUHAMMAD RAZA S/o MUHAMMAD BOOTA,Promoted,3.43,3.39,
72,Chemistry,BS in Chemistry,2,25081507-005,25034207078,FIZA D/o MIRAJ DIN,Promoted,2.87,2.93,
72,Chemistry,BS in Chemistry,3,25081507-006,25034207080,ZUNAIRA D/o ASIF ALI,Promoted,3.42,3.26,
72,Chemistry,BS in Chemistry,4,25081507-007,25034207082,HAJRA D/o MUHAMMAD IKRAM,Promoted,2.1,2.19,CHEM-114
72,Chemistry,BS in Chemistry,5,25081507-008,25034207084,AMNA YASEEN D/o MUHAMMAD YASEEN BAJWA,Promoted,2.39,2.44,CHEM-115
72,Chemistry,BS in Chemistry,6,25081507-009,25034207087,MOMINA SAJJAD D/o MUHAMMAD SAJJAD,Promoted,3.71,3.7,
72,Chemistry,BS in Chemistry,7,25081507-010,25034207089,EMMARAH AQIL D/o MUHAMMAD AQIL AZIZ,Promoted,3.86,3.77,
72,Chemistry,BS in Chemistry,8,25081507-011,25034207091,HAMID ALI S/o SADAQAT ALI,Promoted,2.68,2.63,
72,Chemistry,BS in Chemistry,9,25081507-012,25034207095,AHMAD ALI S/o HAMID ALI,Promoted,3.19,3.18,
72,Chemistry,BS in Chemistry,10,25081507-013,25034207099,MARYAM ARSHAD D/o MUHAMMAD ARSHAD,Promoted,3.39,3.36,
72,Chemistry,BS in Chemistry,11,25081507-014,25034207137,ABDULLAH S/o SAJJAD HUSSAIN,Promoted,2.57,2.93,
72,Chemistry,BS in Chemistry,12,25081507-015,25034207138,USWA ADAN D/o BASHIR AHMED,Promoted,3.59,3.62,
72,Chemistry,BS in Chemistry,13,25081507-016,25034207139,SYEDA DUA FATIMA D/o SYED SHAHBAZ HAIDER,Promoted,3.76,3.81,
72,Chemistry,BS in Chemistry,14,25081507-017,25034207140,SIBGHA GHAZANFAR D/o GHAZANFAR SHAHBAZ,Promoted,3.43,3.62,
72,Chemistry,BS in Chemistry,15,25081507-018,25034207155,MAHPARA FATIMA D/o ASHFAQ AHMED,Promoted,3.14,3.34,
72,Chemistry,BS in Chemistry,16,25081507-019,25034207156,MUHAMMAD TOUQEER SHARAFAT S/o SHARAFAT ALI,Promoted,2.81,2.99,
73,Economics,BS in Economics,1,20521521-025,20034221179,Samiullah S/o Muhammad Waris,Promoted,0.0,2.71,ECO-355
74,Economics,BS in Economics,1,21814121-031,21034221284,WAJEEHA D/o WARIS HUSSAIN,Promoted,3.57,2.9,
75,Economics,BS in Economics,1,21841521-016,21008221168,SHAFIQA BIBI D/o MUHAMMAD SADIQ,Promoted,3.4,2.31,
75,Economics,BS in Economics,2,21841521-018,21034221170,MUHAMMAD ALI RAZA S/o HAFIZ NAEEM RAZA,Promoted,4.0,2.4,
75,Economics,BS in Economics,3,21841521-023,21034221176,SALAYH MUHAMMAD MUGHAL S/o MUHAMMAD YONIS MUGHAL,Promoted,2.45,2.3,ECO-355
76,Economics,BS in Economics,1,22014121-003,22034221169,Sahil Anwar S/o Anwar masih,Promoted,1.79,2.17,IR-101
76,Economics,BS in Economics,2,22014121-004,22034221170,Eman D/o Arshad Gulzar,Promoted,3.68,2.96,
76,Economics,BS in Economics,3,22014121-007,22034221173,Sarosh Baig D/o Jamil Baig,Promoted,3.68,3.09,
76,Economics,BS in Economics,4,22014121-008,22034221174,Muhammad Huzaima S/o Yasir Butt,Promoted,3.58,3.05,
76,Economics,BS in Economics,5,22014121-010,22034221176,Sheharyar S/o SHAMAS UL DEEN,Promoted,3.62,2.84,
76,Economics,BS in Economics,6,22014121-012,22034221178,Saba Maqsood D/o Maqsood Ahmed,Promoted,3.44,2.65,
76,Economics,BS in Economics,7,22014121-013,22034221179,Rabaya D/o Muhammad Razzaq,Promoted,3.62,2.96,
76,Economics,BS in Economics,8,22014121-014,22034221180,Sana D/o Maqsood Ahmad,Promoted,2.55,2.5,ECO-360
76,Economics,BS in Economics,9,22014121-015,22034221181,Mahak D/o Zulfiqar Butt,Promoted,3.76,3.22,
76,Economics,BS in Economics,10,22014121-016,22034221182,Fatima Farooq D/o Muhammad Farooq,Promoted,3.5,3.04,
76,Economics,BS in Economics,11,22014121-018,22034221184,Rimsha D/o Shafqat Ullah,Promoted,3.2,2.69,
76,Economics,BS in Economics,12,22014121-019,22034221185,Ifra D/o Muhammad Nazeer,Promoted,3.7,2.8,
76,Economics,BS in Economics,13,22014121-021,22034221187,Muhammad Haseeb S/o Shamas Din,Promoted,3.34,2.68,
76,Economics,BS in Economics,14,22014121-022,22034221188,Tahmina Kiran D/o Imran Mustafa,Promoted,3.7,3.26,
76,Economics,BS in Economics,15,22014121-024,22034221190,Shameem Akhter D/o Muhammad Aslam,Promoted,3.6,3.1,
76,Economics,BS in Economics,16,22014121-034,22034221200,Rajab Manzoor D/o Manzoor Ahmed,Promoted,3.46,2.82,
76,Economics,BS in Economics,17,22014121-038,22034221206,Sufyan Ahmad Ghumman S/o Afzal Mushtaq,Promoted,3.42,2.78,
76,Economics,BS in Economics,18,22014121-039,22034221207,Malaika Jabeen D/o Ajmal Khan,Promoted,3.4,2.77,
76,Economics,BS in Economics,19,22014121-044,22034221212,Saad Malik D/o Muhammad Salman,Promoted,3.48,2.57,
76,Economics,BS in Economics,20,22014121-046,22034221214,Misbah D/o Muhammad Shafiq,Promoted,3.17,2.72,
76,Economics,BS in Economics,21,22014121-049,22034221217,Muhammad Ameer Hamza S/o Muhammad Fiaz,Promoted,3.27,2.4,
76,Economics,BS in Economics,22,22014121-052,22034221220,Faryad Ali S/o Muhammad Afzal,Promoted,3.5,2.59,
77,Economics,BS in Economics,1,22021521-001,22034221111,Zahra D/o M Aslam,Promoted,3.57,3.15,
77,Economics,BS in Economics,2,22021521-002,22034221112,Rameeza D/o Zahid Iqbal,Promoted,3.68,3.16,
77,Economics,BS in Economics,3,22021521-003,22034221113,Aqsa Noreen D/o Muhammad Zahid,Promoted,3.48,3.28,
77,Economics,BS in Economics,4,22021521-005,22034221115,Ayesha Zahid D/o Zahid Mehmood,Promoted,3.54,3.08,
77,Economics,BS in Economics,5,22021521-007,22034221117,Muhammad Akif S/o Muhammad Ijaz,Promoted,3.3,2.65,
77,Economics,BS in Economics,6,22021521-009,22034221119,Jannat D/o NAEEM AKHTAR,Promoted,3.62,3.48,
77,Economics,BS in Economics,7,22021521-010,22031221120,Sehar D/o Pervaiz Masih,Promoted,3.6,3.14,
77,Economics,BS in Economics,8,22021521-011,22034221121,Kainat Arshad D/o Muhammad Arshad,Promoted,3.52,2.61,
77,Economics,BS in Economics,9,22021521-012,22034221122,Mariyum Amin D/o Muhammad Amin,Promoted,3.76,3.1,
77,Economics,BS in Economics,10,22021521-013,22034221123,Maryam D/o Muhammad Latif,Promoted,3.6,2.59,
77,Economics,BS in Economics,11,22021521-015,22034221125,Isha D/o Shehbaz,Promoted,3.47,2.31,
77,Economics,BS in Economics,12,22021521-017,22034221127,Zeenat Eman D/o Zahid hussain,Promoted,3.68,3.08,
77,Economics,BS in Economics,13,22021521-018,22034221128,Eman D/o Rashid Ali,Promoted,3.68,3.14,
77,Economics,BS in Economics,14,22021521-020,22034221130,Mahnoor butt D/o Zeeshan Raza Butt,Promoted,3.5,2.34,
77,Economics,BS in Economics,15,22021521-023,22034221133,Zubair ilyas S/o Muhammad Ilyas,Promoted,3.24,2.0,
77,Economics,BS in Economics,16,22021521-025,22034221135,Fazeelat Bibi D/o Muhammad iqbal,Promoted,3.17,2.38,
77,Economics,BS in Economics,17,22021521-026,22034221136,Mahmoona Qasir Ghuman D/o Qasir Ilyas Ghuman,Promoted,3.62,2.93,
77,Economics,BS in Economics,18,22021521-027,22034221137,Muqadas D/o Hamayun,Promoted,3.52,3.27,
77,Economics,BS in Economics,19,22021521-029,22034221139,Muzammal Bibi D/o Muhammad Aslam,Promoted,3.64,3.18,
77,Economics,BS in Economics,20,22021521-031,22034221141,Muhammad Usman S/o Muhammad Naeem,Promoted,3.56,2.82,
77,Economics,BS in Economics,21,22021521-032,22034221142,Muhammad Yasir S/o Rizwan Akram,Promoted,3.43,2.27,
77,Economics,BS in Economics,22,22021521-034,22034221144,Samia Sagheer D/o Sagheer Ahmed,Promoted,3.26,2.28,
77,Economics,BS in Economics,23,22021521-037,22034221147,Wajeeh ul Mustafa S/o Asim Nazir,Promoted,3.38,2.58,
77,Economics,BS in Economics,24,22021521-039,22034221149,Areeba Noor D/o Noor Islam,Promoted,3.82,3.35,
77,Economics,BS in Economics,25,22021521-044,22034221154,Momina Shahzadi D/o Muhammad Iqbal,Promoted,3.56,2.93,
77,Economics,BS in Economics,26,22021521-045,22034221155,Kashaf Zahra D/o Malik Hafeez Ullah,Promoted,3.07,2.49,
77,Economics,BS in Economics,27,22021521-046,22034221156,Tanzila Akram D/o Muhammad Akram Awan,Promoted,3.34,3.32,
77,Economics,BS in Economics,28,22021521-047,22034221157,Ayesha D/o Muhammad Amjad,Promoted,3.07,2.03,
77,Economics,BS in Economics,29,22021521-052,22034221162,Muneeb Ul Hassan S/o Muhammad Shakeel,Promoted,3.27,2.37,
77,Economics,BS in Economics,30,22021521-053,22034221163,Khadiga Irfan D/o Irfan Ashraf,Promoted,3.68,3.01,
77,Economics,BS in Economics,31,22021521-054,22034221164,Amal Qadeer D/o Qadeer Ahmed Cheema,Promoted,3.68,3.11,
78,Economics,BS in Economics,1,22814121-006,22034221191,Hussnain Ijaz S/o Ijaz Ahmad,Promoted,3.49,2.47,
79,Economics,BS in Economics,1,22821521-007,22034221143,Hamza Saleem S/o Muhammad Saleem,Promoted,3.39,2.22,
79,Economics,BS in Economics,2,22821521-012,22034221153,Atiq ur Rehman S/o Waheed Qadir,Promoted,3.26,2.23,
80,Economics,BS in Economics,1,23041521-005,23034221074,Eman Ali Tarar D/o Rashid Tarar,Promoted,3.16,3.11,
80,Economics,BS in Economics,2,23041521-006,23034221075,Dua Fatima D/o Waseem Abbas,Promoted,3.58,3.22,
80,Economics,BS in Economics,3,23041521-008,23034221077,Aqsa Ashraf D/o Muhammad Ashraf,Promoted,3.18,3.3,
80,Economics,BS in Economics,4,23041521-009,23034221078,Muhammad Ali S/o Muhammad Munir,Promoted,3.5,3.02,
80,Economics,BS in Economics,5,23041521-012,23034221081,Zain Ul Abedin S/o Abdul Razzaq,Promoted,3.36,3.58,
80,Economics,BS in Economics,6,23041521-013,23034221082,Muhammad Tabish S/o Furqan Akbar,Promoted,2.75,2.35,
80,Economics,BS in Economics,7,23041521-015,23034221084,Sanwal Shahan S/o Parvaiz Masih,Promoted,2.9,3.21,
80,Economics,BS in Economics,8,23041521-017,23034221114,ZAINAB BIBI D/o MUHAMMAD JAVAID,Promoted,3.28,2.81,
80,Economics,BS in Economics,9,23041521-020,23034221161,MAHNOOR AYOUB D/o MUHAMMAD AYOUB,Promoted,2.68,2.57,
80,Economics,BS in Economics,10,23041521-025,23034221166,WASEEM RAZA S/o MUHAMMAD JAVED,Promoted,2.57,2.15,
80,Economics,BS in Economics,11,23041521-028,23034221169,MUHAMMAD HUSSAIN GHUMMAN S/o RASHID HUSSAIN,Promoted,2.7,2.74,
80,Economics,BS in Economics,12,23041521-031,23034221172,SAMIA AZMAT ULLAH D/o AZMAT ULLAH,Promoted,3.26,3.38,
80,Economics,BS in Economics,13,23041521-032,23034221173,QURAT UL AIN D/o AKHTAR ABBAS,Promoted,2.5,2.06,
80,Economics,BS in Economics,14,23041521-037,23034221190,ABDULLAH S/o NASIR MAHMOOD,Promoted,2.18,1.76,ECO-357
80,Economics,BS in Economics,15,23041521-044,23034221198,ZARMINA D/o MUHAMMAD ASHRAF,Promoted,3.22,2.96,
80,Economics,BS in Economics,16,23041521-048,23034221204,Momina Batool D/o Saleem Abbas Sehgal,Promoted,3.76,3.65,
81,Economics,BS in Economics,1,23831521-027,23034221192,IFTIKHAR UL HASSAN S/o MUHAMMAD MUKHTAR,Promoted,3.64,3.37,
82,Economics,BS in Economics,1,24021521-002,24034221031,ZAEEM KHALIL S/o KHALIL SARWAR,Promoted,3.33,3.11,
82,Economics,BS in Economics,2,24021521-003,24034221032,UMAIR IMRAN S/o IMRAN AHMED BUTT,Promoted,2.98,2.52,
82,Economics,BS in Economics,3,24021521-004,24034221033,FAJAR D/o MUHAMMAD ASGHAR,Promoted,3.55,2.8,
82,Economics,BS in Economics,4,24021521-005,24034221034,FAJAR MUSHTAQ D/o FAJAR MUSHTAQ,Promoted,3.8,3.32,
82,Economics,BS in Economics,5,24021521-006,24034221035,AYSHA YASIN D/o MUHAMMAD YASIN,Promoted,3.26,2.65,
82,Economics,BS in Economics,6,24021521-008,24034221037,MUHAMMMAD SHOAIB S/o ZAHEER BABAR,Promoted,3.2,2.48,
82,Economics,BS in Economics,7,24021521-010,24034221039,MOMNA BATOOL D/o ANSAR ALI,Promoted,3.5,2.95,
82,Economics,BS in Economics,8,24021521-012,24034221041,ABDUR REHMAN S/o SHAHBAZ AHMAD,Promoted,3.44,2.65,
82,Economics,BS in Economics,9,24021521-013,24034221042,HUSNAIN ALI S/o JAVED IQBAL,Promoted,3.26,2.78,
82,Economics,BS in Economics,10,24021521-018,24034221047,MUHAMMAD AFZAAL S/o LIAQAT ALI,Promoted,2.0,2.25,
82,Economics,BS in Economics,11,24021521-020,24034221049,MALAIKA KHALID D/o KHALID HUSSAIN,Promoted,3.58,2.63,
82,Economics,BS in Economics,12,24021521-024,24034221053,MARIAM D/o ASIF,Promoted,3.51,2.83,
82,Economics,BS in Economics,13,24021521-026,24034221055,MEHRO S/o MUHAMMAD SHAKEEL,Promoted,2.64,2.33,
82,Economics,BS in Economics,14,24021521-028,24034221057,FAIZ UL MEERAN S/o NAVEED AHMAD,Promoted,3.5,3.39,
82,Economics,BS in Economics,15,24021521-030,24034221059,AHMED S/o SHAMS PERVAIZ,Promoted,3.5,3.24,
82,Economics,BS in Economics,16,24021521-031,24034221060,Hamdah Sarfraz Ahmad Khan D/o Sarfraz Ahmad Khan,Promoted,3.32,2.34,
82,Economics,BS in Economics,17,24021521-032,24034221061,ZAIRA D/o NAVEED IKHLAQ,Promoted,3.28,3.04,
82,Economics,BS in Economics,18,24021521-034,24034221063,FATIMA SATTAR D/o ABDUL SATTAR,Promoted,3.58,2.79,
82,Economics,BS in Economics,19,24021521-036,24034221065,MUNEEZA RAMZAN D/o MUHAMMAD RAMZAN,Promoted,3.26,2.9,
82,Economics,BS in Economics,20,24021521-037,24034221066,MUHAMMAD YASIN S/o MUHAMMAD JAMIL,Promoted,3.0,2.78,
82,Economics,BS in Economics,21,24021521-038,24034221067,BABAR ALI S/o ASHIQ HUSSAIN,Promoted,3.52,3.24,
82,Economics,BS in Economics,22,24021521-039,24034221068,ZAINAB D/o MUHAMMAD NAWAZ,Promoted,3.44,3.1,
82,Economics,BS in Economics,23,24021521-040,24034221069,TALHA ASHRAF S/o MUHAMMAD ASHRAF,Promoted,2.83,2.32,
82,Economics,BS in Economics,24,24021521-042,24034221071,MARYAM FATIMA KHALIL D/o KHALIL HUSSAIN,Promoted,3.64,3.33,
82,Economics,BS in Economics,25,24021521-043,24034221072,FIZA MUMTAZ D/o MUMTAZ HUSSAIN CHOHAN,Promoted,3.05,2.68,
82,Economics,BS in Economics,26,24021521-044,24034221073,MINAHIL NAEEM D/o NAEEM AKHTAR,Promoted,3.82,3.42,
82,Economics,BS in Economics,27,24021521-046,24034221075,SHEIKH ANEEQ S/o MUHAMMAD KHALIL,Promoted,2.67,2.5,
82,Economics,BS in Economics,28,24021521-049,24034221079,ALISHBA QAISAR D/o QAISAR RAZA,Promoted,3.16,2.74,
82,Economics,BS in Economics,29,24021521-050,24034221080,AMNA D/o ABDUL RASHEED,Promoted,3.52,3.23,
82,Economics,BS in Economics,30,24021521-051,24034221166,ALI ASIF S/o ASIF RAZA,Promoted,1.4,1.68,"ECO-251, POL-101"
82,Economics,BS in Economics,31,24021521-055,24034221219,UMAIRA RAZAQ D/o RAZAQ GHORI,Promoted,2.86,2.44,
83,Economics,BS in Economics,1,24821521-003,24034221043,MEMOONA TAHIR D/o MUHAMMAD TAHIR,Promoted,2.75,2.35,
83,Economics,BS in Economics,2,24821521-004,24034221044,ALIZA D/o ATEEQ UR REHMAN,Promoted,1.88,1.99,
83,Economics,BS in Economics,3,24821521-007,24034221054,MUHAMMAD MOEZ IMRAM S/o CH MUHAMMAD IMRAN ALAM,Dropped,0.5,1.46,"ECO-208, ECO-251, IR-101, POL- 101"
83,Economics,BS in Economics,4,24821521-009,24034221062,Faiza D/o Sohail Anjam Bhatti,Promoted,2.08,2.09,POL-101
84,Economics,BS in Economics,1,25071521-001,25034221148,SHAKEEL ARSHAD S/o MUHAMMAD ARSHAD,Promoted,3.25,2.91,
84,Economics,BS in Economics,2,25071521-003,25034221150,AHMED RAZA S/o ALI RAZA,Promoted,2.54,2.28,
84,Economics,BS in Economics,3,25071521-004,25034221151,FATIMA NADEEM D/o NADEEM ANWAR,Promoted,3.73,3.8,
84,Economics,BS in Economics,4,25071521-006,25034221153,FATIMA D/o MUHAMMAD NADEEM,Promoted,2.27,2.12,GE-205
84,Economics,BS in Economics,5,25071521-007,25034221154,HIJAB D/o MUHAMMAD SHAHBAZ,Promoted,2.69,2.57,GE-205
84,Economics,BS in Economics,6,25071521-008,25034221155,ZAINAB BATOOL D/o EHSAN ELAHI,Promoted,2.86,2.64,
84,Economics,BS in Economics,7,25071521-009,25034221156,NIMRA BANO D/o ALI RAZA,Promoted,2.09,1.81,"GE-102, GE-205"
84,Economics,BS in Economics,8,25071521-010,25034221157,MARYAM NAEEM D/o NAEEM YOUSAF,Promoted,2.47,2.45,
84,Economics,BS in Economics,9,25071521-012,25034221159,DILAAWAZE D/o MUHAMMAD NADEEM DAR,Promoted,3.56,3.4,
84,Economics,BS in Economics,10,25071521-013,25034221160,MARYAM ARSHAD D/o MUHAMMAD ARSHAD,Promoted,3.12,2.96,
84,Economics,BS in Economics,11,25071521-014,25034221161,WAJIHA ZULFIQAR D/o ZULFIQAR ALI,Promoted,2.79,2.69,
84,Economics,BS in Economics,12,25071521-015,25034221162,JANNAT NADEEM D/o NADEEM ANWAR,Promoted,3.78,3.79,
84,Economics,BS in Economics,13,25071521-016,25034221163,SHAHZAIB KHALIL S/o KHALIL ABBAS,Promoted,3.38,3.5,
84,Economics,BS in Economics,14,25071521-017,25034221164,ZEENAT BATOOL D/o DILAWAR HUSSAIN,Promoted,3.6,3.5,
84,Economics,BS in Economics,15,25071521-018,25034221165,USMAN ALI BUTT S/o MUHAMMAD ALI BUTT,Promoted,3.45,3.43,
84,Economics,BS in Economics,16,25071521-019,25034221166,HANSA AIJAZ D/o AIJAZ AHMAD,Promoted,3.45,3.54,
84,Economics,BS in Economics,17,25071521-020,25089221167,SAEEDULLAH S/o HABIB GULL,Promoted,3.36,3.06,
84,Economics,BS in Economics,18,25071521-021,25034221168,MEHAK SHAHID D/o SHAHID ANWAR,Promoted,3.26,3.13,
84,Economics,BS in Economics,19,25071521-022,25034221169,SAFEENA D/o ASGHAR ALI,Promoted,3.21,3.02,
84,Economics,BS in Economics,20,25071521-023,25034221170,HASSAN ALI S/o MUHAMMAD ASLAM,Promoted,2.97,2.42,
84,Economics,BS in Economics,21,25071521-024,25034221171,HIFZA NAEEM D/o MIRZA NAEEM BAIG,Promoted,3.14,3.01,
84,Economics,BS in Economics,22,25071521-025,25034221172,SAIRA ARSHAD D/o ARSHAD ALI SHAH,Promoted,3.38,3.16,
84,Economics,BS in Economics,23,25071521-026,25034221173,MANAF FIZA D/o GHULAM HUSSAIN,Promoted,3.6,3.54,
84,Economics,BS in Economics,24,25071521-028,25034221175,ABDUL RAFAY S/o MUHAMMAD TARIQ MUGHAL,Promoted,2.64,2.53,
84,Economics,BS in Economics,25,25071521-030,25034221177,EMAN D/o MUHAMMAD JAVAID,Promoted,2.92,2.26,
84,Economics,BS in Economics,26,25071521-031,25034221178,HANAN S/o ZAHEER PARVAIZ,Promoted,2.15,1.83,GE-102
84,Economics,BS in Economics,27,25071521-032,25034221179,AMAN ARBAB D/o TARIQ MEHMOOD,Promoted,3.11,2.49,
84,Economics,BS in Economics,28,25071521-034,25034221181,HAMZA SHABBIR S/o SHABBIR AHMED,Promoted,3.07,3.07,
84,Economics,BS in Economics,29,25071521-035,25034221182,ZUBAIR SHAKEEL S/o MUHAMMAD SHAKEEL ANWAR,Promoted,3.18,3.13,
84,Economics,BS in Economics,30,25071521-036,25034221183,AMNA SADDIQUA D/o ARIF MEHMOOD,Promoted,3.65,3.52,
84,Economics,BS in Economics,31,25071521-037,25034221184,MUHAMMAD ARHAM S/o IRFAN,Promoted,2.68,2.33,
84,Economics,BS in Economics,32,25071521-038,25034221185,AQDAS LODHI KHAN S/o SHAHID LODHI,Promoted,2.92,2.93,
84,Economics,BS in Economics,33,25071521-039,25034221186,MUHAMMAD ASAD ULLAH S/o MUHAMMAD AKRAM,Dropped,0.57,1.4,"ECO-103, GE-102, GE-106, GE-205, GE-206"
84,Economics,BS in Economics,34,25071521-040,25034221187,MUHAMMAD MUNEEB S/o MUHAMMAD BASHIR,Promoted,1.88,1.91,ECO-103
84,Economics,BS in Economics,35,25071521-041,25034221188,MUHAMMAD SHAZIL S/o MUHAMMAD SHAHBAZ,Promoted,2.76,2.44,
84,Economics,BS in Economics,36,25071521-042,25034221189,SAAD ULLAH LADHI S/o ABDUL HAFEEZ LADHI,Promoted,2.93,2.9,
84,Economics,BS in Economics,37,25071521-043,25034221190,MARYAM TABASSAM D/o ANWAR MEHMOOD,Promoted,3.26,2.93,
84,Economics,BS in Economics,38,25071521-044,25034221191,ALI HAIDER S/o AJMAL KHAN,Promoted,3.35,3.12,
84,Economics,BS in Economics,39,25071521-046,25034221193,FAHAD HASSSAN S/o SYED HASSAN RAZA GILLANI,Promoted,2.62,2.44,
84,Economics,BS in Economics,40,25071521-047,25034221194,AMAAR AHMED S/o MUHAMMAD ASIF,Promoted,3.45,3.11,
84,Economics,BS in Economics,41,25071521-048,25034221195,YASHIA TASLEEM D/o TASLEEM GEORGE,Promoted,3.41,3.19,
84,Economics,BS in Economics,42,25071521-049,25034221196,TAYYAB ALI S/o ASHIQ NAZ,Promoted,3.2,2.96,
84,Economics,BS in Economics,43,25071521-050,25034221197,SHEHZAD TARIQ S/o TARIQ MEHMOOD,Promoted,2.68,2.47,
84,Economics,BS in Economics,44,25071521-051,25034221198,RAMIYA D/o ASIF JAVED,Promoted,2.59,2.29,GE-205
84,Economics,BS in Economics,45,25071521-054,25034221201,LAIBA D/o MUHAMMAD ASLAM,Promoted,3.36,3.19,
84,Economics,BS in Economics,46,25071521-055,25034221202,MUHAMMAD AHMER S/o MUHAMMAD ASIF NAVEED,Promoted,3.01,2.86,
84,Economics,BS in Economics,47,25071521-056,25034221203,ROSHAN ALI S/o MUHAMMAD ANWAR,Promoted,3.02,2.54,
85,Economics,BS in Economics,48,25071521-057,25034221204,MALAIKA KHAN D/o MUHAMMAD FAROOQ KHAN,Promoted,3.01,2.78,
85,Economics,BS in Economics,49,25071521-058,25034221205,ATIA SABIR D/o SABIR HUSSAIN,Promoted,3.39,3.08,
85,Economics,BS in Economics,50,25071521-059,25034221206,MUJEEB UL REHMAN S/o SHAKEEL AHMAD,Promoted,2.56,2.16,GE-205
85,Economics,BS in Economics,51,25071521-060,25034221208,LUBNA MAQSOOD D/o MAQSOOD AHMED,Promoted,2.32,2.26,GE-205
85,Economics,BS in Economics,52,25071521-061,25034221209,UMM E AMMARAH D/o MUHAMMAD ARSHAD,Promoted,3.19,3.34,
85,Economics,BS in Economics,53,25071521-062,25034221210,MUHAMMAD ABU BAKAR SIDDIQUE S/o GHULAM ABBAS,Promoted,1.79,1.96,GE-205
86,Economics,BS in Economics,1,25831521-005,25034221200,MUHAMMAD HUZAIFA SHAHBAZ S/o MUHAMMAD SHAHBAZ,Promoted,1.76,1.76,
87,Islamic Studies,BS in Islamic Studies,1,20021504-045,20034204048,Muhammad Shoaib S/o Umer Ullah Jawad,Promoted,3.28,,
88,Islamic Studies,BS in Islamic Studies,1,21014104-016,21034204383,SYEDA HAMNA SHAH D/o DILPAZEER,Promoted,1.0,2.94,
88,Islamic Studies,BS in Islamic Studies,2,21014104-018,21034204385,IMAN ANWAR D/o MUHAMMAD ANWAR,Promoted,2.95,2.62,
88,Islamic Studies,BS in Islamic Studies,3,21014104-036,21034204403,RUBAB D/o AMJAD DAR,Promoted,2.0,3.14,
89,Islamic Studies,BS in Islamic Studies,1,21041504-029,21034204269,SADIA HABIB D/o HABIB JILLANI,Promoted,4.0,3.13,
89,Islamic Studies,BS in Islamic Studies,2,21041504-051,21034204291,SHAKEELA KHANAM D/o SHAKEEL AHMED,Promoted,3.7,2.42,
90,Islamic Studies,BS in Islamic Studies,1,21814104-009,21034204386,AYESHA SHAHZADI D/o WARIS ALI,Promoted,3.68,3.02,
91,Islamic Studies,BS in Islamic Studies,1,21831504-008,21034204259,ZAIB YL NISA D/o NASIR AHMED RAZA,Promoted,2.0,3.02,
91,Islamic Studies,BS in Islamic Studies,2,21831504-009,21034204265,SUMBAL ANWAR D/o MUHAMMAD ANWAR,Promoted,3.14,3.22,
92,Islamic Studies,BS in Islamic Studies,1,22014104-001,22034204260,Hira Shahzadi D/o Nasar Javeed,Promoted,3.59,3.28,
92,Islamic Studies,BS in Islamic Studies,2,22014104-003,22034204262,Rabia D/o Muhammad Saeed,Promoted,3.41,3.19,
92,Islamic Studies,BS in Islamic Studies,3,22014104-005,22034204264,Aiza Naik Kirdar D/o Sajjad Ahmed,Promoted,3.44,3.03,
92,Islamic Studies,BS in Islamic Studies,4,22014104-010,22034204269,Muhammad Awais S/o Allah Ditta Butt,Promoted,3.17,3.34,STAT-101
92,Islamic Studies,BS in Islamic Studies,5,22014104-011,22034204270,Ramsha Naaz D/o Muhammad Ilyas,Promoted,3.74,3.25,
92,Islamic Studies,BS in Islamic Studies,6,22014104-012,22034204271,Tayyaba Naz D/o Muhammad Saleem,Promoted,3.69,3.1,
92,Islamic Studies,BS in Islamic Studies,7,22014104-013,22034204272,Veena Hanif D/o Muhammad Hanif,Promoted,3.7,3.05,
92,Islamic Studies,BS in Islamic Studies,8,22014104-016,22034204275,Noor Fatima D/o Majid Latif,Promoted,3.86,3.35,
93,Islamic Studies,BS in Islamic Studies,1,22021504-001,22034204121,Iqra Tabassum D/o Muhammad Yousaf,Promoted,3.96,3.41,
93,Islamic Studies,BS in Islamic Studies,2,22021504-002,22034204122,Rimsha Farooq D/o Abdul Farooq,Promoted,3.61,2.94,
93,Islamic Studies,BS in Islamic Studies,3,22021504-003,22034204123,Jannat Ul Firdous D/o Khalid Mehmood,Promoted,3.6,2.88,
93,Islamic Studies,BS in Islamic Studies,4,22021504-006,22034204126,Muskan Sajjad D/o Sajjad Ahmad,Promoted,3.87,2.92,
93,Islamic Studies,BS in Islamic Studies,5,22021504-007,22034204127,Saira Kausar D/o Muhammad Aslam,Promoted,3.79,3.04,
93,Islamic Studies,BS in Islamic Studies,6,22021504-008,22034204128,Tayyaba D/o Aman Ullah,Promoted,3.7,3.21,
93,Islamic Studies,BS in Islamic Studies,7,22021504-009,22034204129,Sheezal D/o Munawar Hussain,Promoted,3.3,2.78,
93,Islamic Studies,BS in Islamic Studies,8,22021504-010,22034204130,Tanzeela Shahzadi D/o Muhammad Arshad,Promoted,3.63,3.34,
93,Islamic Studies,BS in Islamic Studies,9,22021504-013,22034204133,Isha Basharat D/o Basharat Ali,Promoted,0.0,2.08,"ISL-314, ISL-409, ISL-410, ISL-422, ISL-423, ISL- 424, STAT-101"
93,Islamic Studies,BS in Islamic Studies,10,22021504-015,22034204135,Ayesha D/o Muhammad Ishfaq,Promoted,3.51,3.25,
93,Islamic Studies,BS in Islamic Studies,11,22021504-017,22034204137,Muhammad Ramzan S/o Muhammad Arif,Promoted,3.6,3.39,
93,Islamic Studies,BS in Islamic Studies,12,22021504-019,22034204139,Muhammad Haseeb Safdar S/o Muhammad Safdar,Promoted,3.83,2.96,
93,Islamic Studies,BS in Islamic Studies,13,22021504-020,22034204140,Muskan Shahzadi D/o Shamas Din,Promoted,3.91,3.49,
93,Islamic Studies,BS in Islamic Studies,14,22021504-021,22034204141,Fatima Ihsan D/o Ihsan Ullah,Promoted,3.87,3.32,
93,Islamic Studies,BS in Islamic Studies,15,22021504-023,22034204143,Hina Fiaz D/o Muhammad Fiaz Rehmat,Promoted,3.57,3.01,
93,Islamic Studies,BS in Islamic Studies,16,22021504-024,22034204144,Sidra Bibi D/o Zulfiqar Ali,Promoted,3.11,2.93,
93,Islamic Studies,BS in Islamic Studies,17,22021504-026,22034204146,Tooba D/o Iftikhar Ahmed,Promoted,3.67,3.17,
93,Islamic Studies,BS in Islamic Studies,18,22021504-027,22034204147,Sania D/o Muhammad Ayoub,Promoted,3.33,2.86,
93,Islamic Studies,BS in Islamic Studies,19,22021504-030,22034204150,Alia D/o Arif Ali,Promoted,2.77,2.87,STAT-101
93,Islamic Studies,BS in Islamic Studies,20,22021504-031,22034204151,Subhan Ali S/o Nadeem Ahmad,Promoted,3.16,2.82,STAT-101
93,Islamic Studies,BS in Islamic Studies,21,22021504-032,22034204152,Amina Fiaz D/o Muhammad Fiaz,Promoted,3.3,2.68,
93,Islamic Studies,BS in Islamic Studies,22,22021504-033,22034204153,Aansa Parveen D/o Meraj Khalid,Promoted,3.47,2.77,
93,Islamic Studies,BS in Islamic Studies,23,22021504-035,22034204155,Samia Batool Humayun D/o Humayun,Promoted,3.79,2.97,
93,Islamic Studies,BS in Islamic Studies,24,22021504-037,22034204157,Raiba Shoukat D/o Shoukat Ali,Promoted,3.43,2.94,
93,Islamic Studies,BS in Islamic Studies,25,22021504-038,22034204158,Sadia Ferdos D/o PIR SHAH JHAN NAQSHBANDI,Promoted,3.27,2.53,
93,Islamic Studies,BS in Islamic Studies,26,22021504-041,22034204161,Sana Islam D/o Muhammad Islam,Promoted,3.81,3.55,
93,Islamic Studies,BS in Islamic Studies,27,22021504-044,22024204164,Salwa Ashraf D/o Ashraf Ali,Promoted,3.74,3.1,
93,Islamic Studies,BS in Islamic Studies,28,22021504-045,22034204165,Muzamal D/o Muhammad Razzaq,Promoted,3.6,3.03,
94,Islamic Studies,BS in Islamic Studies,1,22821504-009,22034204134,Husna D/o Ghulam Bahu,Promoted,3.07,2.64,STAT-101
94,Islamic Studies,BS in Islamic Studies,2,22821504-011,22034204159,Saneeha D/o Javeed Iqbal,Promoted,3.33,2.76,
94,Islamic Studies,BS in Islamic Studies,3,22821504-012,22034204162,Maria Bibi D/o Shoukat Mehmood,Promoted,3.49,2.66,
94,Islamic Studies,BS in Islamic Studies,4,22821504-013,22034204136,Amna Bibi D/o Zahid ALi,Promoted,3.7,3.02,
95,Islamic Studies,BS in Islamic Studies,1,23021504-003,23034204066,Tooba Laraib D/o Abdul Sattar,Promoted,3.8,3.51,
95,Islamic Studies,BS in Islamic Studies,2,23021504-004,23034204067,Tooba D/o Muhammad Iqbal,Promoted,3.73,3.44,
95,Islamic Studies,BS in Islamic Studies,3,23021504-008,23034204071,Irfa Batool D/o Waheed,Promoted,3.68,3.3,
95,Islamic Studies,BS in Islamic Studies,4,23021504-010,23034204073,Masooma Fatima D/o Asghar Ali Shah,Promoted,3.85,3.57,
95,Islamic Studies,BS in Islamic Studies,5,23021504-011,23034204074,Fatima Safdar D/o Muhammad Safdar,Promoted,3.4,3.41,
95,Islamic Studies,BS in Islamic Studies,6,23021504-012,23034204075,Hafiza Farwa D/o Muhammad Rashid,Promoted,3.85,3.73,
95,Islamic Studies,BS in Islamic Studies,7,23021504-013,23034204076,Insha Khadim D/o Khadim Hussain,Promoted,3.09,3.21,GE-205
95,Islamic Studies,BS in Islamic Studies,8,23021504-014,23034204077,Nabeel Ilyas S/o Muhammad Ilyas,Promoted,3.58,3.21,
95,Islamic Studies,BS in Islamic Studies,9,23021504-016,23034204079,ZAINAB D/o GHULAM MUSTAFA,Promoted,3.6,3.54,
95,Islamic Studies,BS in Islamic Studies,10,23021504-019,23034204082,MUHAMMAD USMAN YOUSAF S/o MUHAMMAD YOUSAF,Promoted,2.67,2.52,
95,Islamic Studies,BS in Islamic Studies,11,23021504-020,23034204083,MUHAMMAD QASIM AZAZ S/o AZAZ QAMAR,Promoted,3.14,3.12,
95,Islamic Studies,BS in Islamic Studies,12,23021504-021,23034204084,MUHAMMAD AFTAB S/o MUHAMMAD SALEEM,Promoted,2.64,2.91,GE-104
95,Islamic Studies,BS in Islamic Studies,13,23021504-023,23034204086,MUHAMMAD FAIZAN S/o KHALID MEHMOOD,Promoted,3.63,3.38,
95,Islamic Studies,BS in Islamic Studies,14,23021504-030,23034204093,MUNEEBA MUNAWAR D/o MUNAWAR HUSSAIN,Promoted,3.78,3.43,
95,Islamic Studies,BS in Islamic Studies,15,23021504-032,23034204095,ZAINAB TAJAMMAL D/o TAJAMMAL HUSSAIN,Promoted,3.73,3.49,
95,Islamic Studies,BS in Islamic Studies,16,23021504-034,23034204097,AZEEM ASIF D/o MUHAMMAD ASIF,Promoted,3.68,3.55,
96,Islamic Studies,BS in Islamic Studies,1,24021504-002,24034204061,AREEBA D/o RIZWAN SALEEM,Promoted,2.82,2.45,
96,Islamic Studies,BS in Islamic Studies,2,24021504-004,24034204063,FATIMA ASAD D/o ASAD ALI,Promoted,2.64,2.34,
96,Islamic Studies,BS in Islamic Studies,3,24021504-006,24034204065,ZAINAB SHAHID D/o SHAHID IQBAL,Promoted,3.42,2.67,
96,Islamic Studies,BS in Islamic Studies,4,24021504-009,24034204068,FATIMA D/o ZAHID RIZWAN,Promoted,3.27,2.85,
96,Islamic Studies,BS in Islamic Studies,5,24021504-011,24034204070,SABA NOOR D/o MUHAMMAD IFTIKHAR NAZ,Promoted,3.8,3.46,
96,Islamic Studies,BS in Islamic Studies,6,24021504-016,24034204075,MUHAMMAD HESHAM S/o FAISAL BASHIR,Promoted,2.46,2.21,GE-202
96,Islamic Studies,BS in Islamic Studies,7,24021504-017,24034204076,IRFA MUSHTAQ D/o MUHAMMAD MUSHTAQ,Promoted,3.35,2.84,
96,Islamic Studies,BS in Islamic Studies,8,24021504-018,24034204077,AMINA BATOOL D/o IMRAN AZAM,Promoted,3.27,2.95,
96,Islamic Studies,BS in Islamic Studies,9,24021504-019,24034204078,FATIMA KHALID D/o MUHAMMAD KHALID,Promoted,3.33,2.61,
96,Islamic Studies,BS in Islamic Studies,10,24021504-020,24034204079,RIMSHA TAHIR D/o TAHIR MEHMOOD,Promoted,3.68,2.75,
96,Islamic Studies,BS in Islamic Studies,11,24021504-021,24034204205,EMAN FATIMA D/o MUHAMMAD BOOTA,Promoted,3.58,2.47,
96,Islamic Studies,BS in Islamic Studies,12,24021504-022,24034204206,MEHAK D/o MUHAMMAD MALIK,Promoted,3.57,2.52,
96,Islamic Studies,BS in Islamic Studies,13,24021504-025,24034204216,ZAINAB D/o ALI RAZA,Promoted,3.48,2.63,
96,Islamic Studies,BS in Islamic Studies,14,24021504-026,24034204217,MUQADDAS SHEHZADI D/o GHUALM MUJTABA,Promoted,3.8,3.17,
96,Islamic Studies,BS in Islamic Studies,15,24021504-027,24034204224,MUHAMMAD ALYAN AHMAD S/o NISAR AHMAD,Promoted,2.55,2.54,
96,Islamic Studies,BS in Islamic Studies,16,24021504-028,24034204226,WAJEEHA HAMAYUO D/o HAMAYUO,Promoted,2.96,2.27,
96,Islamic Studies,BS in Islamic Studies,17,24021504-030,24034204228,MOMNA SADHEER D/o SADHEER HUSSAIN,Promoted,2.99,2.57,
96,Islamic Studies,BS in Islamic Studies,18,24021504-034,24034204289,SAJAWAL S/o SHAKEEL AHMAD,Promoted,3.23,2.6,
97,Islamic Studies,BS in Islamic Studies,1,24811504-001,24034204067,MUHAMMAD HASSAN S/o UMAR FAROOQ,Promoted,1.81,2.1,"ISL-216, ISL-217"
98,Islamic Studies,BS in Islamic Studies,1,25111504-001,25034204326,EMAN FATIMA D/o MUHAMMAD SAGHEER,Promoted,3.1,3.13,GE-205
98,Islamic Studies,BS in Islamic Studies,2,25111504-002,25034204327,MAHNOOR D/o MUHAMMAD AKRAM,Promoted,2.53,2.85,GE-205
98,Islamic Studies,BS in Islamic Studies,3,25111504-003,25034204330,MARYAM D/o MUHAMMAD JAMEEL,Promoted,3.01,3.11,
98,Islamic Studies,BS in Islamic Studies,4,25111504-005,25034204334,SONIA MAQSOOD D/o MAQSOOD AHMED,Promoted,1.84,2.24,"GE-102, GE-205"
98,Islamic Studies,BS in Islamic Studies,5,25111504-007,25034204336,MUHAMMAD HARIS S/o MUHAMMAD NIAZ AHMAD,Promoted,3.67,3.56,
98,Islamic Studies,BS in Islamic Studies,6,25111504-008,25034204337,ABDUL RAFAY BUTT S/o FAROOQ AHMED BUTT,Promoted,3.75,3.6,
98,Islamic Studies,BS in Islamic Studies,7,25111504-009,25034204338,MUHAMMAD UMER S/o MUHAMMAD ASIF BHATTI,Promoted,1.76,1.94,"GE-205, ISL-213"
98,Islamic Studies,BS in Islamic Studies,8,25111504-010,25034204339,TEHREEMA BASHARAT D/o BASHARAT ALI,Promoted,2.99,3.01,
98,Islamic Studies,BS in Islamic Studies,9,25111504-011,25034204340,AMINA PERVAIZ D/o PERVIAZ AHMED,Promoted,3.59,3.56,
98,Islamic Studies,BS in Islamic Studies,10,25111504-013,25034204342,ABDUL REHMAN S/o MUNIR AHMAD,Promoted,2.31,2.7,
98,Islamic Studies,BS in Islamic Studies,11,25111504-014,25034204343,NAGINA BATOOL D/o TARIQ MEHMOOD,Promoted,2.39,2.39,
98,Islamic Studies,BS in Islamic Studies,12,25111504-015,25034204344,FATIMA IMTANAN D/o IMTANAN ELAHI,Promoted,3.03,2.86,
98,Islamic Studies,BS in Islamic Studies,13,25111504-016,25034204345,MUHAMMAD TALHA S/o MUHAMMAD SHAKEEL,Promoted,2.04,2.16,GE-205
98,Islamic Studies,BS in Islamic Studies,14,25111504-017,25034204346,SHIZA KHAWAJA D/o KHAWAJA MUHAMMAD SALEEM,Promoted,2.57,2.99,
98,Islamic Studies,BS in Islamic Studies,15,25111504-018,25034204347,MAHAM TUFAIL D/o MIAN MUHAMMAD TUFAIL,Promoted,3.29,3.43,
98,Islamic Studies,BS in Islamic Studies,16,25111504-020,25034204349,TAYYABA RANI D/o TARIQ NADEEM,Promoted,3.32,3.23,
98,Islamic Studies,BS in Islamic Studies,17,25111504-022,25034204351,SABA D/o SHAMAS DIN,Promoted,2.89,3.2,GE-205
98,Islamic Studies,BS in Islamic Studies,18,25111504-023,25034204364,ASMA ASIF D/o ASIF MAHMOOD,Promoted,3.45,3.58,
98,Islamic Studies,BS in Islamic Studies,19,25111504-024,25034204437,UMRAH D/o IMRAN ASHRAF,Promoted,3.46,3.51,
98,Islamic Studies,BS in Islamic Studies,20,25111504-025,25034204439,AMINA BIBI D/o MUHAMMAD IFTIKHAR,Promoted,3.42,3.52,
98,Islamic Studies,BS in Islamic Studies,21,25111504-026,25034204446,ALEEBA D/o ZAHID QAMAR,Promoted,2.87,3.22,GE-205
98,Islamic Studies,BS in Islamic Studies,22,25111504-027,25034204448,AMNA BIBI D/o RASHEED AHMAD,Promoted,3.22,3.27,
98,Islamic Studies,BS in Islamic Studies,23,25111504-028,2503420478001,ABDULLAH ABID S/o ABID TUFAIL MUGHAL,Promoted,2.35,2.78,GE-205
98,Islamic Studies,BS in Islamic Studies,24,25111504-029,2503420478002,ZAHRA D/o NASIR ANWAR,Promoted,2.48,2.81,GE-205
98,Islamic Studies,BS in Islamic Studies,25,25111504-030,2503420478003,MINAL SOHAIL D/o MUHAMMAD SOHAIL ARSHED,Promoted,2.55,3.02,
98,Islamic Studies,BS in Islamic Studies,26,25111504-031,2503420478004,MUHAMMAD ZEESHAN S/o SHAHBAZ AHMED,Promoted,1.06,1.71,"GE-102, GE-106, GE-205, ISL-213"
98,Islamic Studies,BS in Islamic Studies,27,25111504-032,2503420478005,ZAINAB SAJJAD D/o MUHAMMAD SAJJAD,Promoted,2.45,2.82,
98,Islamic Studies,BS in Islamic Studies,28,25111504-033,2503420478006,NOOR FATIMA D/o M SHAFIQUE,Promoted,2.76,3.25,
98,Islamic Studies,BS in Islamic Studies,29,25111504-034,2503420478007,WAHID ALI S/o NAZAR HUSSAIN,Promoted,2.19,2.7,GE-205
98,Islamic Studies,BS in Islamic Studies,30,25111504-035,2503420478008,HABIBA SHAHZADI D/o MUHAMMAD ASLAM,Promoted,2.4,3.01,"GE-106, GE-205"
98,Islamic Studies,BS in Islamic Studies,31,25111504-036,2503420478009,ABDUL REHMAN S/o ZAFFAR ULLAH,Promoted,1.8,2.36,"GE-106, GE-205"
98,Islamic Studies,BS in Islamic Studies,32,25111504-037,2503420478010,MAHER UL NISA D/o MUHAMMAD JAWAD BUTT,Promoted,2.52,2.72,"GE-106, GE-205"
99,Islamic Studies,BS in Islamic Studies,1,25811504-003,25034204348,AMINA NOOR D/o ABDUR REHMAN,Promoted,2.0,2.0,"GE-106, GE-205"
100,Mathematics,BS in Mathematics,1,20024109-041,20034209115,Zunaira Ghulam Rasool D/o Ghulam Rasool,Promoted,2.5,2.66,
101,Mathematics,BS in Mathematics,1,21034109-001,21034209431,RIDA ISLAM D/o ABDUL SALAM BAJWA,Promoted,3.12,2.49,
101,Mathematics,BS in Mathematics,2,21034109-022,21024209452,ASMA AFZAL D/o MUHAMMAD AFZAL,Promoted,0.0,2.42,MATH-308
101,Mathematics,BS in Mathematics,3,21034109-027,21034209457,BUSHRA SHRAFAT D/o SHRAFAT ALI,Promoted,1.0,2.51,
101,Mathematics,BS in Mathematics,4,21034109-040,21034209484,SAMI ULLAH S/o GHULAM BABI,Promoted,3.55,2.34,
101,Mathematics,BS in Mathematics,5,21034109-049,21034209493,GUL SHER MALIK S/o GUL NAWAZ MALIK,Promoted,1.97,2.52,MATH-308
101,Mathematics,BS in Mathematics,6,21034109-055,21034209499,SYED FATEH ALI S/o SYED ASAD BUKHARI,Promoted,2.32,2.28,MATH-301
102,Mathematics,BS in Mathematics,1,21051509-006,21034209330,MUHAMMAD ESA S/o ANJUM SOHAIL,Promoted,3.08,2.64,
102,Mathematics,BS in Mathematics,2,21051509-008,21034209332,MARYAM MAJEED D/o ABDUL MAJEED,Promoted,4.0,2.95,
102,Mathematics,BS in Mathematics,3,21051509-014,21034209338,WAJEEHA JUNAID D/o JUNAID YOUSAF,Promoted,2.5,2.41,
102,Mathematics,BS in Mathematics,4,21051509-035,21034209359,MUHAMMAD SUBHAN S/o MUHAMMAD SHAFIQUE,Promoted,1.5,2.32,
102,Mathematics,BS in Mathematics,5,21051509-036,21034209360,AHAD S/o EHSANULLAH,Promoted,3.94,3.05,
103,Mathematics,BS in Mathematics,1,21824109-005,21024209459,RANA ANEEQ AMIN S/o MUHAMMAD AMIN,Promoted,3.25,2.66,
103,Mathematics,BS in Mathematics,2,21824109-012,21034209442,REHMAN ALI S/o ARSHAD ALI,Promoted,3.68,2.52,
104,Mathematics,BS in Mathematics,1,22024109-001,22034209198,Salman Javed S/o Javed Masih,Promoted,3.5,3.01,
104,Mathematics,BS in Mathematics,2,22024109-002,22034209199,Muhammad Danish S/o Muhammad Akmal,Promoted,3.7,3.45,
104,Mathematics,BS in Mathematics,3,22024109-003,22034209200,Istiphnes Masih S/o Zulfiqar Masih,Promoted,3.94,3.36,
104,Mathematics,BS in Mathematics,4,22024109-004,22034209201,Iqra D/o Ghulam Muhammad,Promoted,3.94,3.51,
104,Mathematics,BS in Mathematics,5,22024109-005,22034209202,Mubarra D/o Atteq ur Rehman,Promoted,3.7,3.16,
104,Mathematics,BS in Mathematics,6,22024109-006,22034209203,Aqsa D/o Muhammad Rafique,Promoted,3.88,3.32,
104,Mathematics,BS in Mathematics,7,22024109-007,22034209204,Zohaib Asif S/o Asif Pervez,Promoted,3.88,3.36,
104,Mathematics,BS in Mathematics,8,22024109-008,22034209205,Noman Ali S/o Ghulam Mustafa,Promoted,3.76,3.01,
104,Mathematics,BS in Mathematics,9,22024109-013,22034209210,Ali Hassan S/o Muhammad Arshad,Promoted,3.62,2.33,
104,Mathematics,BS in Mathematics,10,22024109-014,22034209211,Samaiya bibi D/o Haider Ali,Promoted,3.6,2.95,
104,Mathematics,BS in Mathematics,11,22024109-015,22034209212,Zaid Ali S/o Sarfaraz Ali,Promoted,3.95,3.57,
104,Mathematics,BS in Mathematics,12,22024109-020,22034209217,Ayesha D/o Nisar Ahmad,Promoted,2.7,2.54,
104,Mathematics,BS in Mathematics,13,22024109-021,22034209218,Muhammad Aqeel S/o Muhammad Jameel,Promoted,2.67,2.2,MATH-301
105,Mathematics,BS in Mathematics,1,22031509-001,22034209139,Muhammad Arham S/o Amjad Idrees Chaudhry,Promoted,4.0,3.88,
105,Mathematics,BS in Mathematics,2,22031509-002,22034209140,Laiba D/o Abdul Salam,Promoted,4.0,3.65,
105,Mathematics,BS in Mathematics,3,22031509-003,22034209141,Areeba Khalid D/o Khalid Javed Iqbal,Promoted,3.4,3.49,
105,Mathematics,BS in Mathematics,4,22031509-004,22024209142,Rimsha Ashraf D/o Muhammad Ashraf,Promoted,3.45,2.76,
105,Mathematics,BS in Mathematics,5,22031509-005,22034209143,Fatima Qayyum D/o Abdul Qayyum,Promoted,3.68,3.23,
105,Mathematics,BS in Mathematics,6,22031509-006,22034209144,Muskan Qaisar D/o Qaisar Mehmood,Promoted,3.68,3.51,
105,Mathematics,BS in Mathematics,7,22031509-009,22034209147,Zainab D/o Muhammad Waris,Promoted,3.94,3.7,
105,Mathematics,BS in Mathematics,8,22031509-011,22034209149,Saba Amjad D/o Muhammad Amjad,Promoted,3.94,3.84,
105,Mathematics,BS in Mathematics,9,22031509-012,22034209150,Muhammad Anees S/o Muhammad Naeem,Promoted,3.33,2.35,
105,Mathematics,BS in Mathematics,10,22031509-013,22034209151,Muhammad Irfan S/o HABIB ULLAH,Promoted,3.94,3.78,
105,Mathematics,BS in Mathematics,11,22031509-014,22034209152,Muhammad Hanan S/o Nisar Ahmed Nisar,Promoted,3.7,2.76,
105,Mathematics,BS in Mathematics,12,22031509-018,22034209156,Shahzaib S/o Sajjad Hussain,Promoted,3.76,3.03,
105,Mathematics,BS in Mathematics,13,22031509-022,22034209160,Ramzan Ali S/o Saeed Mehmood,Promoted,3.94,3.28,
105,Mathematics,BS in Mathematics,14,22031509-024,22034209162,Uzaif Faisal S/o Faisal Rasheed,Promoted,3.77,2.93,
105,Mathematics,BS in Mathematics,15,22031509-026,22024209164,Amina Shahzad D/o Shahzad Akhtar,Promoted,3.9,3.58,
105,Mathematics,BS in Mathematics,16,22031509-028,22034209166,Mubashra Rashid D/o Muhammad Rashid,Promoted,3.76,3.33,
105,Mathematics,BS in Mathematics,17,22031509-029,22024209167,Mavia Ghulam Qadar D/o Ghulam Qadar,Promoted,3.65,3.14,
105,Mathematics,BS in Mathematics,18,22031509-030,22024209168,Amina Bibi D/o Akbar Ali,Promoted,2.97,2.59,
105,Mathematics,BS in Mathematics,19,22031509-031,22034209169,Bisma Nadeem D/o Nadeem Anwar,Promoted,4.0,3.54,
105,Mathematics,BS in Mathematics,20,22031509-032,22034209170,Amina Raza D/o Muhammad Akram Raza,Promoted,3.94,3.25,
105,Mathematics,BS in Mathematics,21,22031509-033,22034209171,Bisma Arshad D/o Arshad Mehmood,Promoted,3.66,2.81,
105,Mathematics,BS in Mathematics,22,22031509-035,22034209173,Ahmed Ali S/o Khalid Hussain,Promoted,3.5,2.86,
105,Mathematics,BS in Mathematics,23,22031509-036,22034209174,Anosha Yousaf D/o Muhammad Yousaf,Promoted,3.82,3.37,
105,Mathematics,BS in Mathematics,24,22031509-037,22034209175,Muskan D/o Muhammad Jamil,Promoted,3.52,3.39,
105,Mathematics,BS in Mathematics,25,22031509-039,22034209177,Abdul Samad S/o Altaf Hussain,Promoted,3.53,2.77,
105,Mathematics,BS in Mathematics,26,22031509-040,22034209178,Seerat Naz D/o Liaqat Ali Man,Promoted,3.74,3.18,
105,Mathematics,BS in Mathematics,27,22031509-041,22034209179,Rimsha Ilyas D/o Muhammad Ilyas,Promoted,3.94,3.29,
105,Mathematics,BS in Mathematics,28,22031509-043,22034209181,Zohaib Raza S/o Muhammad Akram,Promoted,3.53,2.85,
105,Mathematics,BS in Mathematics,29,22031509-044,22034209185,Rutba Amjad D/o Amjad Hussain,Promoted,3.59,2.94,
105,Mathematics,BS in Mathematics,30,22031509-045,22034209186,Janat Babar D/o Muhammad Babar,Promoted,3.69,3.32,
105,Mathematics,BS in Mathematics,31,22031509-046,22034209187,Emaan Bashir D/o Muhammad Bashir,Promoted,3.42,2.84,
105,Mathematics,BS in Mathematics,32,22031509-047,22034209188,Muhammad Talha S/o Muhammad Mansha,Promoted,3.33,2.72,
105,Mathematics,BS in Mathematics,33,22031509-048,22024209189,Zaid Nawaz S/o Muhammad Nawaz,Promoted,3.55,2.41,
105,Mathematics,BS in Mathematics,34,22031509-049,22034209192,Ata Ul Mustafa S/o Allah Ditta,Promoted,3.82,3.14,
105,Mathematics,BS in Mathematics,35,22031509-052,22034209195,Marryam D/o Sabir Ali,Promoted,3.82,3.06,
105,Mathematics,BS in Mathematics,36,22031509-053,22034209196,Zain ul Abideen S/o Shabbir Ahmad,Promoted,3.17,2.78,
106,Mathematics,BS in Mathematics,1,23051509-002,23034209131,MISHAL D/o MUHAMMAD MUTWAKAL,Promoted,2.57,2.58,
106,Mathematics,BS in Mathematics,2,23051509-003,23034209132,ISMA RANI D/o SAIF ULLAH AMEEN,Promoted,2.57,2.67,
106,Mathematics,BS in Mathematics,3,23051509-004,23024209133,NABILA AKHTAR D/o MUHAMMAD YASEEN,Promoted,2.33,2.44,
106,Mathematics,BS in Mathematics,4,23051509-005,23034209134,ZOHA ABBAS D/o MUHAMMAD ABBAS,Promoted,1.67,2.34,MATH-304
106,Mathematics,BS in Mathematics,5,23051509-006,23034209135,MUSKAN FATIMA D/o MUHAMMAD SHAHBAZ AHMAD KHAN,Promoted,0.0,2.43,"MATH-302, MATH-304, MATH-310, MATH-311, MATH-319, MATH-320"
106,Mathematics,BS in Mathematics,6,23051509-007,23034209136,LAIBA ISLAM D/o MUHAMMAD ISLAM,Promoted,2.35,3.09,
106,Mathematics,BS in Mathematics,7,23051509-008,23034209137,SEHAR NAFEES D/o MUHAMMAD NAFEES,Promoted,2.93,2.84,
106,Mathematics,BS in Mathematics,8,23051509-009,23034209138,RABIA D/o MUHAMMAD RIAZ,Promoted,2.78,2.59,
106,Mathematics,BS in Mathematics,9,23051509-013,23034209142,RABIA ASIF D/o ASIF ALI,Promoted,2.42,2.85,
106,Mathematics,BS in Mathematics,10,23051509-014,23034209143,BUSHRA D/o JAVAID IQBAL,Promoted,2.82,2.95,
106,Mathematics,BS in Mathematics,11,23051509-015,23034209144,MOMNA D/o MUHAMMAD HAFEEZ,Promoted,3.22,3.38,
106,Mathematics,BS in Mathematics,12,23051509-016,23024209145,ZARTASHIA HAMEED D/o ABDUL HAMEED,Promoted,2.12,2.9,
106,Mathematics,BS in Mathematics,13,23051509-017,23034209146,IQRA D/o MUHAMMAD KHALID,Promoted,3.85,3.55,
106,Mathematics,BS in Mathematics,14,23051509-024,23034209153,ZUNAIRA RIAZ D/o MUHAMMAD RIAZ,Dropped,0.93,1.41,"MATH-302, MATH-304, MATH-320"
106,Mathematics,BS in Mathematics,15,23051509-028,23034209157,IMRAN KHAN S/o MUNAWAR HUSSAIN,Promoted,0.0,1.54,"MATH-102, MATH-302, MATH-304, MATH-310, MATH-311, MATH-319, MATH-320"
106,Mathematics,BS in Mathematics,16,23051509-033,23034209162,ABDULLAH AFZAL S/o MUHAMMAD AFZAL,Promoted,1.84,2.59,MATH-102
106,Mathematics,BS in Mathematics,17,23051509-034,23034209165,AJWA SALEEM D/o MUHAMMAD SALEEM,Promoted,2.52,2.55,
106,Mathematics,BS in Mathematics,18,23051509-041,23034209204,MAFIA SHAHBAZ D/o MUHAMMAD SHAHBAZ,Promoted,2.45,2.78,
106,Mathematics,BS in Mathematics,19,23051509-042,23034209205,IFRA D/o MUHAMMAD ASLAM RIAZ,Promoted,2.43,2.52,
106,Mathematics,BS in Mathematics,20,23051509-044,23034209209,TASMIA SAIF D/o SAIF ALI,Promoted,2.65,2.71,
106,Mathematics,BS in Mathematics,21,23051509-048,23034209225,LAIBA ALI D/o MUHAMMAD ALI,Promoted,2.1,2.56,
106,Mathematics,BS in Mathematics,22,23051509-050,23034209227,DUWA D/o MUHAMMAD SALEEM,Promoted,3.73,3.55,
106,Mathematics,BS in Mathematics,23,23051509-051,23034209228,ANEEQA WAJID D/o ABDUL WAJID,Promoted,2.15,1.79,
106,Mathematics,BS in Mathematics,24,23051509-053,23034209230,SAMRIA IRFAN D/o IRFAN,Promoted,3.17,2.86,
106,Mathematics,BS in Mathematics,25,23051509-054,23034209232,MISBAH WARIS D/o MUHAMMAD WARIS,Promoted,2.73,2.63,
107,Mathematics,BS in Mathematics,1,23841509-004,23034209167,HADIA NAZ D/o IHSAN ELAHI,Promoted,2.25,1.9,
108,Mathematics,BS in Mathematics,1,24021509-001,24034209126,RIMSHA HABIB D/o HABIB UL REHMAN,Promoted,3.65,3.25,
108,Mathematics,BS in Mathematics,2,24021509-003,24034209128,GHULAM FIZA D/o ISLAM ABBAS,Promoted,3.47,2.92,
108,Mathematics,BS in Mathematics,3,24021509-008,24034209133,LAIBA ZULIFQAR D/o ZULIFQAR AHMED,Promoted,3.25,2.99,
108,Mathematics,BS in Mathematics,4,24021509-009,24034209134,MAHAM ARSHAD D/o MUHAMMAD ARSHAD BHATTI,Promoted,3.3,3.12,
108,Mathematics,BS in Mathematics,5,24021509-010,24034209135,HIFZA KOUSAR D/o MUHAMMAD RAFIQUE,Promoted,3.26,3.1,
108,Mathematics,BS in Mathematics,6,24021509-011,24034209136,GULFAM TARIQ CHOHAN S/o MUHAMMAD TARIQ CHOHAN,Promoted,3.38,3.33,
108,Mathematics,BS in Mathematics,7,24021509-013,24034209138,SANIA MEHMOOD D/o TARIK MEHMOOD,Promoted,3.59,3.1,
108,Mathematics,BS in Mathematics,8,24021509-014,24034209139,SHANZA D/o MUHAMMAD BOOTA,Promoted,3.34,3.04,
108,Mathematics,BS in Mathematics,9,24021509-015,24034209140,ABDUL MOHID S/o ABDUL JABBAR,Promoted,3.39,2.69,
108,Mathematics,BS in Mathematics,10,24021509-016,24034209141,MEERUB D/o NASIR MEHMOOD,Promoted,3.34,3.08,
108,Mathematics,BS in Mathematics,11,24021509-017,24034209142,ABDUL AHAD S/o MUNIR AHMED,Promoted,2.66,2.45,PHYS-103
108,Mathematics,BS in Mathematics,12,24021509-020,24034209145,SUBHAN ALI S/o MUHAMMAD ADNAN,Promoted,3.66,3.56,
108,Mathematics,BS in Mathematics,13,24021509-021,24034209146,FAHAD ALI S/o FARZAND ALI,Promoted,3.65,3.3,
108,Mathematics,BS in Mathematics,14,24021509-022,24034209147,SONIA SHAHZADI D/o GHULAM MUJTABA,Promoted,3.14,3.06,
108,Mathematics,BS in Mathematics,15,24021509-026,24034209151,ALIYA MUSTAFA D/o GHULAM MUSTAFA,Promoted,3.52,3.49,
108,Mathematics,BS in Mathematics,16,24021509-028,24034209153,AREEBA SHABBIR D/o SHABBIR AHMAD,Promoted,3.23,3.0,
108,Mathematics,BS in Mathematics,17,24021509-029,24034209154,HALIMA SADIA D/o AMIR SOHAIL,Promoted,3.21,2.83,
108,Mathematics,BS in Mathematics,18,24021509-030,24034209155,FATIMA D/o GHULAM MUSTAFA,Promoted,3.7,3.51,
108,Mathematics,BS in Mathematics,19,24021509-032,24034209157,SUBHAN S/o INAAM UL HAQ,Promoted,3.03,3.14,
108,Mathematics,BS in Mathematics,20,24021509-034,24034209159,SHAFAQ MUSTAFA D/o MIRZA MUSTAFA BASHIR,Promoted,3.7,3.36,
108,Mathematics,BS in Mathematics,21,24021509-035,24034209160,AMNA ZARTASH D/o ZAHID RAZA,Promoted,3.81,3.47,
108,Mathematics,BS in Mathematics,22,24021509-037,24034209170,MISHAL FAISAL D/o FAISAL MEHMOOD,Promoted,3.54,3.27,
108,Mathematics,BS in Mathematics,23,24021509-039,24034209172,TAYYABA SHAHEEN D/o M AZEEM,Promoted,2.84,3.01,
108,Mathematics,BS in Mathematics,24,24021509-042,24034209175,SHUJAT ALI S/o GHULAM ABBAS,Promoted,2.81,2.85,
108,Mathematics,BS in Mathematics,25,24021509-043,24034209176,DAUD IMRAN S/o MEHAR IMRAN,Promoted,2.99,2.88,
108,Mathematics,BS in Mathematics,26,24021509-044,24034209179,SAMRA BIBI D/o MUHAMMAD SHEHBAZ,Promoted,3.38,3.19,
108,Mathematics,BS in Mathematics,27,24021509-047,24034209189,EMAN D/o TARIQ MAHMOOD,Promoted,2.87,2.82,
108,Mathematics,BS in Mathematics,28,24021509-048,24034209190,MUZALFA SULTAN D/o SULTAN MAHMOOD,Promoted,3.54,3.4,
108,Mathematics,BS in Mathematics,29,24021509-049,24034209191,KHAWAR ALI S/o ABDUL AZIZ,Promoted,3.59,3.09,
108,Mathematics,BS in Mathematics,30,24021509-050,24034209251,PAKEEZA FATIMA D/o SAJJAD HUSSAIN SHAH,Promoted,3.61,3.42,
108,Mathematics,BS in Mathematics,31,24021509-052,24034209253,ALEENA ASHFAQ D/o MUHAMMAD ASHFAQ,Promoted,3.66,3.26,
108,Mathematics,BS in Mathematics,32,24021509-053,24034209254,AAIZA D/o NASIR MEHMOOD,Promoted,3.52,2.94,
108,Mathematics,BS in Mathematics,33,24021509-055,24034209256,HINA MAQSOOD D/o MAQSOOD AHMED,Promoted,3.18,2.9,
109,Mathematics,BS in Mathematics,1,24821509-001,24034209130,MUHAMMAD ALI HASSAN S/o MUHAMMAD AFZAL USMAN,Promoted,2.26,2.45,PHYS-103
109,Mathematics,BS in Mathematics,2,24821509-003,24034209174,SUBHAN AHMED S/o MUHAMMAD AHMED MUGHAL,Promoted,2.18,2.23,
109,Mathematics,BS in Mathematics,3,24821509-004,24034209187,MUHAMMAD MUBASHAR RAZA S/o MUHAMMAD ASHRAF,Promoted,3.09,3.05,
110,Mathematics,BS in Mathematics,1,25121509-002,25032209151,ABDULLAH NASIR S/o NASIR AHMAD,Promoted,1.87,2.49,MATH-102
110,Mathematics,BS in Mathematics,2,25121509-003,25103209152,MUHAMMAD ALI S/o NASIR AHMED MUGHAL,Dropped,1.07,1.48,"GE-101, GE-205, MATH-102"
110,Mathematics,BS in Mathematics,3,25121509-004,25034209154,AHAD AMMAD S/o NADEEM ZAHID,Promoted,2.76,2.96,
110,Mathematics,BS in Mathematics,4,25121509-005,25034209156,MEHWISH HABIB D/o HABIB ULLAH KHAN,Promoted,2.55,2.61,
110,Mathematics,BS in Mathematics,5,25121509-006,25034209158,MEHAK D/o MUHAMMAD IMRAN,Promoted,2.45,2.87,
110,Mathematics,BS in Mathematics,6,25121509-007,25034209160,ZULFA RANI D/o SHOUKAT ALI,Promoted,2.54,3.06,GE-205
110,Mathematics,BS in Mathematics,7,25121509-008,25034209162,AIMEN D/o MUHAMMAD ALI,Promoted,3.34,3.53,
110,Mathematics,BS in Mathematics,8,25121509-009,25034209165,LAIBA MUKHTAR D/o MUKHTAR AHMAD CHAUDHARY,Promoted,2.5,2.93,
110,Mathematics,BS in Mathematics,9,25121509-010,25034209167,LAIBA D/o ZAHEER AHMAD,Promoted,2.93,3.23,
110,Mathematics,BS in Mathematics,10,25121509-011,25034209169,AMBAR FATIMA D/o TANVEER AHMED,Promoted,2.26,2.79,GE-205
110,Mathematics,BS in Mathematics,11,25121509-012,25034209172,SAMAVIYA D/o ZULFIQARALI,Promoted,2.15,2.66,MATH-102
110,Mathematics,BS in Mathematics,12,25121509-014,25024209175,MUHAMMAD AWAIS S/o MUHAMMAD ILYAS,Promoted,1.67,2.27,"MATH-102, MATH-103"
110,Mathematics,BS in Mathematics,13,25121509-015,25034209176,MOHAMMAD UMER S/o AMAN ULLAH QAISAR,Promoted,2.06,2.34,MATH-103
110,Mathematics,BS in Mathematics,14,25121509-017,25034209178,ABDUL WASSAY S/o SAEED AHMAD,Promoted,1.68,1.62,MATH-102
110,Mathematics,BS in Mathematics,15,25121509-018,25034209179,MUQADDAS NAZ D/o SHEIKH MUHAMMAD JAVED,Promoted,2.75,2.91,
110,Mathematics,BS in Mathematics,16,25121509-019,25034209180,ASAM UL HAQ S/o SARFRAZ AHMED,Promoted,2.09,2.43,MATH-103
110,Mathematics,BS in Mathematics,17,25121509-020,25034209181,SAJID GHAFOOR S/o MUHAMMAD GHAFOOR,Promoted,2.62,2.27,MATH-102
110,Mathematics,BS in Mathematics,18,25121509-021,25034209182,NIMRA SHAHZADI D/o MUHAMMAD IRSHAD,Promoted,2.86,3.13,
110,Mathematics,BS in Mathematics,19,25121509-022,25034209194,ALISHA MUNIR D/o MUHAMMAD MUNIR,Promoted,3.02,3.35,
111,Physics,BS in Physics,1,20024110-010,20034210078,ABDUL REHMAN S/o ZULFIQAR ALI,Promoted,2.2,2.66,PHYS-311
111,Physics,BS in Physics,2,20024110-015,20034210083,MUHAMMAD SHAKEEL S/o ALAMGHEER,Promoted,1.5,2.46,
111,Physics,BS in Physics,3,20024110-023,20034210091,UMER LATIF S/o LATIF AHMED,Promoted,0.0,1.85,"MATH-215, PHYS-204, PHYS-332, PHYS-341, PHYS- 391, PHYS-433, PHYS-442"
111,Physics,BS in Physics,4,20024110-031,20034210099,RANA USMAN HAIDER S/o MUHAMMAD ASHFAQ,Promoted,0.0,2.7,PHYS-311
112,Physics,BS in Physics,1,20601510-045,20034210061,Muhammad Abdullah S/o Shamas Din,Promoted,3.0,2.83,
112,Physics,BS in Physics,2,20601510-050,20034210066,Sawera Saeed D/o Saeed Ahmed,Promoted,2.0,2.52,
112,Physics,BS in Physics,3,20601510-051,20034210067,Hafiz Muhammad Hasnat S/o Rehan Ahmed,Promoted,3.3,2.72,
113,Physics,BS in Physics,1,21024110-011,21034210349,EVERLEEN RAFAQAT D/o RAFAQAT MASIH,Promoted,2.14,2.47,CHEM-201
114,Physics,BS in Physics,1,21031510-020,21034210307,FATIMA IQBAL D/o MUHAMMAD IQBAL,Promoted,2.5,2.59,
114,Physics,BS in Physics,2,21031510-026,21034210313,NEEZA D/o NASAR IQBAL,Promoted,2.48,2.94,PHYS-433
114,Physics,BS in Physics,3,21031510-031,21034210318,ARSHAD BIBI D/o JALEEL ELAHI TABASSUM,Promoted,3.2,2.72,
114,Physics,BS in Physics,4,21031510-045,21034210332,RAZIA BIBI D/o LIAQAT HUSSAIN,Promoted,3.4,2.98,
115,Physics,BS in Physics,1,21824110-001,21034210339,TAMASUB ALI S/o ZULFIQAR ALI,Promoted,1.98,2.08,CHEM-201
116,Physics,BS in Physics,1,21841510-003,21034210338,UMAIRA D/o ASJAD ROUF,Promoted,3.18,2.57,
117,Physics,BS in Physics,1,22024110-001,22034210219,Meerub Akmal Khan D/o Muhammad Akmal Khan,Promoted,3.6,2.93,
117,Physics,BS in Physics,2,22024110-002,22034210220,Sheeza Javed D/o Nasir Javed,Promoted,3.2,2.76,
117,Physics,BS in Physics,3,22024110-004,22034210222,Areeba Yaseen D/o Muhammad Yaseen,Promoted,3.36,3.0,
117,Physics,BS in Physics,4,22024110-005,22034210223,Muhammad Usama S/o Zulfiqar Ali,Promoted,2.86,2.35,
117,Physics,BS in Physics,5,22024110-007,22034210225,Zahra Bibi D/o Muhammad Ghulam Mustafa,Promoted,2.7,2.79,CHEM-201
117,Physics,BS in Physics,6,22024110-008,22034210226,Maira Aslam D/o Muhammad Aslam,Promoted,3.29,2.5,
117,Physics,BS in Physics,7,22024110-010,22034210228,Sadia Kiran D/o Ayaz Mehmood,Promoted,3.25,2.62,
117,Physics,BS in Physics,8,22024110-011,22034210229,Hina Shahzadi D/o Abid Hussain,Promoted,3.5,2.9,
117,Physics,BS in Physics,9,22024110-012,22034210230,Khadija Qadir D/o Abdul Qadir,Promoted,3.64,3.26,
117,Physics,BS in Physics,10,22024110-013,22034210231,Mariyam Akhtar D/o Muhammad Akhtar,Promoted,3.7,2.98,
117,Physics,BS in Physics,11,22024110-014,22034210232,Bisma D/o Shoukat Ali,Promoted,3.26,2.68,
117,Physics,BS in Physics,12,22024110-016,22034210234,Zain Ali S/o Zafar Iqbal,Promoted,3.05,2.76,
117,Physics,BS in Physics,13,22024110-017,22034210235,Razia Azam D/o Muhammad Azam,Promoted,3.4,2.59,
118,Physics,BS in Physics,1,22031510-001,22034210160,Ushna Zubair D/o ZUBAIR AHMAD BAJWA,Promoted,3.82,3.57,
118,Physics,BS in Physics,2,22031510-002,22034210161,Hurain Fatima D/o Amjad Hussain,Promoted,3.88,3.37,
118,Physics,BS in Physics,3,22031510-003,22034210162,Umar Nazir S/o Nazir Ahmed,Promoted,3.6,2.71,
118,Physics,BS in Physics,4,22031510-004,22034210163,Amna Bibi D/o Muhammad Yousaf,Promoted,3.4,2.79,
118,Physics,BS in Physics,5,22031510-006,22034210165,Zunera Naz D/o Asghar Ali,Promoted,3.43,2.91,
118,Physics,BS in Physics,6,22031510-007,22034210166,Samra Kanwal D/o Muhammad Boota,Promoted,3.82,3.27,
118,Physics,BS in Physics,7,22031510-009,22034210168,Muhammad Nouman S/o Hameed Ullah,Promoted,1.7,1.86,
118,Physics,BS in Physics,8,22031510-010,22034210169,AMMAR SAIF UR REHMAN S/o SAIF UR REHMAN,Promoted,3.79,2.87,
118,Physics,BS in Physics,9,22031510-011,22034210170,Umme Mobeen D/o Abdul Hameed,Promoted,3.82,3.24,
118,Physics,BS in Physics,10,22031510-013,22034210172,Saliha Falak D/o Abdul Aleem,Promoted,3.7,2.66,
118,Physics,BS in Physics,11,22031510-014,22034210173,Afaq Masih S/o Altaf Masih,Promoted,1.7,2.62,"PHYS-311, PHYS-332, PHYS-433"
118,Physics,BS in Physics,12,22031510-015,22034210174,Fiza Wajid Ali D/o Wajid Ali,Promoted,3.51,2.29,
118,Physics,BS in Physics,13,22031510-016,22034210175,Samia Anwer D/o Muhammad Anwer,Promoted,3.51,2.26,
118,Physics,BS in Physics,14,22031510-018,22034210177,Rida Qadeer D/o Muhammad Qadeer,Promoted,3.73,2.94,
118,Physics,BS in Physics,15,22031510-019,22002210178,Abu Safyan S/o Muhammad Ramzan,Promoted,3.36,2.6,
118,Physics,BS in Physics,16,22031510-020,22034210179,Muhammad Farhan S/o Muhammad Sadiq,Promoted,3.61,2.28,
118,Physics,BS in Physics,17,22031510-021,22024210180,ALI BAQIR S/o ZULFIQAR HUSSAIN,Promoted,3.49,2.51,
118,Physics,BS in Physics,18,22031510-022,22034210181,Kinza Tabasum D/o Imran Nazir,Promoted,3.83,2.67,
118,Physics,BS in Physics,19,22031510-023,22034210182,Sawera Zahid D/o Zahid Sultan,Promoted,3.39,2.88,PHYS-391
118,Physics,BS in Physics,20,22031510-025,22034210184,Ujala Nazar D/o Nazar Hussain,Promoted,3.88,3.44,
118,Physics,BS in Physics,21,22031510-027,22034210186,Anam D/o Anwer Ali,Promoted,3.94,3.18,
118,Physics,BS in Physics,22,22031510-028,22034210187,Abeera Mubasher D/o Mubasher Ali,Promoted,4.0,3.09,
118,Physics,BS in Physics,23,22031510-029,22034210188,Iram Sarwar D/o Muhammad Sarwar,Promoted,3.6,2.64,
118,Physics,BS in Physics,24,22031510-030,22034210189,Isha Amanat D/o Amanat Ali,Promoted,3.79,2.37,
118,Physics,BS in Physics,25,22031510-031,22034210190,Eman Fatima D/o MUhammad Nawaz,Promoted,3.79,2.67,
118,Physics,BS in Physics,26,22031510-032,22034210191,Insha Asif D/o Muhammad Asif,Promoted,3.87,2.98,
118,Physics,BS in Physics,27,22031510-034,22034210193,Jannat D/o Muhammad Waheed,Promoted,3.79,2.83,
118,Physics,BS in Physics,28,22031510-037,22034210196,Isma D/o Riaz Ahmad,Promoted,3.6,2.67,
118,Physics,BS in Physics,29,22031510-038,22034210197,Muzalfa Shafique D/o Muhammad Safique,Promoted,3.74,2.71,
118,Physics,BS in Physics,30,22031510-039,22034210198,Muhammad Salman Ali Alam S/o Muhammad Tufail,Promoted,3.83,2.38,
118,Physics,BS in Physics,31,22031510-040,22034210199,Momna D/o Rayees Ahmed Saeed,Promoted,3.74,2.71,
118,Physics,BS in Physics,32,22031510-043,22034210202,Iqra Bibi D/o Pervaiz Ahmad,Promoted,3.82,2.99,
118,Physics,BS in Physics,33,22031510-044,22034210203,Mubarah D/o Basharat Ali,Promoted,3.83,2.75,
118,Physics,BS in Physics,34,22031510-046,22034210205,Abdullah Fiaz S/o Fiaz Ahmad,Promoted,3.7,2.08,
118,Physics,BS in Physics,35,22031510-047,22034210206,Summaya Arshad D/o Muhammad Arshad,Promoted,3.56,2.14,
118,Physics,BS in Physics,36,22031510-048,22024210207,Ghulam Ali Raza S/o Muhammad Ishaq,Promoted,3.53,1.96,
118,Physics,BS in Physics,37,22031510-049,22034210208,Laiba D/o Muhammad Boota,Promoted,3.85,3.18,
118,Physics,BS in Physics,38,22031510-050,22034210209,Esma Batool D/o Dilawar Hussain,Promoted,3.5,2.22,
118,Physics,BS in Physics,39,22031510-051,22034210210,Akhyar Ahmed S/o Jabbar Ahmed,Promoted,3.46,2.5,
118,Physics,BS in Physics,40,22031510-052,22034210211,Amreen D/o Talib Hussain,Promoted,3.66,2.63,
118,Physics,BS in Physics,41,22031510-053,22034210212,Memoona Bibi D/o Muhammad Razaq,Promoted,3.64,2.64,
119,Physics,BS in Physics,1,22821510-005,22024210192,Muhammad Sarwat Hameed S/o Abdul Hameed,Promoted,2.4,1.99,PHYS-391
119,Physics,BS in Physics,2,22821510-009,22035210200,Abdullah S/o Muhammad Sajjad,Promoted,3.66,2.51,
120,Physics,BS in Physics,1,23041510-001,23034210112,Takreem Fatima D/o Muhammad Shafiq,Promoted,2.63,2.23,
120,Physics,BS in Physics,2,23041510-004,23034210115,Nayab Ilyas D/o Muhammad Ilyas Bhindar,Promoted,2.9,2.55,
120,Physics,BS in Physics,3,23041510-008,23034210119,Bisma D/o Shamas Din,Promoted,3.32,3.02,
120,Physics,BS in Physics,4,23041510-009,23034210120,Sania Rasheed D/o Muhammad Rasheed,Promoted,3.55,3.18,
120,Physics,BS in Physics,5,23041510-015,23034210126,Rabiya Shahzad D/o Shahzad Mehmood,Promoted,4.0,3.61,
120,Physics,BS in Physics,6,23041510-016,23034210127,AYESHA ALI D/o SHOUKAT ALI,Promoted,3.55,3.13,
120,Physics,BS in Physics,7,23041510-017,23034210128,TOOBA IMAN D/o MUHAMMAD SABAR,Promoted,2.63,2.16,
120,Physics,BS in Physics,8,23041510-018,23034210129,INSHA KANWAL D/o MUHAMMAD AJMAL,Promoted,3.7,3.33,
120,Physics,BS in Physics,9,23041510-019,23034210130,ZAHRA YASEEN D/o MUHAMMAD YASEEN,Promoted,3.27,2.73,
120,Physics,BS in Physics,10,23041510-020,23034210131,MAHAM JAVED D/o MUHAMMAD JAVED,Promoted,2.83,2.45,
120,Physics,BS in Physics,11,23041510-021,23034210132,SHAZIA D/o NASEEM BAIG,Promoted,2.76,2.31,
120,Physics,BS in Physics,12,23041510-022,23034210133,KHADIJA BASHIR D/o MUHAMMAD BASHIR,Promoted,3.42,3.13,
120,Physics,BS in Physics,13,23041510-023,23034210134,HAJRA D/o SULTAN MEHMOOD BAJWA,Promoted,3.16,2.8,
120,Physics,BS in Physics,14,23041510-039,23034210164,ALISHBA EJAZ D/o EJAZ AHMED,Promoted,3.83,2.85,
120,Physics,BS in Physics,15,23041510-044,23034210170,SAMEEN AKHTAR D/o AKHTAR IKRAM CHAUDHARY,Promoted,2.59,2.38,
120,Physics,BS in Physics,16,23041510-046,23024210172,MUHAMMAD UMER S/o MAQSOOD AHMAD,Promoted,3.24,2.68,
120,Physics,BS in Physics,17,23041510-052,23034210178,MAHJABEEN NAVEED D/o NAVEED AHMAD,Promoted,2.91,2.92,
120,Physics,BS in Physics,18,23041510-054,23034210180,FARHAN SIDDIQUE S/o MUHAMMAD SIDDIQUE,Promoted,3.37,2.6,
121,Physics,BS in Physics,1,23821510-002,23034210116,Burhan Bashir S/o Iftikhar Hussain,Promoted,2.94,1.96,
121,Physics,BS in Physics,2,23821510-004,23034210121,Laiba D/o Shahid Iqbal,Promoted,2.73,2.22,
121,Physics,BS in Physics,3,23821510-015,23024210161,ANEEZA LATIF D/o MUHAMMAD LATIF,Promoted,3.03,2.11,
121,Physics,BS in Physics,4,23821510-016,23024210162,SHANZA SHAHZADI D/o AKBAR ALI,Promoted,2.8,1.97,
121,Physics,BS in Physics,5,23821510-017,23034210163,MAHIRA D/o MUHAMMAD KABEER,Promoted,2.0,1.88,
121,Physics,BS in Physics,6,23821510-019,23034210167,LAIBA IJAZ CHEEMA D/o MUHAMMAD IJAZ CHEEMA,Promoted,2.48,2.62,
121,Physics,BS in Physics,7,23821510-020,23034210168,AYESHA NAWAZ D/o SHAH NAWAZ,Promoted,3.16,2.48,
121,Physics,BS in Physics,8,23821510-027,23034210117,MUHAMMAD GHULMAN S/o MUHAMMAD SHAHBAZ,Promoted,3.43,2.07,
121,Physics,BS in Physics,9,23821510-028,23034210140,ALI RAZA S/o ALLAH RAZI,Promoted,2.93,2.27,
122,Physics,BS in Physics,1,24031510-001,24034210108,FARJAAM AFZAL S/o MUHAMMAD AFZAL KHOKHAR,Promoted,1.64,1.99,PHYS-205
122,Physics,BS in Physics,2,24031510-004,24034210111,FARYAL MUQADAS D/o JAVED IQBAL,Promoted,3.11,3.01,
122,Physics,BS in Physics,3,24031510-005,24034210112,YUSRA PARVEEN D/o JASIM SHEIKH,Promoted,2.99,3.25,
122,Physics,BS in Physics,4,24031510-007,24034210114,FATIMA SABRAIZ D/o SABRAIZ IQBAL,Promoted,2.97,2.74,
122,Physics,BS in Physics,5,24031510-012,24034210119,MUHAMMAD ABDULLAH S/o TANVIER AHMED,Promoted,2.72,2.85,
122,Physics,BS in Physics,6,24031510-013,24034210120,ALISHBA D/o MUHAMMAD SHAHZAD,Promoted,3.07,3.04,
122,Physics,BS in Physics,7,24031510-019,24034210126,MUHAMMAD UZAIR BURHAN S/o BASIR BURHAN,Promoted,1.46,1.58,"PHYS-205, PHYS-392"
122,Physics,BS in Physics,8,24031510-022,24034210129,WAJEEHA TAHIR D/o TAHIR MEHMOOD,Promoted,2.17,2.44,
122,Physics,BS in Physics,9,24031510-023,24034210130,SALEHA D/o FAROOQ AHMED,Promoted,3.28,3.18,
122,Physics,BS in Physics,10,24031510-024,24034210131,MUHAMMAD USMAN S/o MUHAMMAD RAMZAN,Promoted,2.73,2.44,
122,Physics,BS in Physics,11,24031510-025,24034210132,HASSAN KASHIF S/o KASHIF MEHMOOD KHAN,Dropped,0.0,1.48,"GE-204, GE-205, GE-206, PHYS-103, PHYS- 205, PHYS-207, PHYS-392"
122,Physics,BS in Physics,12,24031510-026,24034210133,SHERAZ AHMED S/o SHEHZAD AHMED,Promoted,1.88,2.06,"GE-205, PHYS-207"
122,Physics,BS in Physics,13,24031510-027,24034210134,EMAN ZAHID D/o ZAHID SULTAN,Promoted,3.31,3.29,
122,Physics,BS in Physics,14,24031510-029,24034210137,SAMI ULLAH S/o MUHAMMAD SADDIQUE,Promoted,2.83,2.37,
122,Physics,BS in Physics,15,24031510-030,24034210140,FATIMA JAMIL D/o MUHAMMAD JAMIL,Promoted,2.34,2.15,PHYS-103
122,Physics,BS in Physics,16,24031510-031,24034210141,MUHAMMAD ANS S/o BASHARAT AHMAD,Promoted,3.65,3.45,
122,Physics,BS in Physics,17,24031510-034,24034210156,MARWA RAZZAQ D/o MUHAMMAD RAZZAQ,Promoted,2.9,2.47,
122,Physics,BS in Physics,18,24031510-035,24034210157,ESHA MUBARIK D/o MUBARIK ALI,Promoted,2.6,2.21,
122,Physics,BS in Physics,19,24031510-037,24034210159,NIMRA SHEHZADI D/o ABDUL SAMIULLAH,Promoted,1.92,2.11,PHYS-103
122,Physics,BS in Physics,20,24031510-038,24034210160,GHULAM HAIDER S/o ALI HUSSAIN,Promoted,1.53,1.65,"PHYS-103, PHYS-205, PHYS-392"
122,Physics,BS in Physics,21,24031510-039,24034210161,TOOBA D/o KHALID PERVAIZ,Promoted,2.65,2.42,
122,Physics,BS in Physics,22,24031510-041,24034210163,MALIK ATA UR REHMAN S/o FAYYAZ HUSSAIN,Promoted,2.51,2.13,
122,Physics,BS in Physics,23,24031510-042,24034210164,AYESHA RIAZ D/o MUHAMMAD RIAZ,Promoted,2.38,2.54,
122,Physics,BS in Physics,24,24031510-043,24034210171,AQDAS BASHARAT D/o BASHARAT ALI,Promoted,2.48,2.23,
122,Physics,BS in Physics,25,24031510-044,24034210176,MUHAMMAD FIAZ S/o MUHAMMAD SHARIF,Promoted,1.07,1.54,"PHYS-205, PHYS-392"
122,Physics,BS in Physics,26,24031510-049,24034210181,SYED MUHAMMAD RAZA HUSSAIN S/o SYED MUZAMIL HUSSAIN SHAH,Promoted,2.26,2.52,
122,Physics,BS in Physics,27,24031510-050,24034210182,MINAHIL ASMAT D/o ASMAT ALI,Promoted,2.76,2.78,
122,Physics,BS in Physics,28,24031510-052,24034210222,SAIMA D/o MUHAMMAD UMAR FAROOQ,Promoted,3.45,3.11,
123,Physics,BS in Physics,1,24821510-003,24034210162,MIRZA MOHID BAIG S/o MIRZA ZEESHAN BAIG,Promoted,1.67,1.67,PHYS-392
124,Physics,BS in Physics,1,25091510-001,25034210105,ADEENA NASEER D/o MUHAMMAD NASEER,Promoted,3.71,3.27,
124,Physics,BS in Physics,2,25091510-002,25034210106,SANIA NAFEES D/o NAFEES AHMED,Promoted,2.94,2.34,PHYS-303
124,Physics,BS in Physics,3,25091510-003,25034210107,AYESHA D/o SAJID RASOOL,Promoted,3.31,2.96,
124,Physics,BS in Physics,4,25091510-006,25034210110,EMAN D/o MUHAMMAD ARFAN,Promoted,3.82,3.51,
124,Physics,BS in Physics,5,25091510-007,25034210111,AYESHA HARRAM D/o ASIF MEHMOOD,Promoted,3.45,3.19,
124,Physics,BS in Physics,6,25091510-009,25034210113,ANAM ASIM D/o ASIM MEHMOOD,Promoted,2.15,1.99,"GE-103, PHYS-303"
124,Physics,BS in Physics,7,25091510-010,25034210114,HAFSA ARSHAD D/o ARSHAD ALI RAAN,Promoted,3.51,3.16,
124,Physics,BS in Physics,8,25091510-012,25034210116,GUL NOSHEEN GULZAR D/o GULZAR AHMAD,Promoted,3.1,2.65,PHYS-303
124,Physics,BS in Physics,9,25091510-013,25034210117,NAIMA IMAM SULAHRI D/o MUHAMMAD SHAFQAT,Promoted,3.32,3.02,
124,Physics,BS in Physics,10,25091510-014,25034210118,ABDUL REHAN S/o ABDUL REHMAN,Promoted,2.83,2.89,PHYS-303
124,Physics,BS in Physics,11,25091510-015,25034210119,ALI ASAD S/o MUHAMMAD ASHFAQ,Promoted,3.17,3.03,
124,Physics,BS in Physics,12,25091510-016,25034210120,WARDA FAISAL D/o MUHAMMAD FAISAL,Promoted,3.54,3.32,
124,Physics,BS in Physics,13,25091510-018,25034210122,RAIHA IFTIKHAR D/o IFTIKHAR BASHIR,Promoted,3.51,3.32,
124,Physics,BS in Physics,14,25091510-019,25034210123,AHMAD MUNIR S/o MUHAMMAD MUNIR HUSSAIN,Promoted,3.27,3.16,
124,Physics,BS in Physics,15,25091510-022,25034210126,ZARISH YOUSAF D/o YOUSAF SARDAR,Promoted,2.81,2.64,
124,Physics,BS in Physics,16,25091510-023,25034210127,MUHAMMAD MUNEEB S/o MUHAMMAD WARIS,Promoted,3.17,2.56,
124,Physics,BS in Physics,17,25091510-024,25034210128,IQRA MUSTAFA D/o GHULAM MUSTAFA,Promoted,2.53,2.29,PHYS-303
124,Physics,BS in Physics,18,25091510-025,25034210129,SAQLAIN ALI S/o SHAHID HUSSAIN,Promoted,2.49,2.18,"GE-205, PHYS-303"
124,Physics,BS in Physics,19,25091510-031,25034210135,AYESHA D/o KARAMAT ALI,Promoted,2.54,2.44,PHYS-303
124,Physics,BS in Physics,20,25091510-032,25140210136,NOUMAN AHMED S/o ISHFAQ AHMED,Promoted,3.42,2.96,
124,Physics,BS in Physics,21,25091510-033,25034210154,FASIHA IHSAN D/o IHSAN UR REHMAN,Promoted,2.69,2.62,PHYS-303
124,Physics,BS in Physics,22,25091510-034,25034210204,HALEEMA SADIA D/o ABDUL SAEED,Promoted,2.78,2.51,
124,Physics,BS in Physics,23,25091510-035,2503420497001,MUHAMMAD AFAQ S/o GHULAM RASOOL ASGHAR,Promoted,2.42,2.02,GE-205
124,Physics,BS in Physics,24,25091510-036,2500120497002,MINAHAL FAYYAZ D/o MUHAMMAD FAYYAZ,Promoted,2.95,2.56,GE-205
124,Physics,BS in Physics,25,25091510-037,2500120497003,KHADIJA IQRA D/o MUHAMMAD YASEEN,Promoted,3.46,3.23,
124,Physics,BS in Physics,26,25091510-038,2500120497004,AREEBA AYUN D/o MUHAMMAD KHALID,Promoted,3.48,3.06,
124,Physics,BS in Physics,27,25091510-039,2500120497005,HAJRA BIBI D/o MUHAMMAD ARIF,Promoted,3.76,3.55,
124,Physics,BS in Physics,28,25091510-040,2500120497006,UME HIFZA D/o MUHAMMAD ZAMAN,Promoted,3.68,3.61,
124,Physics,BS in Physics,29,25091510-041,2500120497007,SAWERA LIAQAT D/o LIAQAT ALI,Promoted,3.04,2.69,
125,Physics,BS in Physics,1,25811510-002,25034210108,ABDULLAH S/o SABIR ALI,Promoted,1.94,1.94,"GE-205, PHYS-303"
125,Physics,BS in Physics,2,25811510-008,25034210134,SANIHA D/o MUHAMMAD IQBAL,Dropped,1.28,1.28,"GE-106, GE-204, GE-205, PHYS-303"
126,Political Science,BS in Political Science,1,21814115-008,21034215187,AFZAAL QASIR S/o QASIR SHOBAN,Promoted,3.1,2.51,
126,Political Science,BS in Political Science,2,21814115-013,21034215193,IQRA D/o KHALID MAHMOOD,Promoted,3.32,2.83,
126,Political Science,BS in Political Science,3,21814115-014,21034215194,SAIF RAFIQUE S/o MUHAMMAD RAFIQUE,Promoted,3.1,2.42,
127,Political Science,BS in Political Science,1,21821515-002,21034215119,MUHAMMAD AWAIS AZAM S/o MUHAMMAD AZAM,Promoted,3.03,2.52,POL-305
128,Political Science,BS in Political Science,1,22014115-002,22034215119,Rahat Shahid Chohan D/o Muhammad Shahid Ikram Chohan,Promoted,3.8,3.62,
128,Political Science,BS in Political Science,2,22014115-003,22034215120,Mian Awais Ahmad S/o Shahzad Ahmad,Promoted,3.6,2.89,
128,Political Science,BS in Political Science,3,22014115-004,22034215121,Kashaf Iman D/o Mazhar UL Haq,Promoted,3.03,2.92,
128,Political Science,BS in Political Science,4,22014115-008,22001215125,Iram javeria D/o Sajjad Maqsood,Promoted,3.32,3.13,
128,Political Science,BS in Political Science,5,22014115-009,22034215126,Azwa Khawaja D/o Khawaja Muhammad Shahbaz,Promoted,1.91,2.16,
128,Political Science,BS in Political Science,6,22014115-011,22034215128,Waheed Ahmad S/o Iftikhar Ahmad,Promoted,2.78,2.89,
128,Political Science,BS in Political Science,7,22014115-012,22034215129,Muskan Ghazanfar Sahi D/o Ghazanfar,Promoted,3.75,3.52,
128,Political Science,BS in Political Science,8,22014115-018,22034215135,Kashaf Ud Uja D/o Muhammad Akhtar,Promoted,3.83,3.81,
128,Political Science,BS in Political Science,9,22014115-019,22034215136,Mahnoor D/o Muhammad Imran,Promoted,3.58,3.03,
128,Political Science,BS in Political Science,10,22014115-027,22034215144,Nayab Subhani D/o Shahzad Mehmood,Promoted,2.78,2.86,
128,Political Science,BS in Political Science,11,22014115-029,22034215146,Malik Asad Abbas S/o Ghulam Mujtaba,Promoted,2.45,2.17,POL-422
128,Political Science,BS in Political Science,12,22014115-030,22034215147,Aisha D/o Muhammad Ashfaq,Promoted,3.12,2.88,
128,Political Science,BS in Political Science,13,22014115-031,22034215148,Ahmad Hamza Khalil S/o Muhammad Khalil,Promoted,2.71,2.61,
128,Political Science,BS in Political Science,14,22014115-035,22034215152,Hamad S/o Bashrat Ali,Promoted,1.71,2.43,
128,Political Science,BS in Political Science,15,22014115-037,22034215154,Sara D/o Muhammad Razaq,Promoted,2.7,2.82,
128,Political Science,BS in Political Science,16,22014115-038,22034215155,Bushra Fayyaz D/o Muhammad Fayyaz,Promoted,2.37,2.75,POL-329
128,Political Science,BS in Political Science,17,22014115-043,22034215162,Syed Muhammad Iqbal Shah S/o Syed Arif Hussain,Promoted,2.22,2.75,
129,Political Science,BS in Political Science,1,22021515-002,22034215057,Anroof D/o Rizwan Ahmad,Promoted,2.9,2.88,
129,Political Science,BS in Political Science,2,22021515-003,22034215058,Ali Nawaz S/o Muhammad Nawaz,Promoted,1.36,2.34,"ENG-201, POL-423"
129,Political Science,BS in Political Science,3,22021515-004,22034215059,Aneeza Khan D/o Orangzaib Khan,Promoted,2.86,2.88,
129,Political Science,BS in Political Science,4,22021515-005,22034215060,Ayesha nadeem D/o Nadeem Asif,Promoted,3.1,3.33,
129,Political Science,BS in Political Science,5,22021515-006,22034215061,Zulekha Kausar D/o Muhammad Rafiq,Promoted,3.07,3.18,
129,Political Science,BS in Political Science,6,22021515-008,22034215063,Abdul Wahab S/o Muhammad Ashraf,Promoted,2.27,2.58,IR-202
129,Political Science,BS in Political Science,7,22021515-009,22034215064,Husnain Ijaz S/o Ijaz Hussain,Promoted,2.46,2.42,
129,Political Science,BS in Political Science,8,22021515-010,22034215065,Darsameen Nadeem D/o Muhammad Nadeem,Promoted,3.28,3.08,
129,Political Science,BS in Political Science,9,22021515-011,22034215066,Zufishan D/o Ghulam mustafa Shah,Promoted,3.9,3.62,
129,Political Science,BS in Political Science,10,22021515-013,22034215068,Zohaib Akram S/o Muhammad Akram,Promoted,2.0,2.39,POL-423
129,Political Science,BS in Political Science,11,22021515-015,22034215070,Mehar Un Nisa D/o Zulifqar Ali Bajwa,Promoted,3.4,3.62,
129,Political Science,BS in Political Science,12,22021515-016,22034215071,Aqsa D/o Ilyas,Promoted,3.8,3.4,
129,Political Science,BS in Political Science,13,22021515-017,22034215072,Bushra Kousar D/o MUhammad Arif,Promoted,3.9,3.39,
129,Political Science,BS in Political Science,14,22021515-021,22034215076,Moazzam Arslan S/o Muhammad Arslan Painda Anwar,Promoted,3.22,3.13,
129,Political Science,BS in Political Science,15,22021515-022,22034215077,Muhammad Shamroz S/o Muhammad Ateeq,Promoted,2.73,2.76,
129,Political Science,BS in Political Science,16,22021515-025,22034215083,Muhammad Umer S/o Muhammad Arshad,Promoted,3.11,2.71,
129,Political Science,BS in Political Science,17,22021515-027,22034215085,Hadia Zainab D/o Zafar Raza,Promoted,3.8,3.54,
129,Political Science,BS in Political Science,18,22021515-030,22034215088,Bilal Nadeem S/o Muhammad Nadeem,Promoted,2.85,2.9,
129,Political Science,BS in Political Science,19,22021515-031,22034215089,Moosa Azeem S/o Muhammad Azeem,Promoted,2.8,2.83,
129,Political Science,BS in Political Science,20,22021515-032,22034215090,Qaseem Ali S/o Zafar Raza,Promoted,3.42,2.97,
129,Political Science,BS in Political Science,21,22021515-034,22034215092,Moqadas D/o Muhammad Khalid,Promoted,2.94,2.66,
129,Political Science,BS in Political Science,22,22021515-036,22034215094,Shan Ali S/o Muhammad Nadeem,Promoted,3.09,2.78,
129,Political Science,BS in Political Science,23,22021515-037,22034215095,Hadeel Bilal D/o Bilal Sabir,Promoted,3.08,2.87,
129,Political Science,BS in Political Science,24,22021515-038,22034215096,Noor Sarfraz D/o Sarfraz Ahmed,Promoted,3.07,3.15,
129,Political Science,BS in Political Science,25,22021515-039,22034215097,Amna Khawer D/o Khawer Saeed,Promoted,3.4,3.15,
129,Political Science,BS in Political Science,26,22021515-040,22034215098,Ali Hassan S/o Muhammad Mushtaq,Promoted,2.83,2.68,
129,Political Science,BS in Political Science,27,22021515-043,22034215101,Shoaib S/o Stephen Qaiser,Promoted,2.78,2.87,
129,Political Science,BS in Political Science,28,22021515-044,22034215102,Fatima Saher D/o Muhammad Hanif,Promoted,3.26,2.79,
129,Political Science,BS in Political Science,29,22021515-045,22034215103,Abeera D/o Muhammad Tahir Qureshi,Promoted,3.33,3.54,
129,Political Science,BS in Political Science,30,22021515-046,22034215104,Soqaina D/o Babar,Promoted,3.03,2.83,
129,Political Science,BS in Political Science,31,22021515-049,22034215107,Kainat Azeem D/o Muhammad Azeem,Promoted,2.87,2.98,
129,Political Science,BS in Political Science,32,22021515-050,22034215108,Haseeb Ansar S/o Ansar Mehmood,Promoted,3.19,2.8,
129,Political Science,BS in Political Science,33,22021515-053,22034215112,Maria D/o Asghar,Promoted,2.59,2.64,
129,Political Science,BS in Political Science,34,22021515-054,22034215114,Awais S/o Amir Hussain,Promoted,2.76,2.48,
130,Political Science,BS in Political Science,1,22814115-010,22034215140,Muhammad Ahad S/o Naveed Iqbal,Promoted,2.47,2.43,
130,Political Science,BS in Political Science,2,22814115-011,22034215142,Muhammad Hussain S/o Malik Muhammad Tariq,Promoted,2.21,2.09,
130,Political Science,BS in Political Science,3,22814115-013,22034215149,Faisal Mehmood S/o Arif Mehmood,Promoted,2.07,2.03,
131,Political Science,BS in Political Science,1,23031515-004,23001215038,Muhammad Lal Hussain S/o Jabar Abbas,Promoted,3.58,3.45,
131,Political Science,BS in Political Science,2,23031515-005,23034215039,Rida Batool D/o Rana Shahbaz Hussain Jaffri,Promoted,3.88,3.7,
131,Political Science,BS in Political Science,3,23031515-006,23034215040,Ahmad Habib S/o Habib Ur Rehman,Promoted,3.15,2.72,
131,Political Science,BS in Political Science,4,23031515-008,23034215042,Eman Fatima D/o Rana Shoukat Ali,Promoted,3.62,3.24,
131,Political Science,BS in Political Science,5,23031515-012,23034215046,Muhammad Ali Qalandar S/o Ijaz Pervaiz,Promoted,2.5,2.17,
131,Political Science,BS in Political Science,6,23031515-013,23024215047,Hifza Shabbir D/o Shabbir Ahmad,Promoted,3.26,2.38,
131,Political Science,BS in Political Science,7,23031515-014,23034215048,Zunaira Fatima D/o M Shakeel Ashraf,Promoted,3.58,3.3,
131,Political Science,BS in Political Science,8,23031515-015,23034215049,Saira Bibi D/o khalid Mehmood,Promoted,3.4,2.68,
131,Political Science,BS in Political Science,9,23031515-017,23034215051,Abdul Rehman S/o Allah Rakha,Promoted,3.52,3.09,
131,Political Science,BS in Political Science,10,23031515-020,23034215054,Hammad Ali S/o Muhammad Tafseer,Promoted,3.39,2.36,
131,Political Science,BS in Political Science,11,23031515-023,23034215057,Hassan Raza S/o Saeed Anwar,Promoted,3.44,2.95,
131,Political Science,BS in Political Science,12,23031515-024,23034215058,Mian Muhammad Hasaan S/o Muhammad Iqbal,Promoted,3.63,2.79,
131,Political Science,BS in Political Science,13,23031515-025,23034215060,AYESHA D/o SHAHBAZ AHMAD,Promoted,3.26,3.14,
131,Political Science,BS in Political Science,14,23031515-026,23034215061,LAIBA D/o GHULAM HAIDAR,Promoted,3.74,3.22,
131,Political Science,BS in Political Science,15,23031515-027,23034215062,SYEDA RIMSHA RAQEEM GILLANI D/o SYED RAQEEM JILLANI,Promoted,3.5,3.5,
131,Political Science,BS in Political Science,16,23031515-028,23034215063,IQRA ZULFIQAR ALI D/o ZULFIQAR ALI,Promoted,3.42,2.53,
131,Political Science,BS in Political Science,17,23031515-030,23034215065,SHAHROZ AMJID S/o MUHAMMAD AMJID,Promoted,3.55,3.17,
131,Political Science,BS in Political Science,18,23031515-035,23034215070,ABDULLAH GULZAR BHATTI S/o GULZAR AHMED,Promoted,3.14,2.56,
131,Political Science,BS in Political Science,19,23031515-036,23034215071,SULTAN ALI S/o CHAUDHARY FAIZ AHMED,Promoted,3.36,2.64,
131,Political Science,BS in Political Science,20,23031515-039,23034215074,AROOJ RAZZAQ D/o RAZZAQ MASIH,Promoted,3.58,3.13,
131,Political Science,BS in Political Science,21,23031515-042,23034215085,HAFIZ JUNAID ABBAS S/o MUHAMMAD ABBAS,Promoted,3.05,2.47,
131,Political Science,BS in Political Science,22,23031515-045,23034215088,MEHARMA D/o TALIB HUSSAIN,Promoted,3.34,2.85,
131,Political Science,BS in Political Science,23,23031515-050,23034215093,SABA GHAFFAR D/o ABDUL GHAFFAR,Promoted,3.88,3.03,
132,Political Science,BS in Political Science,1,23821515-001,23034215035,ZAWAR HAIDER S/o GHULAM HAIDER,Promoted,3.44,2.68,
132,Political Science,BS in Political Science,2,23821515-006,23034215052,Muhammad Abdullah Butt S/o Muhammad Bilal Butt,Promoted,3.74,3.39,
132,Political Science,BS in Political Science,3,23821515-011,23034215066,HAFIZ SHAVES S/o MUHAMMAD AYUB,Promoted,3.02,2.16,
132,Political Science,BS in Political Science,4,23821515-027,23034215086,MUHAMAMD UMAR S/o NIAMAT ALI,Promoted,2.15,2.32,GE-102
133,Political Science & International Relations,BS in Political Science,1,24031578-001,24034215007,MUHAMMAD USMAN S/o MUHAMMAD NADEEM,Promoted,3.32,2.79,
133,Political Science & International Relations,BS in Political Science,2,24031578-002,24034215008,NOMI MARIA D/o KHUSHI MASIH,Promoted,3.19,2.98,
133,Political Science & International Relations,BS in Political Science,3,24031578-003,24034215009,TIMMER IMRAN D/o IMRAN SIDDIQUE,Promoted,2.31,1.94,
133,Political Science & International Relations,BS in Political Science,4,24031578-004,24034215010,SHAMAS WAHAB S/o SHAHID IQBAL,Promoted,2.65,2.53,
133,Political Science & International Relations,BS in Political Science,5,24031578-006,24034215012,ZUMAR D/o LIAQAT ALI,Promoted,1.84,2.47,"GE-101, GE-104, GE-206"
133,Political Science & International Relations,BS in Political Science,6,24031578-008,24034215014,AHMED MASOOD S/o MUHAMMAD ARSHAD,Promoted,3.28,3.28,
133,Political Science & International Relations,BS in Political Science,7,24031578-009,24034215015,MUHAMMAD AHMAD ALI S/o MUHAMMAD YOUSAF,Promoted,3.36,2.53,
133,Political Science & International Relations,BS in Political Science,8,24031578-010,24034215016,MEHWISH D/o SHAHBAZ ALI,Promoted,2.92,2.17,
133,Political Science & International Relations,BS in Political Science,9,24031578-011,24034215017,NOOR FATIMA D/o IRFAN,Promoted,3.41,3.1,
133,Political Science & International Relations,BS in Political Science,10,24031578-012,24034215018,FATIMA FARRUKH D/o FARRUKH IQBAL,Promoted,3.59,3.19,
133,Political Science & International Relations,BS in Political Science,11,24031578-013,24034215019,HERMAIN D/o MUHAMMAD FAROOQ,Promoted,3.62,3.33,
133,Political Science & International Relations,BS in Political Science,12,24031578-014,24023215020,ABDULL QAYYUM S/o MUHAMMAD ARSHAD,Promoted,2.98,2.83,
133,Political Science & International Relations,BS in Political Science,13,24031578-018,24034215024,AMAN ASIF D/o MUHAMMAD ASIF MUGHAL,Promoted,3.51,3.48,
133,Political Science & International Relations,BS in Political Science,14,24031578-019,24034215025,SABOOR HUSSAIN S/o ZAHID HUSSAIN,Promoted,2.66,2.19,
133,Political Science & International Relations,BS in Political Science,15,24031578-020,24034215026,JAVERIA D/o QAMAR UL ISLAM,Promoted,3.35,3.07,
133,Political Science & International Relations,BS in Political Science,16,24031578-021,24034215027,SANA ARIF D/o ARIF MASIH,Promoted,3.19,2.5,
133,Political Science & International Relations,BS in Political Science,17,24031578-022,24034215028,ONEEZA D/o MALIK FAISAL,Promoted,3.27,2.71,
133,Political Science & International Relations,BS in Political Science,18,24031578-025,24034215031,SYEDA DURE SHEHWAR D/o SYED SARFRAZ HUSSAIN,Promoted,3.42,3.04,
133,Political Science & International Relations,BS in Political Science,19,24031578-028,24034215034,ADEN RIZWAN D/o RIZWAN SADIQ,Promoted,3.31,2.78,
133,Political Science & International Relations,BS in Political Science,20,24031578-030,24034215036,ALISHBA D/o SARFRAZ AHMED,Promoted,2.97,2.41,
133,Political Science & International Relations,BS in Political Science,21,24031578-031,24034215037,ANEES ALI S/o SAJJAD HAIDER,Dropped,1.13,1.48,"GE-206, SOC-101"
133,Political Science & International Relations,BS in Political Science,22,24031578-032,24034215038,YUREED ABBAS S/o LIAQAT EJAZ,Promoted,3.11,2.39,
133,Political Science & International Relations,BS in Political Science,23,24031578-038,24034215046,SYEDA NOOR D/o SYED QAISER JAMIL,Promoted,3.33,2.96,
133,Political Science & International Relations,BS in Political Science,24,24031578-039,24034215047,ZAINAB ZAFAR D/o MUHAMMAD ZAFAR,Promoted,3.01,2.56,
133,Political Science & International Relations,BS in Political Science,25,24031578-041,24034215051,KOUSAR JAVED D/o MUHAMMAD JAVED,Promoted,0.0,1.92,"GE-101, GE-201, GE-206, POL-207, POL-414, SOC-101"
133,Political Science & International Relations,BS in Political Science,26,24031578-046,24034278089,ROHAIL AHMAD S/o TARIQ MEHMOOD,Promoted,0.0,1.53,"GE-101, GE-104, GE-201, GE-206, POL-207, POL-414, SOC-101"
133,Political Science & International Relations,BS in Political Science,27,24031578-050,24034278131,SHABBAR ALI S/o TANVEER HAIDER,Promoted,2.0,1.71,
133,Political Science & International Relations,BS in Political Science,28,24031578-051,24034278132,ZAHRA KAZMI D/o SYED SHABBIR HUSSAIN,Promoted,3.44,3.37,
133,Political Science & International Relations,BS in Political Science,29,24031578-053,24034278134,AHMED RAZA S/o AZMAT FAROOQ,Promoted,1.89,1.72,POL-207
133,Political Science & International Relations,BS in Political Science,30,24031578-054,24034278135,SYEDA TAYYABA JAMIL D/o SYED JAMIL HUSSAIN SHAH,Promoted,3.62,3.15,
133,Political Science & International Relations,BS in Political Science,31,24031578-055,24034278136,MUHAMMAD JABRAN ABBAS S/o GHULAM ABBAS,Promoted,1.43,2.08,"GE-101, POL-414"
134,Political Science & International Relations,BS in Political Science,1,24831578-014,24034278087,MUHAMMAD KASHAN BUTT S/o KHALID PERVEZ BUTT,Promoted,2.05,2.05,GE-206
135,Political Science & International Relations,BS in Political Science,1,25051578-001,25034278105,MUBASHRA ARIF D/o MUHAMMAD ARIF,Promoted,3.41,3.15,
135,Political Science & International Relations,BS in Political Science,2,25051578-002,25034278106,ALEESHBA D/o MUHAMMAD MOHSAN KHAN,Promoted,3.41,3.06,
135,Political Science & International Relations,BS in Political Science,3,25051578-008,25034278112,ANEEZA SHAHZAD D/o ABID SHAHZAD ALEEM,Promoted,3.24,2.88,
135,Political Science & International Relations,BS in Political Science,4,25051578-011,25034278115,SYEDA SAIRA BATOOL D/o SYED AFZAAL HUSSAIN SHAH,Promoted,3.47,3.2,
135,Political Science & International Relations,BS in Political Science,5,25051578-012,25034278116,AZAN ASLAM S/o MUHAMMAD ASLAM,Promoted,3.41,3.08,
135,Political Science & International Relations,BS in Political Science,6,25051578-014,25034278118,MAHNOOR RASHEED D/o MUHAMMAD RASHEED,Promoted,3.54,2.89,
135,Political Science & International Relations,BS in Political Science,7,25051578-015,25034278119,SYED ADIL JAVED S/o SYED JAVED IQBAL,Promoted,3.88,3.66,
135,Political Science & International Relations,BS in Political Science,8,25051578-017,25034278121,QASIM SAAD S/o MUHAMMAD SAAD,Promoted,3.56,2.62,
135,Political Science & International Relations,BS in Political Science,9,25051578-021,25034278125,MUHAMMAD HURAIRA S/o MUHAMMAD LATIF,Promoted,3.61,3.0,
135,Political Science & International Relations,BS in Political Science,10,25051578-025,25034278129,TAYYABA D/o RAZZAQ AHMED,Promoted,3.49,3.15,
135,Political Science & International Relations,BS in Political Science,11,25051578-026,25034278130,ALEENA BIBI D/o GHULAM SAMDANI,Promoted,3.49,2.99,
135,Political Science & International Relations,BS in Political Science,12,25051578-027,25034278131,SHEEZA YOUSAF D/o YOUSAF SUMUAIL,Promoted,3.68,3.17,
135,Political Science & International Relations,BS in Political Science,13,25051578-029,25034278133,ABDUL AHAD NASIR S/o NASIR ALI,Promoted,3.41,2.95,
135,Political Science & International Relations,BS in Political Science,14,25051578-030,25034278134,ZULEKHA JAMSHAID D/o JAMSHAID AHMAD,Promoted,3.33,2.71,
135,Political Science & International Relations,BS in Political Science,15,25051578-034,25034278138,MASNA AMIR MIR S/o AMIR MIR,Promoted,3.18,2.37,
135,Political Science & International Relations,BS in Political Science,16,25051578-035,25034278139,FAIZAN MUBASHAR S/o MUBASHAR SIDDIQUE,Promoted,3.54,3.3,
135,Political Science & International Relations,BS in Political Science,17,25051578-043,25034278148,SHEHROZ AHMAD S/o NOOR AHMAD,Promoted,3.81,3.71,
135,Political Science & International Relations,BS in Political Science,18,25051578-044,2503420928001,ABU BAKER HANEEF MIAN S/o MUHAMMAD HANEEF,Promoted,2.51,2.03,GE-101
135,Political Science & International Relations,BS in Political Science,19,25051578-048,2503420928005,ABDULLAH S/o AKHTAR HUSSAIN,Promoted,3.13,2.67,
136,Political Science & International Relations,BS in Political Science,1,25831578-005,25034278110,MUHAMMAD IBRAHEEM S/o JAMAL AZAM,Promoted,2.3,2.3,GE-106
136,Political Science & International Relations,BS in Political Science,2,25831578-011,25034278122,MUSTAFA NAWAZ S/o MUHAMMAD NAWAZ,Promoted,2.18,2.17,GE-106
136,Political Science & International Relations,BS in Political Science,3,25831578-012,25034278123,HIZRA BANO D/o MUHAMMAD FAROOQ,Promoted,3.0,3.0,
136,Political Science & International Relations,BS in Political Science,4,25831578-018,25034278135,AWAIS SABIR S/o MUHAMMAD SABIR,Promoted,2.68,2.68,POL-107
136,Political Science & International Relations,BS in Political Science,5,25831578-019,25034278136,BILAL HAIDER KHAN S/o HAIDER ALI KHAN,Promoted,2.94,2.94,
136,Political Science & International Relations,BS in Political Science,6,25831578-020,25034278137,SAJAWAL KHOKHAR S/o WARIS PATRAS,Promoted,3.33,3.33,
136,Political Science & International Relations,BS in Political Science,7,25831578-021,25034278140,ABU BAKAR S/o MUHAMMAD DIN,Promoted,3.22,3.22,
136,Political Science & International Relations,BS in Political Science,8,25831578-022,25034278141,SAHIL S/o MUHAMMAD SHAHID,Promoted,3.16,3.16,
137,Psychology,BS in Psychology,1,21814111-001,21034211258,AYESHA D/o ASGHAR ALI,Promoted,2.07,2.39,
137,Psychology,BS in Psychology,2,21814111-018,21034211287,ZAINAB D/o NADEEM AKHTAR,Promoted,2.64,2.5,
138,Psychology,BS in Psychology,1,22021511-001,22034211112,Fatima D/o Amir Raza,Promoted,3.48,3.43,
138,Psychology,BS in Psychology,2,22021511-002,22034211113,Shabeel Adeem D/o Adeem Anjum,Promoted,3.4,2.99,
138,Psychology,BS in Psychology,3,22021511-003,22034211114,Manahil D/o Arshad Masih,Promoted,3.5,3.21,
138,Psychology,BS in Psychology,4,22021511-004,22034211115,Mehak D/o Iftikhar Ahmad,Promoted,3.37,2.7,
138,Psychology,BS in Psychology,5,22021511-005,22034211116,Maryum Bibi D/o Tariq Mehmood,Promoted,3.9,3.71,
138,Psychology,BS in Psychology,6,22021511-006,22034211117,Esha Butt D/o Faiq Anwar,Promoted,3.27,3.3,
138,Psychology,BS in Psychology,7,22021511-007,22034211118,Rabia Shahid D/o Shahid Bashir Dogar,Promoted,3.13,3.04,
138,Psychology,BS in Psychology,8,22021511-008,22024211119,Maham Zubair D/o Zubair Hafeez Ullah,Promoted,3.53,2.83,
138,Psychology,BS in Psychology,9,22021511-009,22034211120,Rabia Imtsal D/o Muhammad Asif,Promoted,3.47,3.22,
138,Psychology,BS in Psychology,10,22021511-010,22034211121,Ayesha D/o Akhtar Hussain,Promoted,3.3,3.42,
138,Psychology,BS in Psychology,11,22021511-012,22034211123,Fajar Maqsood D/o Muhammad Maqsood,Promoted,3.05,2.67,
138,Psychology,BS in Psychology,12,22021511-014,22034211125,Eman Fatima D/o Akhtar Hussain,Promoted,3.67,3.55,
138,Psychology,BS in Psychology,13,22021511-017,22034211128,ATTIQUE UR REHMAN S/o MUHAMMAD SADDIQUE,Promoted,3.95,3.5,
138,Psychology,BS in Psychology,14,22021511-018,22034211129,Muhammad Mursaleen Javed S/o Javed iqbal,Promoted,1.54,1.98,"PSY-316, PSY-325, PSY-406"
138,Psychology,BS in Psychology,15,22021511-019,22034211130,Sehreem D/o Samson Nasir,Promoted,3.63,3.57,
138,Psychology,BS in Psychology,16,22021511-021,22034211132,Hajra Shahid D/o Shahid Iqbal,Promoted,3.55,3.39,
138,Psychology,BS in Psychology,17,22021511-022,22034211133,Saman Javed D/o Muhammad Javed,Promoted,3.45,3.03,
138,Psychology,BS in Psychology,18,22021511-023,22034211134,Amina Fayyaz D/o Muhammad Fayyaz,Promoted,3.43,2.9,
138,Psychology,BS in Psychology,19,22021511-024,22034211135,Amesha D/o Enack Masih,Promoted,3.58,2.99,
138,Psychology,BS in Psychology,20,22021511-025,22034211136,Rija Arif D/o Muhammad Arif,Promoted,0.75,2.36,"PSY-407, PSY-408, PSY-413, PSY- 416"
138,Psychology,BS in Psychology,21,22021511-026,22034211137,Abu Bakar S/o Aman Ullah,Promoted,3.85,3.23,
138,Psychology,BS in Psychology,22,22021511-027,22034211138,Khadija Arif D/o Muhammad Arif,Promoted,3.7,3.44,
138,Psychology,BS in Psychology,23,22021511-028,22034211139,Rukhshanda D/o Khursheed Anwar,Promoted,3.58,3.22,
138,Psychology,BS in Psychology,24,22021511-030,22034211141,Areeba Khalid D/o Khalid Mehmood,Promoted,3.47,3.21,
138,Psychology,BS in Psychology,25,22021511-031,22034211142,Arooj Kainat D/o Shafaqat Ali,Promoted,2.26,2.08,
138,Psychology,BS in Psychology,26,22021511-032,22034211143,Muskan Ansar D/o Ansar Mehmood,Promoted,3.02,2.92,
138,Psychology,BS in Psychology,27,22021511-033,22034211144,Syeda Aliza Rizvi D/o Syeda Asjid Hussain Rizvi,Promoted,3.63,3.01,
138,Psychology,BS in Psychology,28,22021511-034,22034211145,Fatima Afzal D/o Muhammad Afzal Bajwa,Promoted,3.4,3.13,
138,Psychology,BS in Psychology,29,22021511-035,22034211146,Palvesha Imran D/o Imran Ismaiel,Promoted,3.25,3.18,
138,Psychology,BS in Psychology,30,22021511-036,22024211147,Nimra Qayyum D/o Abdul Qayyum Khan,Promoted,3.33,3.1,
138,Psychology,BS in Psychology,31,22021511-039,22034211150,Muqaddas Rani D/o Jamshed Ahmad,Promoted,3.35,3.23,
138,Psychology,BS in Psychology,32,22021511-040,22034211151,Momna D/o Shammas,Promoted,3.32,3.43,
138,Psychology,BS in Psychology,33,22021511-041,22034211152,Nisha Shahzadi D/o Khair Din,Promoted,2.69,2.64,
138,Psychology,BS in Psychology,34,22021511-042,22034211153,Fizzah Khan D/o Fuwad Shaheen khan,Promoted,3.7,3.6,
138,Psychology,BS in Psychology,35,22021511-043,22034211154,Neha Anwar D/o Anwar Masih,Promoted,1.99,1.7,
138,Psychology,BS in Psychology,36,22021511-044,22034211155,Iram Shehzadi D/o Haider Ali,Promoted,2.82,2.66,
138,Psychology,BS in Psychology,37,22021511-045,22034211156,Safa Akram D/o Muhammad Akram,Promoted,2.47,2.07,
138,Psychology,BS in Psychology,38,22021511-046,22034211159,Dua Fatima D/o Abdul Sajjad,Promoted,3.9,3.65,
138,Psychology,BS in Psychology,39,22021511-048,22034211161,Alia Saeed D/o Muhammad Saeed,Promoted,2.4,2.0,PSY-406
138,Psychology,BS in Psychology,40,22021511-049,22034211162,Bashaar Ahmad Bajwa S/o Asif Nadeem Bajwa,Promoted,3.23,2.82,
138,Psychology,BS in Psychology,41,22021511-050,22034211163,Muhammad Noshad S/o Muhammad Shamshad Khan,Promoted,2.97,2.94,
138,Psychology,BS in Psychology,42,22021511-051,22034211164,Eman D/o Sajid Ramzan,Promoted,1.86,2.11,PSY-406
138,Psychology,BS in Psychology,43,22021511-052,22034211193,Heera Nadeem D/o Nadeem,Promoted,2.83,2.62,
140,Psychology,BS in Psychology,1,22024111-002,22034211166,Maryam Maqsood D/o Maqsood Ahmad,Promoted,3.05,2.97,
140,Psychology,BS in Psychology,2,22024111-003,22034211167,Hina D/o Arshad,Promoted,3.13,2.8,
140,Psychology,BS in Psychology,3,22024111-004,22034211168,Faima Gul D/o Muhammad Khalil,Promoted,3.75,3.32,
140,Psychology,BS in Psychology,4,22024111-005,22034211169,Fatima Ashraf D/o Muhammad Ashraf,Promoted,3.3,2.93,
140,Psychology,BS in Psychology,5,22024111-007,22034211171,Syeda Arbab Sajid D/o Syed imdad Hussain Sajid,Promoted,3.95,3.72,
140,Psychology,BS in Psychology,6,22024111-008,22024211172,Amina Arif D/o Muhammad Arif,Promoted,2.63,2.55,
140,Psychology,BS in Psychology,7,22024111-009,22034211173,Momna D/o Saghir Ahmed,Promoted,3.58,2.95,
140,Psychology,BS in Psychology,8,22024111-010,22034211174,Basra D/o Muhammad Zahoor,Promoted,3.75,3.58,
140,Psychology,BS in Psychology,9,22024111-012,22034211176,Zartashia D/o Muhammad Yaqoob Ghuman,Promoted,3.23,3.27,
140,Psychology,BS in Psychology,10,22024111-013,22034211177,Aqeedat D/o Javed Hussain,Promoted,3.02,2.46,
140,Psychology,BS in Psychology,11,22024111-014,22034211178,Clamantine Ksashif D/o Pervez Kashif,Promoted,3.64,2.42,
140,Psychology,BS in Psychology,12,22024111-016,22034211180,Atiya Latif D/o Muhammad Latif,Promoted,3.9,3.55,
140,Psychology,BS in Psychology,13,22024111-017,22034211181,Sughran bibi D/o Muhammad Ramzan,Promoted,3.13,2.23,
140,Psychology,BS in Psychology,14,22024111-019,22034211183,Ayesha D/o Muhammad Asghar,Promoted,3.65,3.34,
140,Psychology,BS in Psychology,15,22024111-020,22034211184,Reeba Tariq D/o Muhammad Tariq Shaad,Promoted,3.12,2.77,
140,Psychology,BS in Psychology,16,22024111-021,22034211185,Maryam Jamil D/o Muhammad Jamil,Promoted,3.53,2.89,
140,Psychology,BS in Psychology,17,22024111-022,22034211186,Azka D/o Mukhtar Ali,Promoted,3.33,2.73,
140,Psychology,BS in Psychology,18,22024111-023,22034211187,Aneesa Muneer D/o Muneer Ahmad,Promoted,3.27,2.93,
140,Psychology,BS in Psychology,19,22024111-024,22034211188,Sidra D/o Hammad Raza,Promoted,2.78,1.89,
140,Psychology,BS in Psychology,20,22024111-026,22034211190,Adeeba Shahid D/o Shahid Zubair Chaudhry,Promoted,3.63,3.21,
140,Psychology,BS in Psychology,21,22024111-027,22034211191,Muhammad Saad Mazhar S/o Mazhar ul Haq,Promoted,3.33,2.91,
140,Psychology,BS in Psychology,22,22024111-030,22034211195,Syed Hanzla Karamat S/o Syed Azam Ali Shah,Promoted,3.3,2.35,
140,Psychology,BS in Psychology,23,22024111-031,22034211196,Zunaira Shahid D/o Shahid Bashir,Promoted,3.27,2.64,
141,Psychology,BS in Psychology,1,22824111-002,22034211182,Khushboo Haram D/o Muhammad Khalil,Promoted,2.67,1.99,
142,Psychology,BS in Psychology,1,23031511-002,23034211102,Malaika Mukhtar D/o Muhammad Mukhtar,Promoted,2.84,2.75,
142,Psychology,BS in Psychology,2,23031511-003,23034211103,MUHAMMAD TALHA MUNIR S/o MUHAMMAD MUNIR YOUNAS,Promoted,1.8,1.95,
142,Psychology,BS in Psychology,3,23031511-004,23034211104,Mishile Arif D/o Arif Bhatti,Promoted,2.33,2.11,
142,Psychology,BS in Psychology,4,23031511-006,23034211106,Tayyaba Batool D/o Ghafoor Ahmed,Promoted,2.46,2.64,
142,Psychology,BS in Psychology,5,23031511-007,23034211107,Khadija Riaz D/o Riaz Hussain,Promoted,2.78,2.87,
142,Psychology,BS in Psychology,6,23031511-008,23034211108,Kalsoom Khalid D/o Khalid Mehmood,Promoted,2.33,2.77,
142,Psychology,BS in Psychology,7,23031511-009,23034211109,Fatima Jameel D/o Muhammad Jameel,Promoted,4.0,3.7,
142,Psychology,BS in Psychology,8,23031511-013,23034211113,NASHAIMAN ILYAS D/o ILYAS,Promoted,2.8,2.45,
142,Psychology,BS in Psychology,9,23031511-014,23034211114,ALISHBA TASLIM D/o TASLIM GEROGE,Promoted,3.52,3.71,
142,Psychology,BS in Psychology,10,23031511-019,23024211119,AIZA SALEEM D/o MUHAMMAD SALEEM,Promoted,3.76,3.41,
142,Psychology,BS in Psychology,11,23031511-022,23034211122,ZOUM UL KALTOOS TABASSUM D/o FIAZ AHMED,Promoted,2.58,3.19,
142,Psychology,BS in Psychology,12,23031511-023,23034211123,KAINAT IFTIKHAR D/o IFTIKHAR AHMAD,Promoted,2.54,2.59,
142,Psychology,BS in Psychology,13,23031511-024,23034211124,ISHA D/o MUHAMMAD NAWAZ,Promoted,3.28,3.21,
142,Psychology,BS in Psychology,14,23031511-025,23034211125,AYESHA NASEEM D/o TAHIR NASEEM,Promoted,2.8,2.78,
142,Psychology,BS in Psychology,15,23031511-027,23034211127,RIMSHA KHAWAR D/o Khawar Habib Qureshi,Promoted,2.98,2.81,
142,Psychology,BS in Psychology,16,23031511-029,23034211130,AYESHA D/o MUHAMMAD ANWAR,Promoted,3.62,3.59,
142,Psychology,BS in Psychology,17,23031511-031,23034211132,RUQAYYA SALMAN D/o SALMAN YOUNAS,Promoted,3.56,3.56,
142,Psychology,BS in Psychology,18,23031511-033,23034211134,FATIMA YOUNAS D/o MUHAMMAD YOUNAS,Promoted,2.66,2.59,
142,Psychology,BS in Psychology,19,23031511-034,23034211135,UMME HABIBA D/o MUHAMMAD TARIQ,Promoted,3.62,3.23,
142,Psychology,BS in Psychology,20,23031511-035,23156211136,ALIHA D/o MUHAMMAD AZAM,Promoted,3.18,3.1,
142,Psychology,BS in Psychology,21,23031511-036,23034211137,MALAIKA KIRAN D/o YASIR NAZIR,Promoted,3.04,3.18,
142,Psychology,BS in Psychology,22,23031511-038,23034211139,USAMA JAVED S/o JAVED AHMED,Promoted,2.3,2.9,
142,Psychology,BS in Psychology,23,23031511-039,23034211140,ABDULLAH S/o SANAULLAH CHOHAN,Promoted,1.5,1.67,PSY-325
142,Psychology,BS in Psychology,24,23031511-040,23034211141,NOOR UL HUDA KHALIL D/o KHALIL ANWAR MANDA,Promoted,1.7,1.99,
142,Psychology,BS in Psychology,25,23031511-041,23034211142,SAMYA AZIZ D/o AZIZ AHMAD,Promoted,3.62,3.36,
142,Psychology,BS in Psychology,26,23031511-042,23034211143,NIDA QAMAR D/o MUHAMMAD NAEEM UL QAMAR,Promoted,3.46,3.6,
142,Psychology,BS in Psychology,27,23031511-044,23034211145,ZOMAR D/o MALIK FARRUKH AHSAN,Promoted,3.06,2.9,
142,Psychology,BS in Psychology,28,23031511-046,23034211147,SEHAR NAFES D/o NAFEES AHMAD,Promoted,2.86,2.98,
142,Psychology,BS in Psychology,29,23031511-047,23011211148,MATEEN EJAZ S/o EJAZ AHMED,Promoted,3.06,3.0,
142,Psychology,BS in Psychology,30,23031511-050,23034211151,ROSHNI SULTAN SIKANDER D/o SULTAN SIKANDER,Promoted,2.0,2.14,PSY-327
142,Psychology,BS in Psychology,31,23031511-051,23034211152,ASMA ABDUL QADIR D/o ABDUL QADIR,Promoted,3.1,2.95,
142,Psychology,BS in Psychology,32,23031511-053,23034211154,IQRA JAMEEL D/o M JAMEEL AHMED,Promoted,2.5,2.58,
143,Psychology,BS in Psychology,1,23821511-013,23034211116,Arooj Tabasam D/o Shamas Din,Promoted,2.17,2.42,
144,Psychology,BS in Psychology,1,24021511-001,24034211092,ABDUL WARIS S/o AFTAB BASHIR,Promoted,2.07,2.01,
144,Psychology,BS in Psychology,2,24021511-002,24034211093,ZEENAT BIBI D/o FARZAND ALI,Promoted,3.58,3.1,
144,Psychology,BS in Psychology,3,24021511-003,24034211094,AMINA BIBI D/o MUHAMMAD RAFIQUE,Promoted,3.19,2.66,
144,Psychology,BS in Psychology,4,24021511-004,24034211095,ALINA SAJJAD D/o SAJJAD AHMED,Promoted,3.36,3.03,
144,Psychology,BS in Psychology,5,24021511-005,24034211096,MUNTAHA BUTT D/o MUHAMMAD ARIF,Promoted,2.57,2.39,
144,Psychology,BS in Psychology,6,24021511-006,24034211097,AYESHA WASEEM D/o WASEEM KHAN,Promoted,2.57,1.9,
144,Psychology,BS in Psychology,7,24021511-007,24034211098,MUHAMMAD REHAN ARIF S/o MIAN MUHAMMAD ARIF,Promoted,1.17,1.93,"PSY-312, PSY-316"
144,Psychology,BS in Psychology,8,24021511-008,24034211099,BISMA SHOUQAT D/o SHOUQAT ALI,Promoted,2.49,2.32,
144,Psychology,BS in Psychology,9,24021511-009,24034211100,RAMISHA D/o HAMID YAAR,Promoted,2.99,2.75,
144,Psychology,BS in Psychology,10,24021511-010,24034211101,HUMAIRA KAMRAN D/o KAMRAN,Promoted,2.85,2.98,
144,Psychology,BS in Psychology,11,24021511-011,24034211102,JANNAT BUTT D/o ZIA ULLAH BUTT,Promoted,3.7,3.43,
144,Psychology,BS in Psychology,12,24021511-012,24034211103,MUNTAHA AMEEN D/o AMEEN,Promoted,2.59,2.49,
144,Psychology,BS in Psychology,13,24021511-013,24034211104,AMMARA QAYYUM D/o QAZI ABDUL QAYYUM,Promoted,1.58,2.0,PSY-321
144,Psychology,BS in Psychology,14,24021511-014,24034211105,AMINA BIBI D/o SHAFIQ UL REHMAN,Promoted,2.83,2.8,
144,Psychology,BS in Psychology,15,24021511-015,24034211106,FALAK EJAZ S/o EJAZ AHMED,Promoted,1.91,1.82,
144,Psychology,BS in Psychology,16,24021511-017,24034211108,HADIA ZAFAR D/o ZAFAR RASHEED,Promoted,3.55,3.15,
144,Psychology,BS in Psychology,17,24021511-018,24034211109,SAWAIRA D/o NASEER AHMAD,Promoted,3.1,2.72,
144,Psychology,BS in Psychology,18,24021511-019,24034211110,HINZA D/o MUHAMMAD SALEEM,Promoted,2.85,2.79,
144,Psychology,BS in Psychology,19,24021511-020,24034211111,FAREEHA D/o MUHAMMAD AFZAL,Dropped,0.0,1.49,"PSY-205, PSY-302, PSY-312, PSY-316, PSY-321, SOC-102"
144,Psychology,BS in Psychology,20,24021511-021,24034211112,SHANZAY MAHA D/o SAJJAD AHMED,Promoted,3.38,3.25,
144,Psychology,BS in Psychology,21,24021511-022,24034211113,MAHNOOR D/o MUHAMMAD YAQOOB,Promoted,3.01,2.78,
144,Psychology,BS in Psychology,22,24021511-023,24034211114,MAHA SULTANA D/o MAQBOOL AHMED,Promoted,3.09,2.71,
144,Psychology,BS in Psychology,23,24021511-025,24034211116,ZAINAB QUDSIA D/o KHALIQ-UZ-ZAMAN KHAN,Promoted,2.23,2.19,
144,Psychology,BS in Psychology,24,24021511-026,24034211117,ABEEHA D/o MUJTABA AHMAD,Promoted,2.25,1.95,
144,Psychology,BS in Psychology,25,24021511-027,24034211118,FIZZA HANIF D/o MUHAMMAD HANIF,Promoted,2.4,2.0,
144,Psychology,BS in Psychology,26,24021511-029,24034211120,WARISHA D/o GUL NASIR,Promoted,2.88,2.48,
144,Psychology,BS in Psychology,27,24021511-031,24034211122,MAHRUKH SHERWANI D/o SHAHBAZ AHMED KHAN SHERWANI,Promoted,2.38,2.15,
144,Psychology,BS in Psychology,28,24021511-032,24034211123,HASSAN ALI S/o MUHAMMAD ARSHAD,Promoted,3.53,3.14,
144,Psychology,BS in Psychology,29,24021511-033,24034211124,ALISHBA FAROOQ D/o FAROOQ AHMED,Promoted,3.28,3.3,PSY-302
144,Psychology,BS in Psychology,30,24021511-035,24034211126,FAREEHA SARFRAZ D/o SARFRAZ AHMED,Promoted,2.91,2.82,
144,Psychology,BS in Psychology,31,24021511-037,24034211128,AYAN AFZAL S/o MUHAMMAD AFZAL,Promoted,2.79,2.25,
144,Psychology,BS in Psychology,32,24021511-038,24034211129,AYESHA GHAFFAR D/o ABDUL GHAFFAR,Promoted,3.55,3.19,
144,Psychology,BS in Psychology,33,24021511-039,24034211130,MALIK AIAMA ANJUM D/o MUHAMMAD ANJUM,Promoted,3.35,2.7,
144,Psychology,BS in Psychology,34,24021511-040,24034211131,FIZA ARSHAD D/o ARSHAD ABBAS,Promoted,2.29,2.37,
144,Psychology,BS in Psychology,35,24021511-041,24034211132,MEHER U NISA D/o MUHAMMAD EJAZ,Promoted,3.38,3.13,
144,Psychology,BS in Psychology,36,24021511-042,24034211133,RAMZA TARIQ D/o TARIQ MAHMOOD,Promoted,1.86,2.1,GE-102
144,Psychology,BS in Psychology,37,24021511-043,24034211134,SIDRA NADEEM D/o MUHAMMAD NADEEM ASLAM,Promoted,2.49,2.18,
144,Psychology,BS in Psychology,38,24021511-044,24034211135,AYESHA D/o ZAHID IQBAL,Promoted,2.57,2.19,
144,Psychology,BS in Psychology,39,24021511-045,24034211136,LARAIB TARIQ D/o TARIQ MAHMOOD,Promoted,2.53,2.35,
144,Psychology,BS in Psychology,40,24021511-046,24034211137,MOMINA SHAHID D/o MUHAMMAD SHAHID,Promoted,3.53,2.92,
144,Psychology,BS in Psychology,41,24021511-047,24034211138,MAHNOOR D/o MUHAMMAD SHAHID,Promoted,3.65,2.91,
144,Psychology,BS in Psychology,42,24021511-049,24034211163,KHIZRA FATIMA D/o MUHAMMAD AFZAL,Promoted,2.88,2.38,
144,Psychology,BS in Psychology,43,24021511-050,24034211165,EMAN FATIMA D/o SALAMAT ALI,Promoted,3.07,2.69,
144,Psychology,BS in Psychology,44,24021511-051,24034211166,IRIJ FATIMA D/o MUHAMMAD SHAFIQUE,Promoted,1.29,1.82,"PSY-205, PSY-316"
144,Psychology,BS in Psychology,45,24021511-052,24034211173,IQRA SAJID D/o SAJID SOHAIL,Promoted,1.93,2.01,
144,Psychology,BS in Psychology,46,24021511-053,24034211198,FATIMA INAM D/o INAM UL HAQ,Promoted,3.68,3.3,
146,Psychology,BS in Psychology,1,24024111-001,24034211161,WANIA D/o BABAR BUTT,Promoted,3.7,3.31,
146,Psychology,BS in Psychology,2,24024111-002,24034211167,GHULAM FATIMA IMRAN D/o MUHAMMAD IMRAN,Promoted,3.6,3.46,
146,Psychology,BS in Psychology,3,24024111-003,24034211168,MARYAM D/o TARIQ MEHMOOD,Promoted,3.25,2.67,
146,Psychology,BS in Psychology,4,24024111-004,24034211169,NAHIM D/o STEPHEN,Promoted,3.38,3.18,
146,Psychology,BS in Psychology,5,24024111-006,24034211171,AIMEN KAMAL D/o KAMAL YOUSAF,Promoted,3.9,3.53,
146,Psychology,BS in Psychology,6,24024111-007,24034211192,NOSHABA D/o MUNAWAR HUSSAIN,Promoted,3.41,3.05,
146,Psychology,BS in Psychology,7,24024111-008,24034211194,MAHAM NOOR ALTAF D/o MUHAMMAD ALTAF,Promoted,3.3,2.96,
146,Psychology,BS in Psychology,8,24024111-009,24034211195,KHIZRA BASHARAT D/o MUHAMMAD BASHARAT,Promoted,3.6,3.3,
146,Psychology,BS in Psychology,9,24024111-010,24034211196,MOMNA D/o GHULAM DASTGEER,Promoted,2.87,2.59,
147,Psychology,BS in Psychology,1,24811511-002,24034211127,ZAINAB ANWAR D/o MUHAMMAD ANWAR MUGHAL,Promoted,2.84,2.39,
148,Psychology,BS in Psychology,1,25081511-001,25034211302,AYESHA SHAHZADI D/o MUHAMMAD AMEER,Promoted,2.93,3.14,
148,Psychology,BS in Psychology,2,25081511-002,25034211303,AYESHA SULTANA D/o MUHAMMAD IDREES,Promoted,2.48,2.79,
148,Psychology,BS in Psychology,3,25081511-003,25034211304,SARA D/o NISAR MASIH,Promoted,3.75,3.66,
148,Psychology,BS in Psychology,4,25081511-004,25034211305,SARA NAVEED BUTT D/o NAVEED BUTT,Dropped,1.29,1.49,PSY-207
148,Psychology,BS in Psychology,5,25081511-005,25034211306,MOMINA SAFDAR D/o MUHAMMAD SAFDAR,Promoted,1.64,2.11,"GE-106, PSY-207"
148,Psychology,BS in Psychology,6,25081511-006,25034211307,AMNA NADEEM D/o NADEEM BAIG,Promoted,2.16,2.3,
148,Psychology,BS in Psychology,7,25081511-007,25034211318,SEERAT FATIMA D/o MUHAMMAD BOOTA,Promoted,3.22,2.81,
148,Psychology,BS in Psychology,8,25081511-008,25034211319,MARIAM D/o MUHAMMAD ASLAM,Promoted,2.26,2.4,"GE-106, PSY-207"
148,Psychology,BS in Psychology,9,25081511-009,25034211320,AIMAN RIAZ D/o MUHAMMAD RIAZ,Promoted,2.77,2.65,
148,Psychology,BS in Psychology,10,25081511-010,25034211321,AMNA NAEEM D/o NAEEM ARIF,Promoted,3.96,3.93,
148,Psychology,BS in Psychology,11,25081511-011,25034211322,EMAN NASIR D/o NASIR AHMAD,Promoted,3.62,3.7,
148,Psychology,BS in Psychology,12,25081511-012,25034211323,MOMINA SHAHID JAVED D/o SHAHID JAVED,Promoted,2.65,2.6,PSY-207
148,Psychology,BS in Psychology,13,25081511-013,25034211324,LAIBA RAHIM D/o RAHIM AHMED,Promoted,3.63,3.53,
148,Psychology,BS in Psychology,14,25081511-014,25034211325,FAJAR SHEHZADI D/o ZULFIQAR AHMED,Promoted,2.28,2.31,PSY-207
148,Psychology,BS in Psychology,15,25081511-015,25034211326,ZAINAB D/o ARSHAD MEHMOOD,Promoted,3.46,3.06,
148,Psychology,BS in Psychology,16,25081511-016,25034211327,PAKEEZA IJAZ D/o MUHAMMAD IJAZ BUTT,Promoted,2.28,2.32,GE-106
148,Psychology,BS in Psychology,17,25081511-017,25034211328,JAWAD AHMAD S/o KHALIL AHMAD,Promoted,3.19,3.2,
148,Psychology,BS in Psychology,18,25081511-018,25034211329,MUHAMMAD HAROON RASHAD S/o RASHAD MAHMOOD,Dropped,1.27,1.45,"GE-106, PSY-207, SOC-101"
148,Psychology,BS in Psychology,19,25081511-019,25034211330,SADIA ASLAM D/o MUHAMMAD ASLAM,Promoted,1.89,1.98,"GE-106, PSY-207"
148,Psychology,BS in Psychology,20,25081511-020,25034211331,LAIBA AFZAL D/o MUHAMMAD AFZAL,Promoted,3.72,3.7,
148,Psychology,BS in Psychology,21,25081511-021,25034211332,MUHAMMAD SUBHAN TARIQ S/o MUHAMMAD TARIQ,Promoted,2.7,2.96,PSY-207
148,Psychology,BS in Psychology,22,25081511-022,25034211333,MARYAM D/o MUHAMMAD AFZAL,Promoted,2.94,2.71,
148,Psychology,BS in Psychology,23,25081511-023,25034211334,LARAIB D/o QASIM,Promoted,2.24,2.63,PSY-207
148,Psychology,BS in Psychology,24,25081511-025,25034211336,AROOJ FATIMA D/o KHALID HUSSAIN,Promoted,2.37,2.25,PSY-207
148,Psychology,BS in Psychology,25,25081511-026,25034211337,AYESHA CHAUDHARY D/o RASHEED AHMED,Promoted,3.52,3.49,
148,Psychology,BS in Psychology,26,25081511-027,25034211338,KHADIJA BIBI D/o SYED JAVED HUSSAIN,Promoted,2.42,2.34,
148,Psychology,BS in Psychology,27,25081511-028,25034211339,JAWERIA ISLAM D/o MUHAMMAD ISLAM,Promoted,3.39,3.05,
148,Psychology,BS in Psychology,28,25081511-029,25034211340,ESHA D/o NAWAZ AHMAD,Promoted,2.53,2.31,PSY-207
148,Psychology,BS in Psychology,29,25081511-031,25034211346,SYEDA TEHREEM TAHIR KAZMI D/o SHAHZADA TAHIR ABBAS KAZMI,Promoted,1.84,1.86,"GE-106, PSY-207"
148,Psychology,BS in Psychology,30,25081511-032,25034211348,AYESHA BIBI D/o MUHAMMAD BOOTA,Promoted,2.18,2.28,PSY-207
148,Psychology,BS in Psychology,31,25081511-033,25034211352,SYED ARMAAN ALI SHAH S/o AKHTAR ABBAS,Promoted,3.41,3.09,
148,Psychology,BS in Psychology,32,25081511-034,25034211357,MUHAMMAD EESA S/o LIAQAT ALI,Promoted,1.98,1.96,PSY-207
148,Psychology,BS in Psychology,33,25081511-035,25034211358,NOOR UL EMAN D/o MIRZA WAQAR NAJAM,Promoted,3.39,3.22,
148,Psychology,BS in Psychology,34,25081511-036,25034211359,MAHNOOR D/o AHMAD RAZA BHATTI,Promoted,2.25,2.22,"GE-106, PSY-207"
148,Psychology,BS in Psychology,35,25081511-037,25034211360,AMNA BIBI D/o TAHIR LATIF,Promoted,2.38,2.66,PSY-207
148,Psychology,BS in Psychology,36,25081511-039,25034211362,AIMAN NAWAZ D/o MUHAMMAD NAWAZ,Promoted,3.5,3.53,
148,Psychology,BS in Psychology,37,25081511-041,25034211364,SADIA WAHEED D/o WAHEED AHMED,Promoted,2.73,2.74,
148,Psychology,BS in Psychology,38,25081511-043,25034211366,SUMBAL D/o SALAH UD DIN,Promoted,3.68,3.7,
148,Psychology,BS in Psychology,39,25081511-045,25034211368,ARFA ZAINAB D/o GHULAM MUSTAFA,Promoted,2.04,1.94,PSY-207
148,Psychology,BS in Psychology,40,25081511-046,25034211369,NEHDIA D/o MUHAMMAD BOOTA,Promoted,1.92,1.94,"GE-106, PSY-207"
148,Psychology,BS in Psychology,41,25081511-047,25034211370,MINAHIL AZEEM D/o MUHAMMAD AZEEM,Promoted,2.69,2.85,
148,Psychology,BS in Psychology,42,25081511-048,25034211371,HAIQA MIR D/o ZAHEER AHMED,Promoted,3.82,3.67,
148,Psychology,BS in Psychology,43,25081511-049,25034211372,MAHRUKH SAMI D/o SAMIULLAH,Promoted,3.8,3.62,
148,Psychology,BS in Psychology,44,25081511-051,25034211374,NAYAB D/o PARVAIZ MASIH,Promoted,3.26,3.11,
148,Psychology,BS in Psychology,45,25081511-052,25034211375,MEERAB SALEEM D/o SALEEM KHUSHI MASIH,Promoted,3.13,2.98,
148,Psychology,BS in Psychology,46,25081511-053,25034211376,SAMI ULLAH S/o MUHAMMAD AZAM MUNIR,Promoted,1.92,1.76,PSY-207
148,Psychology,BS in Psychology,47,25081511-054,25034211377,FIZA ALI D/o AMIR MEHMOOD,Promoted,2.86,2.85,
148,Psychology,BS in Psychology,48,25081511-055,25034211378,SARA SHEHZADI D/o SALAH UD DIN,Promoted,3.83,3.75,
149,Psychology,BS in Psychology,49,25081511-056,25034211379,KANEEZ UM UL BANIN D/o SAFDAR ALI,Promoted,2.39,2.14,
149,Psychology,BS in Psychology,50,25081511-057,25034211382,AMNA BUTT D/o FAROOQ AHMED BUTT,Promoted,3.5,3.39,
149,Psychology,BS in Psychology,51,25081511-058,25034211383,AMNA BILAL D/o MUHAMMAD BILAL,Promoted,2.47,2.64,PSY-207
149,Psychology,BS in Psychology,52,25081511-059,25034211384,WARDA NOOR D/o NADEEM ABBAS,Promoted,2.49,2.41,PSY-207
149,Psychology,BS in Psychology,53,25081511-060,25034211385,IQRA BIBI D/o ARIF ALI,Promoted,2.83,2.61,
149,Psychology,BS in Psychology,54,25081511-061,25034211386,FAIQA GHAFAR D/o ABDUL GHAFAR,Promoted,3.24,3.24,
149,Psychology,BS in Psychology,55,25081511-062,25034211387,BINISH SHAHID D/o SHAHID MEHMOOD,Promoted,2.93,3.15,
149,Psychology,BS in Psychology,56,25081511-063,25034211388,INSHA D/o NADEEM ANJUM,Promoted,2.01,2.38,PSY-207
149,Psychology,BS in Psychology,57,25081511-064,25034211389,ALEESHA D/o LOUIS GEORGE,Promoted,3.88,3.64,
149,Psychology,BS in Psychology,58,25081511-066,25034211392,AMNA MIR D/o WAJID MIR,Promoted,2.21,2.19,
149,Psychology,BS in Psychology,59,25081511-067,25034211430,IBTSAM D/o SHAHID MEHMOOD,Promoted,2.77,2.56,PSY-207
149,Psychology,BS in Psychology,60,25081511-068,25034211432,SEHAR D/o ABDUL QADEER,Promoted,2.32,2.02,PSY-207
149,Psychology,BS in Psychology,61,25081511-069,25034211433,SAMEEN D/o KHALID MEHMOOD,Promoted,2.76,2.52,GE-106
149,Psychology,BS in Psychology,62,25081511-070,25034211435,SYEDA RIMSHA BATOOL D/o AMJID HUSSAIN,Promoted,1.38,1.55,"GE-106, PSY-207, SOC-101"
150,Psychology,BS in Psychology,1,25831511-001,25034211335,HUMERA D/o MUHAMMAD AKRAM,Dropped,1.17,1.17,"GE-106, GE-205, PSY-207"
150,Psychology,BS in Psychology,2,25831511-002,25034211341,HAJRA BUTT D/o QASIM IQBALBUTT,Promoted,1.71,1.71,PSY-207
150,Psychology,BS in Psychology,3,25831511-003,25034211361,SAWERA MALIK D/o MAJID HUSSAIN,Promoted,1.61,1.61,"GE-205, PSY-207"
150,Psychology,BS in Psychology,4,25831511-006,25034211390,MEHAK IMRAN D/o IMRAN SABER,Promoted,1.57,1.57,"GE-106, PSY-207"
151,Statistics,BS in Statistics,1,21021513-006,21034213141,NIRDAM AMIN D/o MUHAMMAD AMIN,Promoted,3.89,3.29,
151,Statistics,BS in Statistics,2,21021513-010,21034213146,MUHAMMAD ZUBAIR S/o MUHAMMAD ABBAS,Promoted,3.7,2.42,
152,Statistics,BS in Statistics,1,21831513-008,21024213169,MUHAMMAD HUSNAIN KHAN S/o MUHAMMAD AFZAL KHAN,Promoted,3.4,2.47,
153,Statistics,BS in Statistics,1,22021513-001,22034213078,Sadia Batool D/o Muhammad Boota,Promoted,3.54,3.01,
153,Statistics,BS in Statistics,2,22021513-002,22034213079,Kainat D/o Muhammad Tariq Butt,Promoted,3.71,3.35,
153,Statistics,BS in Statistics,3,22021513-003,22034213080,Arslan Rafaqat S/o Rafaqat Ali,Promoted,2.94,1.95,STAT-417
153,Statistics,BS in Statistics,4,22021513-004,22034213081,Ali Haider S/o Amjad Pervaiz,Promoted,3.75,3.04,
153,Statistics,BS in Statistics,5,22021513-005,22034213082,Muhammad Usman S/o Rehmat Ullah,Promoted,3.43,2.6,
153,Statistics,BS in Statistics,6,22021513-007,22034213084,Khadija D/o Falk Sher,Promoted,3.58,2.95,
153,Statistics,BS in Statistics,7,22021513-009,22034213086,Fayash Nadeem Butt S/o Nadeem Younas Butt,Promoted,3.77,3.33,
153,Statistics,BS in Statistics,8,22021513-011,22034213088,Saqib Zaman S/o Muhammad Tariq,Promoted,3.36,2.54,
153,Statistics,BS in Statistics,9,22021513-015,22034213092,Ayesha D/o Muhammad Akram,Promoted,3.72,3.17,
153,Statistics,BS in Statistics,10,22021513-016,22034213093,Muhammad Usama S/o Muhammad Farooq,Promoted,3.66,2.92,
153,Statistics,BS in Statistics,11,22021513-017,22034213094,Sadia Mehmood D/o Mehmood Ahmed Tass,Promoted,3.66,2.91,
153,Statistics,BS in Statistics,12,22021513-021,22034213098,Moazzam Ijaz S/o Ijaz Ahmed,Promoted,3.28,1.99,
154,Statistics,BS in Statistics,1,23031513-005,23034213039,Insam Shahzadi D/o Safdar Baig,Promoted,3.18,2.75,
154,Statistics,BS in Statistics,2,23031513-007,23034213041,Umar Shahzad S/o Shahzad Mushtaq,Promoted,2.32,2.1,STS-307
154,Statistics,BS in Statistics,3,23031513-008,23034213042,Sehar Sadheer D/o Muhammad Sadheer,Promoted,3.64,2.98,
154,Statistics,BS in Statistics,4,23031513-009,23034213043,Rida Zainab D/o Ikhlaq Ashraf,Promoted,3.52,2.89,
154,Statistics,BS in Statistics,5,23031513-011,23034213045,Anum Rashid D/o Muhammad Rashid,Promoted,3.82,3.14,
154,Statistics,BS in Statistics,6,23031513-012,23034213046,Haseeb Ishaaq Tahir S/o Muhammad Ishaaq,Promoted,2.98,2.85,
154,Statistics,BS in Statistics,7,23031513-015,23034213049,Tabeer Manzer D/o Manzer Iqbal,Promoted,3.5,2.95,
154,Statistics,BS in Statistics,8,23031513-016,23034213060,MARYAM JAMIL D/o MUHAMMAD JAMIL,Promoted,2.94,2.81,
154,Statistics,BS in Statistics,9,23031513-018,23034213062,SHAHZINA MEHAK D/o SHAMSHAD ALI,Promoted,3.15,2.61,
154,Statistics,BS in Statistics,10,23031513-021,23034213065,ALI HUSSAIN S/o MUHAMMAD LIAQAT,Promoted,3.07,2.42,
155,Statistics,BS in Statistics,1,23821513-007,23034213048,Mohsin Ali S/o Shahzad Ahmad,Promoted,2.78,2.9,STS-307
156,Statistics,BS in Statistics,1,24021513-001,24034213024,SAJAWAL RIAZ MUGHAL S/o MUHAMMAD RIAZ,Promoted,3.12,2.68,
156,Statistics,BS in Statistics,2,24021513-003,24034213026,ASHA SHEHZADI D/o RAJKUMAR,Promoted,3.15,3.21,
156,Statistics,BS in Statistics,3,24021513-004,24034213027,MUHAMMAD SHAHZAIB S/o BANARAS ALI,Promoted,2.58,2.51,
156,Statistics,BS in Statistics,4,24021513-007,24034213032,ABDUL MOMIN S/o MUHAMMAD TUFAIL,Promoted,2.95,2.56,
156,Statistics,BS in Statistics,5,24021513-008,24034213033,SHOZAB ALI S/o TAHIR ABBAS,Promoted,2.71,2.54,
156,Statistics,BS in Statistics,6,24021513-009,24034213034,ABDUL HADDI S/o MUHAMMAD AFZAL,Promoted,3.03,3.21,
156,Statistics,BS in Statistics,7,24021513-011,24034213037,SHAMA BIBI D/o JAHANGIR,Promoted,3.29,3.19,
156,Statistics,BS in Statistics,8,24021513-013,24034213041,MINAHEL NASEER D/o MUHAMMAD NASEER,Promoted,3.46,3.33,
156,Statistics,BS in Statistics,9,24021513-014,24034213042,AENA BILAL D/o BILAL AHMED,Promoted,3.31,2.83,
156,Statistics,BS in Statistics,10,24021513-015,24034213043,ABAID UL REHMAN S/o LIAQAT ALI,Promoted,3.06,2.54,
156,Statistics,BS in Statistics,11,24021513-016,24034213044,AROOJ BIBI D/o MUHAMMAD AKRAM,Promoted,3.64,3.37,
157,Statistics,BS in Statistics,1,24821513-002,24034213025,ALI HAIDER S/o ZAFAR IQBAL,Dropped,1.16,1.42,"GE-205, STS-204"
158,Statistics,BS in Statistics,1,25051513-001,25034213091,LAIBA D/o ASIF MEHMOOD,Promoted,3.15,3.31,
158,Statistics,BS in Statistics,2,25051513-002,25034213092,SYEDA HORAB D/o IMRAN MEHMOOD,Promoted,2.92,2.94,
158,Statistics,BS in Statistics,3,25051513-003,25034213093,DAUD HASSAN S/o AFTAB AHMAD,Promoted,3.56,3.41,
158,Statistics,BS in Statistics,4,25051513-004,25034213094,HANIA D/o MUHAMMAD SAMEER TAJ,Promoted,3.46,3.47,
158,Statistics,BS in Statistics,5,25051513-007,25034213097,MEHREEN BIBI D/o ZAHID IQBAL,Promoted,2.97,2.93,
158,Statistics,BS in Statistics,6,25051513-008,25034213098,KHADIJA BIBI D/o MUHAMMAD ASIF,Promoted,3.16,3.28,
158,Statistics,BS in Statistics,7,25051513-009,25034213099,HABIB ULLAH GORAYA S/o MANZOOR AHMED GORAYA,Promoted,2.64,2.76,
158,Statistics,BS in Statistics,8,25051513-011,25034213101,MARYAM AZHAR D/o MUHAMMAD AZHAR BUTT,Promoted,3.19,3.09,
158,Statistics,BS in Statistics,9,25051513-013,25034213103,MOIZ ALI S/o KHALID PERVAIZ,Promoted,3.47,3.46,
158,Statistics,BS in Statistics,10,25051513-014,25034213104,FAREEHA SHEHZADI D/o GHULAM MURTAZA,Promoted,3.25,3.33,
158,Statistics,BS in Statistics,11,25051513-015,25034213105,RABIA SHAHZADI D/o ANJUM SHAHZAD,Promoted,2.96,2.88,
158,Statistics,BS in Statistics,12,25051513-016,25034213106,FATIMA HANIF D/o MUHAMMAD HANIF,Promoted,3.47,3.3,
158,Statistics,BS in Statistics,13,25051513-018,25034213108,ABDULLAH SHAHZAD S/o MUHAMMAD SHAHZAD,Promoted,3.19,3.0,
158,Statistics,BS in Statistics,14,25051513-019,25034213109,ZAINAB BATOOL D/o JAFER RAZA,Promoted,3.19,3.31,
158,Statistics,BS in Statistics,15,25051513-021,25034213111,MEHTAB FATIMA D/o MUHAMMAD ASGHAR,Promoted,3.16,3.07,
158,Statistics,BS in Statistics,16,25051513-022,25034213112,AYESHA TANVIR D/o TANVIR HUSSAIN,Promoted,3.33,3.37,
158,Statistics,BS in Statistics,17,25051513-024,25034213114,BISMA D/o SHAHID MEHMOOD,Promoted,2.49,2.24,STS-103
159,Statistics,BS in Statistics,1,25831513-005,25034213113,AHMED RAFIQUE S/o MUHAMMAD RAFIQUE,Promoted,2.39,2.39,
160,Urdu,BS in Urdu,1,20814125-001,21034225008,Shahana Gill D/o Shahid Gill,Promoted,2.42,2.6,POL-101
161,Urdu,BS in Urdu,1,21011525-012,21034225025,MUZAMMAL HUSSAIN S/o MUHAMMAD SHAKOOR,Promoted,3.1,2.9,
161,Urdu,BS in Urdu,2,21011525-034,21034225047,TAYYABA RANI D/o AHMED ALI,Promoted,3.56,2.92,
162,Urdu,BS in Urdu,1,21014125-049,21034225117,SARA ARBAB D/o ASGHAR ALI,Promoted,3.22,3.41,
163,Urdu,BS in Urdu,1,21811525-008,21034225041,FIZZA ARIF D/o MUHAMMAD ARIF,Promoted,2.95,2.96,
163,Urdu,BS in Urdu,2,21811525-009,21034225042,HASSAN RAZA S/o SUBTAIN RAZA,Promoted,1.9,2.6,
163,Urdu,BS in Urdu,3,21811525-011,21034225056,TOOBA RASOOL D/o GHULAM RASOOL,Promoted,2.5,2.82,
163,Urdu,BS in Urdu,4,21811525-013,21034225060,HUMA ANWAR D/o MUHAMMAD ANWAR CHEEMA,Promoted,3.4,2.66,
163,Urdu,BS in Urdu,5,21811525-016,21034225066,MUHAMMAD TAYYAB TAHIR S/o UMAR ULLAH JAWAD,Promoted,2.64,2.59,
164,Urdu,BS in Urdu,1,21814125-002,21024225070,MAMOONA TANVEER D/o TANVEER-UL-HASSAN SHAHID,Promoted,2.0,2.7,
164,Urdu,BS in Urdu,2,21814125-013,21034225088,UMAIMA SHAHID D/o SHAHID MEHMOOD,Promoted,1.5,2.74,
164,Urdu,BS in Urdu,3,21814125-036,21034225119,ANTASHA KANWAL D/o SHAHID SIDDIQUE,Promoted,2.84,2.93,
165,Urdu,BS in Urdu,1,22011525-001,22034225001,Hadia D/o Shahid Mahmood,Promoted,3.47,2.76,
165,Urdu,BS in Urdu,2,22011525-003,22034225003,Fatima D/o Abdul Majeed,Promoted,3.65,3.15,
165,Urdu,BS in Urdu,3,22011525-005,22034225005,Lubna Sadaq D/o Muhammad Sadaq Bhatti,Promoted,3.95,3.26,
165,Urdu,BS in Urdu,4,22011525-006,22034225006,Syeda Fatima D/o Syed Waris Ali Shah,Promoted,4.0,3.52,
165,Urdu,BS in Urdu,5,22011525-007,22034225007,Savaira D/o Muhammad Ilyas,Promoted,4.0,3.53,
165,Urdu,BS in Urdu,6,22011525-010,22024225010,Khadija Ramzan D/o Muhammad Ramzan,Promoted,3.55,3.07,
165,Urdu,BS in Urdu,7,22011525-011,22034225011,Shabana Yaseen D/o Ghulam Yaseen,Promoted,4.0,3.59,
165,Urdu,BS in Urdu,8,22011525-012,22034225012,Muhammad Kashif S/o Muhammad Ameen,Promoted,3.25,2.48,
165,Urdu,BS in Urdu,9,22011525-013,22034225013,Hafsa Anwar D/o Muhammad Anwar,Promoted,3.9,3.38,
165,Urdu,BS in Urdu,10,22011525-015,22034225015,Muqadis D/o Zafar Iqbal,Promoted,3.85,3.18,
165,Urdu,BS in Urdu,11,22011525-016,22034225016,Inam ul Rehman S/o Arshid Ali,Promoted,3.8,3.27,
165,Urdu,BS in Urdu,12,22011525-021,22034225021,Syed Usman Haider Shah S/o Tariq Hussain Shah,Promoted,3.53,2.91,
165,Urdu,BS in Urdu,13,22011525-025,22034225025,Ibn-e-Ali Haider S/o Syed Safdar Hussain Shah,Promoted,3.8,3.42,
165,Urdu,BS in Urdu,14,22011525-027,22034225027,Rehan Ahmad S/o Shabbir Ahmed,Promoted,3.45,3.01,
165,Urdu,BS in Urdu,15,22011525-030,22034225030,Muhammad Umar S/o Muhammad Anwar,Promoted,3.85,3.22,
165,Urdu,BS in Urdu,16,22011525-031,22034225031,Afzaal Ashraf S/o Muhammad Ashraf,Promoted,3.58,2.69,
165,Urdu,BS in Urdu,17,22011525-032,22034225032,Atiqa Shehzad D/o Shehzad Ahmed,Promoted,3.74,3.29,
165,Urdu,BS in Urdu,18,22011525-033,22034225033,Aan Nishat D/o Muhammad Nishat,Promoted,3.8,3.18,
165,Urdu,BS in Urdu,19,22011525-034,22034225034,Mamoona Niaz D/o Muhammad Niaz,Promoted,3.43,3.23,
165,Urdu,BS in Urdu,20,22011525-035,22034225035,Izzat D/o Muhammad Nishat,Promoted,3.75,2.88,
165,Urdu,BS in Urdu,21,22011525-037,22034225037,Umme Laila D/o Syed Shahid Abbas,Promoted,3.75,3.08,
165,Urdu,BS in Urdu,22,22011525-038,22034225038,Jannat Bibi D/o Muhammad Shreef Shad,Promoted,3.55,3.07,
165,Urdu,BS in Urdu,23,22011525-039,22034225039,MEMOONA SAJID MEHMOOD D/o Sajid Mehmood,Promoted,3.9,3.55,
165,Urdu,BS in Urdu,24,22011525-040,22034225040,Quratullian Fatima D/o Muhammad Shahid,Promoted,3.8,3.07,
165,Urdu,BS in Urdu,25,22011525-043,22034225043,Sumaira Bibi D/o Muhammad Akhter,Promoted,3.7,3.22,
165,Urdu,BS in Urdu,26,22011525-045,22034225045,Maria Amjad D/o Muhammad Amjad,Promoted,3.65,3.03,
165,Urdu,BS in Urdu,27,22011525-047,22034225047,Sameer Sohail S/o Iftikhar Ahmed,Promoted,3.22,2.77,
165,Urdu,BS in Urdu,28,22011525-048,22034225048,Iqra D/o Muhammad Abbas,Promoted,3.63,3.36,
165,Urdu,BS in Urdu,29,22011525-049,22034225049,Zanib Bibi D/o Zafar ullah,Promoted,3.28,3.07,
165,Urdu,BS in Urdu,30,22011525-052,22034225052,Zainab Fatima D/o Ilyas Hussain Shah,Promoted,3.65,3.38,
166,Urdu,BS in Urdu,1,22014125-001,22034225053,Muqaddas Arif D/o Arif Gill,Promoted,2.67,2.58,URDU-407
166,Urdu,BS in Urdu,2,22014125-002,22034225054,Sabira Sajid D/o Sajid Ayoub,Promoted,3.95,3.58,
166,Urdu,BS in Urdu,3,22014125-003,22034225055,Tehreem Abbas D/o Ghulam Abbas,Promoted,3.53,3.25,
166,Urdu,BS in Urdu,4,22014125-005,22034225057,Tabish D/o Patras Anthony,Promoted,3.68,3.25,
166,Urdu,BS in Urdu,5,22014125-007,22034225059,Tayyba Tariq D/o Muhammad Tariq,Promoted,3.65,2.88,
166,Urdu,BS in Urdu,6,22014125-009,22034225061,Nazakat Ali S/o Liaqat Ali,Promoted,3.38,2.6,
166,Urdu,BS in Urdu,7,22014125-010,22034225062,Tayyab Ali S/o Hanif Ahmad,Promoted,3.6,2.76,
166,Urdu,BS in Urdu,8,22014125-012,22034225064,Makhdoma Arshad D/o Muhammad Arshad,Promoted,3.75,3.04,
167,Urdu,BS in Urdu,1,22811525-001,22024225008,Mareeha Fatima D/o Shamas Din,Promoted,3.95,3.15,
167,Urdu,BS in Urdu,2,22811525-016,22024225041,Zeenat Munawar D/o Munawar Hussain,Promoted,3.03,2.67,
168,Zoology,BS in Zoology,1,21024114-013,21034214245,MAFIA ANWAR D/o MUHAMMAD ANWAR,Promoted,4.0,3.13,
168,Zoology,BS in Zoology,2,21024114-038,21034214270,RABIA BIBI D/o KHALID MEHMOOD,Promoted,1.0,2.78,
168,Zoology,BS in Zoology,3,21024114-040,21034214272,AYESHA EMMAN D/o MUHAMMAD ZAFEER AHMAD,Promoted,3.13,2.49,
169,Zoology,BS in Zoology,1,21814114-007,21034214257,RIMSHA RAZZAQ D/o MUHAMMAD RAZZAQ,Promoted,3.3,2.88,
169,Zoology,BS in Zoology,2,21814114-008,21024214275,Nadiya Habib D/o HABIB ULLAH,Promoted,2.73,2.69,
170,Zoology,BS in Zoology,1,22021514-001,22034214116,Mubarra D/o Gulzar Ahmed,Promoted,3.64,3.6,
170,Zoology,BS in Zoology,2,22021514-002,22034214117,Sharoon Yaqoob S/o Yaqoob Masih,Promoted,3.6,3.27,
170,Zoology,BS in Zoology,3,22021514-003,22034214118,Hafiz Abdul Manan Akhtar S/o Muhammad Akhtar,Promoted,3.62,3.5,
170,Zoology,BS in Zoology,4,22021514-006,22024214121,Seemab Usman D/o Usman Haider,Promoted,3.03,3.15,
170,Zoology,BS in Zoology,5,22021514-008,22034214123,Maida Hayat D/o Muhammad Salman Shahzada,Promoted,3.64,3.55,
170,Zoology,BS in Zoology,6,22021514-009,22034214124,Momina Tahir D/o Tahir Khursheed,Promoted,3.88,3.52,
170,Zoology,BS in Zoology,7,22021514-010,22034214125,Tania Begum D/o Amjad Pervaiz,Promoted,3.94,3.64,
170,Zoology,BS in Zoology,8,22021514-011,22034214126,Uswa Tariq D/o TARIQ MEHMOOD,Promoted,3.3,3.02,
170,Zoology,BS in Zoology,9,22021514-012,22034214127,Sadaf Umar D/o Umar Hayat,Promoted,2.87,2.62,
170,Zoology,BS in Zoology,10,22021514-013,22034214128,Muhammad Usman S/o Asghar Ali,Promoted,3.56,3.47,
170,Zoology,BS in Zoology,11,22021514-014,22034214129,Maryam Shabbir D/o Shabbir Hussain,Promoted,3.52,3.32,
170,Zoology,BS in Zoology,12,22021514-015,22034214130,Sheryl Richard Hamilton D/o Richard Hamilton,Promoted,3.58,3.22,
170,Zoology,BS in Zoology,13,22021514-016,22034214131,Yashab Anayat S/o Anayat Masih,Promoted,3.2,3.06,
170,Zoology,BS in Zoology,14,22021514-017,22034214132,UMME HABIBA D/o ZAFAR IQBAL,Promoted,3.48,3.04,
170,Zoology,BS in Zoology,15,22021514-019,22034214134,Aiman D/o Muhammad Anwar Mughal,Promoted,3.73,3.06,
170,Zoology,BS in Zoology,16,22021514-020,22034214135,Maha Noor D/o Razzaq Hussain,Promoted,3.94,3.65,
170,Zoology,BS in Zoology,17,22021514-021,22034214136,Meerab D/o Louis George,Promoted,3.68,3.29,
170,Zoology,BS in Zoology,18,22021514-022,22034214137,Zoya D/o Samsoon George,Promoted,3.82,3.67,
170,Zoology,BS in Zoology,19,22021514-023,22034214138,Zunaira Komal D/o Zulfiqar Ali Qaiser,Promoted,3.68,3.68,
170,Zoology,BS in Zoology,20,22021514-024,22034214139,Infal Fazal D/o Fazal Dad,Promoted,3.66,3.49,
170,Zoology,BS in Zoology,21,22021514-025,22034214140,Ashfa Kanwal D/o Muhammad Ashraf Awan,Promoted,3.86,3.54,
170,Zoology,BS in Zoology,22,22021514-027,22034214142,Kiran Fatima Khan D/o Irshad Ahmad Khan,Promoted,3.94,3.4,
170,Zoology,BS in Zoology,23,22021514-030,22034214145,Aroob Shahzad D/o Shahzad Ahmad,Promoted,3.94,3.54,
170,Zoology,BS in Zoology,24,22021514-031,22034214146,Ambreen Firdous D/o Muhammad Younis,Promoted,3.86,3.37,
170,Zoology,BS in Zoology,25,22021514-032,22034214147,Farah Rehman D/o Abdul Rehman,Promoted,3.82,3.64,
170,Zoology,BS in Zoology,26,22021514-033,22034214148,Hijab Unsa D/o Muhammad Nawaz,Promoted,3.74,3.36,
170,Zoology,BS in Zoology,27,22021514-034,22034214149,Ayesha Jamil D/o Muhammad Jamil,Promoted,3.68,3.31,
170,Zoology,BS in Zoology,28,22021514-035,22034214150,Laiba Rani D/o Khalil Ahmed,Promoted,3.54,3.31,
170,Zoology,BS in Zoology,29,22021514-036,22024214151,Maryam Razzaq D/o Abdul Razzaq Shakir,Promoted,3.47,3.18,
170,Zoology,BS in Zoology,30,22021514-037,22034214152,Aniqa Shehzadi D/o Rana Ansar Mehmood,Promoted,3.76,3.7,
170,Zoology,BS in Zoology,31,22021514-038,22034214153,Ziha D/o Naveed Akhtar Alam,Promoted,3.58,3.4,
170,Zoology,BS in Zoology,32,22021514-039,22034214154,Zanib Arshad D/o Arshad Ali,Promoted,3.8,3.25,
170,Zoology,BS in Zoology,33,22021514-040,22024214155,Abira Shahzad D/o Shahzad Khurram,Promoted,3.39,2.76,
170,Zoology,BS in Zoology,34,22021514-041,22034214156,Bisma D/o Muhammad Pervez,Promoted,3.66,3.05,
170,Zoology,BS in Zoology,35,22021514-042,22034214157,Maryam Shahzadi D/o Basharat Ali,Promoted,3.7,3.43,
170,Zoology,BS in Zoology,36,22021514-044,22034214159,Cecilia Gill D/o Salamat Masih,Promoted,3.76,3.32,
170,Zoology,BS in Zoology,37,22021514-045,22034214160,Shabnam Sawera D/o Muhammad Ashraf,Promoted,3.46,3.01,
170,Zoology,BS in Zoology,38,22021514-047,22034214163,Fatima Tahir D/o Tahir Nadeem,Promoted,3.38,3.05,
170,Zoology,BS in Zoology,39,22021514-048,22034214164,Alishba D/o Muhammad Sajjad,Promoted,3.6,3.41,
170,Zoology,BS in Zoology,40,22021514-049,22034214165,Sana Riaz D/o Riaz Bhatti,Promoted,3.68,3.34,
170,Zoology,BS in Zoology,41,22021514-050,22034214167,Esha D/o Muhammad Akbar,Promoted,3.8,3.51,
170,Zoology,BS in Zoology,42,22021514-053,22034214170,Muhammad Saqib S/o Tariq Mehmood,Promoted,3.33,3.23,
170,Zoology,BS in Zoology,43,22021514-054,22034214171,Awais S/o Muhammad Ishfaq,Promoted,3.7,3.57,
170,Zoology,BS in Zoology,44,22021514-055,22034214172,Syeda Aneeza Naqvi D/o Syed Liaqat Ali Shah,Promoted,3.82,3.15,
172,Zoology,BS in Zoology,1,22024114-001,22034214173,Adden Ijaz Ahmad D/o Ijaz Ahmad,Promoted,3.78,3.14,
172,Zoology,BS in Zoology,2,22024114-002,22034214174,Ayesha Bibi D/o Amanat Ali,Promoted,3.83,3.33,
172,Zoology,BS in Zoology,3,22024114-003,22034214175,Sheeza Karamat D/o Karamat Bhatti,Promoted,3.17,2.93,
172,Zoology,BS in Zoology,4,22024114-004,22034214176,Mehar Nigar D/o Muhammad Afzal,Promoted,2.95,2.77,ZOO-361
172,Zoology,BS in Zoology,5,22024114-005,22034214177,Nida Maqsood D/o Maqsood Ahmad,Promoted,3.56,2.95,
172,Zoology,BS in Zoology,6,22024114-007,22034214179,Maryam Afzal D/o Muhammad Afzal Mehmood Akbar,Promoted,3.52,2.61,
172,Zoology,BS in Zoology,7,22024114-010,22034214182,Bushra Arif D/o Muhammad Arif,Promoted,2.95,2.63,ZOO-466
172,Zoology,BS in Zoology,8,22024114-012,22034214184,Muhammad Ali S/o Muhammad Tariq,Promoted,3.66,3.32,
172,Zoology,BS in Zoology,9,22024114-014,22034214186,Ume Kalsoom D/o Munir Ahmed,Promoted,3.89,3.63,
172,Zoology,BS in Zoology,10,22024114-015,22034214187,Ume Habiba D/o Munir Ahmed,Promoted,3.94,3.52,
172,Zoology,BS in Zoology,11,22024114-016,22034214188,Maha Batool D/o Rasheed Ahmad,Promoted,3.15,2.65,
172,Zoology,BS in Zoology,12,22024114-020,22034214192,Muhammad Abdullah S/o Muhammad Safdar,Promoted,3.19,2.95,ZOO-361
172,Zoology,BS in Zoology,13,22024114-021,22034214193,Subhan Ihsan S/o Ihsanullah,Promoted,3.76,3.1,
172,Zoology,BS in Zoology,14,22024114-023,22034214195,Rimza Khanum D/o Safi ullah khan Lodhi,Promoted,3.76,3.47,
172,Zoology,BS in Zoology,15,22024114-024,22034214196,Mahnoor Khan D/o Abaid Ullah Khan,Promoted,3.83,3.42,
172,Zoology,BS in Zoology,16,22024114-027,22034214199,Shabab Haider S/o Amanat Ali Balagan,Promoted,3.89,3.32,
172,Zoology,BS in Zoology,17,22024114-028,22034214200,Khadija Kiran D/o Muhammad Azam,Promoted,3.81,3.17,
172,Zoology,BS in Zoology,18,22024114-029,22034214201,Muskan Saleem D/o Muhammad Saleem,Promoted,3.64,3.14,
172,Zoology,BS in Zoology,19,22024114-031,22034214203,Mahnoor D/o Muhammad Waseem,Promoted,3.55,3.09,
172,Zoology,BS in Zoology,20,22024114-034,22034214206,Hamid Mehmood S/o Khalid Mehmood,Promoted,3.94,3.37,
172,Zoology,BS in Zoology,21,22024114-035,22034214207,Tuba Imtiaz D/o Imtiaz Alam,Promoted,3.94,3.49,
173,Zoology,BS in Zoology,1,22814114-003,22034214183,Iqra Shakeel D/o Nasir Shakeel Ahmad,Promoted,3.11,2.65,
173,Zoology,BS in Zoology,2,22814114-006,22034214194,Suleman S/o Jang Bahadur,Promoted,3.42,2.77,
173,Zoology,BS in Zoology,3,22814114-010,22034214204,Armana Roomi D/o Nasir Hafeez Mayo,Promoted,3.74,3.15,
174,Zoology,BS in Zoology,1,22821514-005,22034214158,Tayyaba Batool D/o Muhammad Akmal,Promoted,3.8,3.16,
175,Zoology,BS in Zoology,1,23021514-001,23034214103,Rimsha D/o Abdul Razzaq,Promoted,3.78,3.24,
175,Zoology,BS in Zoology,2,23021514-003,23034214105,Rimsha Kanwal D/o Muhammad Ajmal,Promoted,3.9,3.47,
175,Zoology,BS in Zoology,3,23021514-004,23024214106,Layba Hussain D/o Ghulam Hussain,Promoted,3.62,2.87,
175,Zoology,BS in Zoology,4,23021514-005,23034214107,Ayesha D/o Khalid Mehmood Dar,Promoted,3.72,3.3,
175,Zoology,BS in Zoology,5,23021514-006,23024214108,Laiba Afzal D/o Muhammad Afzal,Promoted,3.56,2.66,
175,Zoology,BS in Zoology,6,23021514-007,23034214109,Mishal Maqsood D/o Maqsood Ahmed,Promoted,3.86,3.2,
175,Zoology,BS in Zoology,7,23021514-008,23034214110,ANEES AHMED S/o MUHAMMAD KHALID,Promoted,3.52,2.68,
175,Zoology,BS in Zoology,8,23021514-009,23034214111,Memouna Mobeen D/o MUBEENURRASOOL,Promoted,3.83,3.38,
175,Zoology,BS in Zoology,9,23021514-010,23034214112,SABA ZULFIQAR D/o MUHAMMAD ZULFIQAR,Promoted,3.75,3.43,
175,Zoology,BS in Zoology,10,23021514-011,23034214113,KSHAF ABBAS D/o MUHAMMAD ABBAS,Promoted,3.67,3.19,
175,Zoology,BS in Zoology,11,23021514-012,23034214114,RIMSHA FIAZ D/o MUHAMMAD FIAZ,Promoted,3.37,2.89,
175,Zoology,BS in Zoology,12,23021514-013,23034214115,Ameer Hamza D/o Muhammad Saleh,Promoted,3.44,2.96,ZOO-412
175,Zoology,BS in Zoology,13,23021514-014,23034214116,Muhammad Ahad S/o Nisar Hussain,Promoted,3.43,2.74,
175,Zoology,BS in Zoology,14,23021514-015,23034214117,Haider Ali S/o Ehsan Elahi Khokhar,Promoted,3.85,3.22,
175,Zoology,BS in Zoology,15,23021514-017,23034214119,Sajid Ali S/o Muhammad Ashraf,Promoted,3.44,2.73,
175,Zoology,BS in Zoology,16,23021514-019,23034214121,Syed Hassan Abbas Naqvi S/o Shahzada Nadeem Abbas,Promoted,3.82,3.42,
175,Zoology,BS in Zoology,17,23021514-020,23034214122,Muhammad Kibriya Qamar Butt S/o Muhammad Iqbal Butt,Promoted,3.5,2.89,
175,Zoology,BS in Zoology,18,23021514-021,23034214123,Siman Gill S/o Lazir Grifen,Promoted,3.61,3.01,
175,Zoology,BS in Zoology,19,23021514-022,23034214124,Faizan Anwar S/o Malik Anwar Saeed Awan,Promoted,3.6,2.98,
175,Zoology,BS in Zoology,20,23021514-023,23034214125,MAHA MUNIR D/o MUHAMMAD MUNIR,Promoted,3.85,3.2,
175,Zoology,BS in Zoology,21,23021514-024,23034214126,SHAIMA SHAHZADI D/o ZAFAR IQBAL,Promoted,3.78,3.4,
175,Zoology,BS in Zoology,22,23021514-025,23034214127,HADIQA D/o JUNAID YOUSAF,Promoted,3.69,2.92,
175,Zoology,BS in Zoology,23,23021514-026,23034214128,EZA KHALIL GILL D/o KHALIL GILL,Promoted,3.65,2.89,
175,Zoology,BS in Zoology,24,23021514-027,23034214129,WARDA D/o ABID HUSSAIN,Promoted,3.72,3.13,
175,Zoology,BS in Zoology,25,23021514-028,23034214130,ARZOO IMRAN D/o MUHAMMAD IMRAN,Promoted,3.93,3.72,
175,Zoology,BS in Zoology,26,23021514-029,23034214131,HIFZA BATOOL D/o MUNAWAR HUSSAIN,Promoted,3.29,2.75,
175,Zoology,BS in Zoology,27,23021514-033,23024214135,MUJASAM ALI S/o MUHAMMAD ASLAM,Promoted,3.66,3.07,
175,Zoology,BS in Zoology,28,23021514-035,23034214137,ABEEHA QAMAR D/o QAMAR JAMAL,Promoted,2.98,2.03,
175,Zoology,BS in Zoology,29,23021514-036,23034214138,SADIA NASEER D/o NASEER AHMED,Promoted,3.79,3.29,
175,Zoology,BS in Zoology,30,23021514-037,23034214139,AREEBA AYYAZ D/o MUHAMMAD AYYAZ ARSHAD,Promoted,3.81,3.48,
175,Zoology,BS in Zoology,31,23021514-038,23024214140,ALEESHA BIBI D/o WARIS ALI,Promoted,2.74,2.28,"ZOO-312, ZOO-358"
175,Zoology,BS in Zoology,32,23021514-039,23034214141,AMOOS S/o EMANUEL,Promoted,3.72,3.1,
175,Zoology,BS in Zoology,33,23021514-041,23034214143,NOREEN AKHTAR D/o MUHAMMAD ARSHAD,Promoted,3.58,2.87,
175,Zoology,BS in Zoology,34,23021514-042,23034214144,KAINAT D/o MUHAMMAD SALEEM,Promoted,3.65,2.98,
175,Zoology,BS in Zoology,35,23021514-043,23034214145,WAJIHA ZAINAB D/o AKHTAR ALI,Promoted,3.88,3.25,
175,Zoology,BS in Zoology,36,23021514-044,23034214146,MARYAM RANI D/o GHULAM MIRAN,Promoted,3.72,3.24,
175,Zoology,BS in Zoology,37,23021514-045,23034214147,MALAIKA IDREES D/o MUHAMMAD IDREES,Promoted,3.85,3.22,
175,Zoology,BS in Zoology,38,23021514-046,23034214148,LAIBA SAJID D/o MUHAMMAD SAJID MEHMOOD,Promoted,3.87,3.52,
175,Zoology,BS in Zoology,39,23021514-047,23034214149,ABRAR AHMED RAFIQUE S/o MUHAMMAD RAFIQUE,Promoted,3.85,3.45,
175,Zoology,BS in Zoology,40,23021514-048,23034214150,MUHAMMAD DANIYAL ATTARI S/o REHAN QAMAR,Promoted,3.87,3.45,
175,Zoology,BS in Zoology,41,23021514-049,23034214151,AYESHA D/o ASIF,Promoted,3.68,3.2,
175,Zoology,BS in Zoology,42,23021514-051,23034214153,UMAR RIAZ S/o MUHAMMAD RIAZ,Promoted,3.84,3.43,
175,Zoology,BS in Zoology,43,23021514-054,23024214156,ALIZA AMJAD D/o MUHAMMAD AMJAD,Promoted,3.58,2.9,
175,Zoology,BS in Zoology,44,23021514-055,23034214157,MIAN ALEEM NADEEM RANJHA S/o MIAN MUHAMMAD NADEEM,Promoted,3.82,3.44,
177,Zoology,BS in Zoology,1,24021514-001,24034214107,KASHAF BATOOL D/o QAISER ABBAS,Promoted,3.54,3.33,
177,Zoology,BS in Zoology,2,24021514-003,24034214109,SADIA D/o SHAKIR,Promoted,2.97,3.23,
177,Zoology,BS in Zoology,3,24021514-004,24034214110,ZOYA TARIQ D/o TARIQ HADIYAT,Promoted,3.05,2.9,
177,Zoology,BS in Zoology,4,24021514-005,24034214111,ALEENA NOOR D/o TAYYAB HUSSAIN,Promoted,3.34,3.33,
177,Zoology,BS in Zoology,5,24021514-007,24034214113,SARA SIDDIQUE D/o MUHAMMAD SIDDIQUE,Promoted,3.34,3.05,
177,Zoology,BS in Zoology,6,24021514-008,24034214114,ALISHA BATOOL D/o SALEEM ABBAS SEHGAL,Promoted,3.44,3.36,
177,Zoology,BS in Zoology,7,24021514-011,24034214117,SAMIYA ASIF D/o ASIF ALI,Promoted,3.13,3.22,
177,Zoology,BS in Zoology,8,24021514-012,24034214118,BISMA JAVAID D/o JAVAID HUSSAIN,Promoted,2.75,2.91,
177,Zoology,BS in Zoology,9,24021514-014,24034214120,RIMSHA JAMIL D/o MUHAMMAD JAMIL,Promoted,3.13,2.78,
177,Zoology,BS in Zoology,10,24021514-017,24034214123,AMNA D/o MUHAMMAD AKRAM BUTT,Promoted,3.41,3.21,
177,Zoology,BS in Zoology,11,24021514-018,24034214124,MUSKAN SARWAR D/o GHULAM SARWAR,Promoted,3.24,3.07,
177,Zoology,BS in Zoology,12,24021514-020,24034214126,TAIBA D/o MUHAMMAD ARIF,Promoted,2.65,2.53,
177,Zoology,BS in Zoology,13,24021514-023,24034214129,ZOHOR NASURALLAH D/o NASURALLAH NOOR,Promoted,0.19,2.31,"GE-204, ZOO-207, ZOO-208, ZOO-306, ZOO-352, ZOO-466, ZOO-473"
177,Zoology,BS in Zoology,14,24021514-024,24034214130,EMAN FATEMA D/o ZULFIQAR ALI,Promoted,2.64,2.78,
177,Zoology,BS in Zoology,15,24021514-025,24034214131,MUHAMMAD SAEED S/o MUHAMMAD ASIF,Promoted,2.74,3.08,
177,Zoology,BS in Zoology,16,24021514-026,24034214132,MAHIK IRSHAD D/o IRSHAD AHMAD,Promoted,2.88,2.15,ZOO-466
177,Zoology,BS in Zoology,17,24021514-027,24034214133,HIFZA MEHMOOD D/o MEHMOOD AHMED,Promoted,3.42,3.35,
177,Zoology,BS in Zoology,18,24021514-028,24034214134,TOOBA D/o TAHIR MEHMOOD,Promoted,3.39,3.26,
177,Zoology,BS in Zoology,19,24021514-029,24034214135,AQSA D/o ABDUL ISLAM,Promoted,3.86,3.7,
177,Zoology,BS in Zoology,20,24021514-030,24034214136,KASHAF FATIMA D/o QAISER ABBAS,Promoted,3.48,3.45,
177,Zoology,BS in Zoology,21,24021514-031,24034214137,LAIBA D/o ZULFIQAR ALI,Promoted,2.91,2.54,
177,Zoology,BS in Zoology,22,24021514-032,24034214138,MAHNOOR D/o SAJID NAZIR,Promoted,2.83,2.63,
177,Zoology,BS in Zoology,23,24021514-033,24034214139,ALEESHA LIAQAT D/o LIAQAT ALI,Promoted,3.51,3.38,
177,Zoology,BS in Zoology,24,24021514-034,24034214140,IQRA KHALID D/o KHALID HUSSAIN,Promoted,2.9,2.52,
177,Zoology,BS in Zoology,25,24021514-035,24034214141,EMAN FATIMA D/o MUHAMMAD AKHTAR ALI,Promoted,2.58,2.63,ZOO-352
177,Zoology,BS in Zoology,26,24021514-037,24034214145,MUSKAN ARSHAD D/o ARSHAD ALI,Promoted,3.05,2.8,
177,Zoology,BS in Zoology,27,24021514-042,24034214150,MATEEN HASSAN S/o MUHAMMAD ABID,Promoted,2.75,2.3,
177,Zoology,BS in Zoology,28,24021514-043,24034214151,KIRAN YOUNAS D/o MUHAMMAD YOUNAS,Promoted,3.76,3.42,
177,Zoology,BS in Zoology,29,24021514-044,24034214152,MOBEEN RAMZAN D/o MUHAMMAD RAMZAN,Promoted,2.82,2.56,
177,Zoology,BS in Zoology,30,24021514-045,24034214153,KASHFIA SHAKEEL D/o SHAKEEL AMJAD,Promoted,3.27,2.8,
177,Zoology,BS in Zoology,31,24021514-047,24034214155,MUZAMAL RAHSID D/o RASHID MEHMOOD,Promoted,3.34,2.87,
178,Zoology,BS in Zoology,1,24821514-004,24034214154,KHAWAJA GHULAM BAHOO S/o KHAWAJA TARIQ ALI,Promoted,2.13,2.06,ZOO-466
178,Zoology,BS in Zoology,2,24821514-005,24034214159,MUHAMMMAD JAWAD ASLAM S/o MUHAMMAD ASLAM,Promoted,2.62,2.48,
178,Zoology,BS in Zoology,3,24821514-008,24034214108,MUHAMMAD HAMID RAFIQUE S/o CHOUDHRY MUHAMMAD RAFIQUE,Promoted,2.48,2.42,
179,Zoology,BS in Zoology,1,25061514-001,25034214077,ALISHBA AKRAM D/o MUHAMMAD AKRAM,Promoted,2.91,3.11,BOT-103
179,Zoology,BS in Zoology,2,25061514-002,25034214078,SANIHA D/o STEPHEN,Promoted,3.71,3.66,
179,Zoology,BS in Zoology,3,25061514-004,25034214080,UM E HABIBA D/o MUHAMMAD ARSHAD,Promoted,3.24,2.86,
179,Zoology,BS in Zoology,4,25061514-005,25034214081,RAJEENA D/o NAEEM INAYAT,Promoted,3.26,3.13,
179,Zoology,BS in Zoology,5,25061514-006,25034214082,FAZEEN SAWERA D/o MUHAMMAD SHAHBAZ,Promoted,3.37,3.11,
179,Zoology,BS in Zoology,6,25061514-007,25034214083,MAHEEN BUTT D/o NADEEM AHMED BUTT,Dropped,0.44,1.27,"BOT-103, CHEM-103, GE-201, GE-205, ZOO- 213, ZOO-474"
179,Zoology,BS in Zoology,7,25061514-008,25034214084,MARYAM SHAHZADI D/o MUHAMMAD WARIS,Promoted,3.49,3.37,
179,Zoology,BS in Zoology,8,25061514-009,25034214085,BISMA BILAL D/o BILAL AHMED,Promoted,3.45,3.4,
179,Zoology,BS in Zoology,9,25061514-010,25034214086,RIMSHA ASLAM D/o MUHAMMAD ASLAM,Promoted,3.59,3.52,
179,Zoology,BS in Zoology,10,25061514-011,25034214087,FATIMA NOOR D/o MUHAMMAD SHABBIR,Promoted,3.65,3.6,
179,Zoology,BS in Zoology,11,25061514-012,25034214088,SEHAR D/o MUHAMMAD ARSHAD,Promoted,3.67,3.55,
179,Zoology,BS in Zoology,12,25061514-013,25034214089,ALEENA FATIMA D/o HUSSNAIN MURTAZA,Promoted,3.35,3.34,
179,Zoology,BS in Zoology,13,25061514-014,25024214090,TOOBA SHARMEEN D/o BASHARAT ALI,Promoted,2.9,2.92,
179,Zoology,BS in Zoology,14,25061514-015,25034214091,GHULAM FATIMA D/o USMAN YOUSAF,Promoted,3.66,3.55,
179,Zoology,BS in Zoology,15,25061514-016,25034214092,UM-E-KALSOOM D/o EJAZ AHMED,Promoted,3.47,3.29,
179,Zoology,BS in Zoology,16,25061514-017,25034214093,AREEBA D/o TALIB HUSSAIN,Promoted,3.63,3.52,
179,Zoology,BS in Zoology,17,25061514-018,25034214094,ANOOSHA KHALID D/o KHALID MAHMOOD,Promoted,3.88,3.64,
179,Zoology,BS in Zoology,18,25061514-019,25034214095,SANA D/o MUHAMMAD SHABBIR,Promoted,3.58,3.53,
179,Zoology,BS in Zoology,19,25061514-020,25034214096,HAMNA NASEEM D/o MUHAMMAD NASEEM,Promoted,3.61,3.48,
179,Zoology,BS in Zoology,20,25061514-021,25034214097,EMAN FATIMA D/o ABIDALI,Promoted,3.51,3.48,
179,Zoology,BS in Zoology,21,25061514-022,25034214098,MERAL SAJID D/o SAJID HUSSAIN,Promoted,3.66,3.28,
179,Zoology,BS in Zoology,22,25061514-023,25034214099,HAMNA D/o MUHAMMAD IMRAN,Promoted,3.67,3.47,
179,Zoology,BS in Zoology,23,25061514-024,25034214100,ALEHA D/o SHAHID PERVAIZ,Promoted,3.54,3.27,
179,Zoology,BS in Zoology,24,25061514-026,25034214102,NABEELA NUSRAT D/o MUHAMMAD SHEHBAZ,Promoted,3.74,3.67,
179,Zoology,BS in Zoology,25,25061514-027,25034214103,AYESHA PARVEEN D/o NASIR MEHMOOD,Promoted,3.78,3.61,
180,Centre for Languages and Translation Studies,BS Urdu,1,23031517-002,23034217213,Eman Yousaf D/o Muhammad Yousaf,Promoted,3.73,3.32,
180,Centre for Languages and Translation Studies,BS Urdu,2,23031517-003,23034217214,Mehrab D/o Gulam Qadar,Promoted,3.43,3.03,
180,Centre for Languages and Translation Studies,BS Urdu,3,23031517-004,23034217215,Saneha Noor D/o Muhammad Rukhsar,Promoted,3.68,3.12,
180,Centre for Languages and Translation Studies,BS Urdu,4,23031517-005,23034217216,Zeenat Fatima D/o Amjad Ali,Promoted,3.62,3.15,
180,Centre for Languages and Translation Studies,BS Urdu,5,23031517-006,23034217217,Maryam Tariq D/o Tariq Mehmood,Promoted,3.43,2.99,
180,Centre for Languages and Translation Studies,BS Urdu,6,23031517-007,23034217218,HINA NAZ D/o MUHAMMAD SALEEM,Promoted,3.38,3.11,
180,Centre for Languages and Translation Studies,BS Urdu,7,23031517-009,23034217220,MISHAL D/o AKBAR JAMIL,Promoted,3.32,2.92,
180,Centre for Languages and Translation Studies,BS Urdu,8,23031517-010,23034217221,UMMAY LAILA D/o MUHAMMAD ARIF JAFRI,Promoted,3.21,2.87,
180,Centre for Languages and Translation Studies,BS Urdu,9,23031517-011,23034217222,KOMAL SHEHZADI D/o SHAMAS ZAMAN GHUMMAN,Promoted,2.16,2.52,
180,Centre for Languages and Translation Studies,BS Urdu,10,23031517-013,23034217224,ASIA MAQBOOL D/o MAQBOOL HUSSAIN,Promoted,3.18,2.93,
180,Centre for Languages and Translation Studies,BS Urdu,11,23031517-014,23034217225,AENI TARIQ D/o TARIQ MASIH,Promoted,2.63,2.75,
180,Centre for Languages and Translation Studies,BS Urdu,12,23031517-015,23034217226,MIRA KALSOOM D/o MUHAMMAD BOOTA,Promoted,3.35,2.97,
180,Centre for Languages and Translation Studies,BS Urdu,13,23031517-018,23034217229,SGEER AHMAD S/o ABDUL SHAKOOR,Promoted,3.57,3.15,
180,Centre for Languages and Translation Studies,BS Urdu,14,23031517-023,23034217234,SYEDA SALEHA D/o SYED FALAK SHER SHAH,Promoted,2.9,2.55,
180,Centre for Languages and Translation Studies,BS Urdu,15,23031517-025,23034217236,KINZA SHEHZADI D/o MUNEER AHMAD,Promoted,2.97,2.26,
180,Centre for Languages and Translation Studies,BS Urdu,16,23031517-027,23034217238,MAHPARA D/o LABRAIZ AHMAD KALEEM,Promoted,2.7,2.38,
180,Centre for Languages and Translation Studies,BS Urdu,17,23031517-029,23034217240,ESHA KOUSAR D/o ASIF MEHMOOD,Promoted,3.55,2.85,
180,Centre for Languages and Translation Studies,BS Urdu,18,23031517-030,23034217241,RIMSHA D/o MUHAMMAD RAMZAN,Promoted,3.75,2.88,
180,Centre for Languages and Translation Studies,BS Urdu,19,23031517-035,23034217246,MANAZA BATOOL D/o AZMAT ALI,Promoted,3.03,2.92,GE-205
180,Centre for Languages and Translation Studies,BS Urdu,20,23031517-036,23034217247,AREEBA SAMI D/o SAMI ULLAH,Promoted,3.65,2.87,
180,Centre for Languages and Translation Studies,BS Urdu,21,23031517-038,23034217249,AROOJ FATIMA D/o GULZAR AHMED,Promoted,2.77,2.36,
180,Centre for Languages and Translation Studies,BS Urdu,22,23031517-041,23034217252,SIDRA ASHRAF D/o MUHAMMAD ASHRAF,Promoted,3.06,2.86,GE-205
180,Centre for Languages and Translation Studies,BS Urdu,23,23031517-042,23034217253,ZARNAB FATIMA D/o NIAMAT ALI,Promoted,2.94,2.47,
180,Centre for Languages and Translation Studies,BS Urdu,24,23031517-043,23034217254,BUSHRA ILYAS D/o MUHAMMAD ILYAS,Promoted,2.97,2.68,GE-205
180,Centre for Languages and Translation Studies,BS Urdu,25,23031517-044,23034217255,FAJAR BIBI D/o AMJAD HUSSAIN,Promoted,3.8,3.23,
180,Centre for Languages and Translation Studies,BS Urdu,26,23031517-045,23034217256,MINAL D/o MUHAMMAD ANWAR,Promoted,3.42,2.83,
180,Centre for Languages and Translation Studies,BS Urdu,27,23031517-047,23034217258,HAROON ALI GHUMMAN S/o AMJAD ALI GHUMMAN,Promoted,3.3,2.95,GE-205
180,Centre for Languages and Translation Studies,BS Urdu,28,23031517-048,23034217259,MUNEEB UL HASSAN S/o MUHAMMAD NAEEM ULLAH,Promoted,1.25,1.81,"URDU-306, URDU-309, URDU-311"
180,Centre for Languages and Translation Studies,BS Urdu,29,23031517-050,23034217261,RABIA SHAHZADI D/o AFTAB HUSSAIN,Promoted,3.14,2.53,
180,Centre for Languages and Translation Studies,BS Urdu,30,23031517-055,23034217266,AHAD ALI S/o ABDUL RAZZAQ,Promoted,3.0,2.45,
181,Centre for Languages and Translation Studies,BS Urdu,1,23821517-006,23034217237,NABEELA ZAINAB D/o SYED TAJJAMMAL HUSSAIN SHAH,Promoted,2.84,2.44,
181,Centre for Languages and Translation Studies,BS Urdu,2,23821517-008,23034217251,ZEENAT BEGUM D/o SHER NADIR,Promoted,2.73,2.58,
181,Centre for Languages and Translation Studies,BS Urdu,3,23821517-010,23034217227,SYED HIZAR RAZA S/o ALI RAZA,Promoted,2.14,2.26,
181,Centre for Languages and Translation Studies,BS Urdu,4,23821517-011,23002217233,ABDUL REHMAN S/o MUHAMMAD NAEEEM,Promoted,2.65,2.75,
181,Centre for Languages and Translation Studies,BS Urdu,5,23821517-012,23034217263,SAIDANA TARIQ D/o TARIQ YOUSAF,Dropped,0.25,0.25,"URDU-306, URDU-308, URDU-309, URDU- 310, URDU-311"
182,Centre for Languages and Translation Studies,BS Urdu,1,24031517-003,24034217156,AYESHA SADDIQUE D/o MUHAMMAD SADDIQUE,Promoted,2.77,2.74,GE-205
182,Centre for Languages and Translation Studies,BS Urdu,2,24031517-007,24034217160,SHAMOON SADIQ S/o SADIQ MASIH,Promoted,2.68,2.21,GE-207
182,Centre for Languages and Translation Studies,BS Urdu,3,24031517-008,24034217161,HINA D/o QASIER ABBAS,Promoted,2.09,1.85,URDU-203
182,Centre for Languages and Translation Studies,BS Urdu,4,24031517-012,24034217165,SAMAND BIBI D/o MUHAMMAD ARSHAD,Promoted,2.45,2.45,"GE-205, GE-207"
182,Centre for Languages and Translation Studies,BS Urdu,5,24031517-019,24034217172,ANAM KHALIL D/o MUHAMMAD KHALIL RANA,Promoted,3.09,2.66,
182,Centre for Languages and Translation Studies,BS Urdu,6,24031517-020,24034217173,EZZA D/o BINYAMIN GHORI,Promoted,3.27,2.76,
182,Centre for Languages and Translation Studies,BS Urdu,7,24031517-023,24034217176,NOOR UL AIN D/o RAHAT HUSSAIN,Promoted,3.82,3.57,
182,Centre for Languages and Translation Studies,BS Urdu,8,24031517-025,24034217179,RAIBA D/o SAFDAR IQBAL KHAN,Promoted,3.5,3.35,
182,Centre for Languages and Translation Studies,BS Urdu,9,24031517-031,24034217229,MUNEEBA IQBAL D/o MUHAMMAD IQBAL,Promoted,3.13,3.06,
182,Centre for Languages and Translation Studies,BS Urdu,10,24031517-032,24034217230,PAKEEZA ANSAR D/o ANSAR ALI,Promoted,2.45,2.49,
182,Centre for Languages and Translation Studies,BS Urdu,11,24031517-035,24034217233,FATIMA BIBI D/o MUHAMMAD RAMZAN,Promoted,3.61,3.22,
182,Centre for Languages and Translation Studies,BS Urdu,12,24031517-036,24034217234,SIDRA S/o AKBAR ALI,Promoted,3.5,2.67,
182,Centre for Languages and Translation Studies,BS Urdu,13,24031517-038,24034217236,FATIMA SHABBIR D/o SHABBIR AHMED,Promoted,2.66,2.57,URDU-203
183,Centre for Languages and Translation Studies,BS Urdu,1,24821517-006,24034217180,AQSA D/o SAFDAR IQBAL,Promoted,3.73,3.48,
183,Centre for Languages and Translation Studies,BS Urdu,2,24821517-011,24034217231,MOMNA BAJWA D/o ZAHID SHAHBAZ BAJWA,Promoted,3.45,3.14,
